{"parent":"minecraft:item/generated","textures":{"layer0":"minecraft:item/apple"},"overrides":[{"predicate":{"custom_model_data":1350001},"model":"lunareclipse.food:item/snack/chocolate_bar"},{"predicate":{"custom_model_data":1350002},"model":"lunareclipse.food:item/snack/creme_cookie"},{"predicate":{"custom_model_data":1350003},"model":"lunareclipse.food:item/snack/apple_pie"},{"predicate":{"custom_model_data":1350004},"model":"lunareclipse.food:item/misc/fried_egg"},{"predicate":{"custom_model_data":1350005},"model":"lunareclipse.food:item/sandwich/chicken_sandwich"},{"predicate":{"custom_model_data":1350006},"model":"lunareclipse.food:item/sandwich/cod_sandwich"},{"predicate":{"custom_model_data":1350007},"model":"lunareclipse.food:item/sandwich/egg_sandwich"},{"predicate":{"custom_model_data":1350008},"model":"lunareclipse.food:item/sandwich/hamburger"},{"predicate":{"custom_model_data":1350009},"model":"lunareclipse.food:item/sandwich/mutton_sandwich"},{"predicate":{"custom_model_data":1350010},"model":"lunareclipse.food:item/sandwich/pork_sandwich"},{"predicate":{"custom_model_data":1350011},"model":"lunareclipse.food:item/sandwich/rabbit_sandwich"},{"predicate":{"custom_model_data":1350012},"model":"lunareclipse.food:item/sandwich/salmon_sandwich"},{"predicate":{"custom_model_data":1350013},"model":"lunareclipse.food:item/snack/marshmallow"},{"predicate":{"custom_model_data":1350014},"model":"lunareclipse.food:item/sandwich/honey_and_jelly_sandwich"}]}