{
  "parent": "item/generated",
  "textures": {
    "layer0": "item/bow"
  },
  "display": {
    "thirdperson_righthand": {
      "rotation": [
        -80,
        260,
        -40
      ],
      "translation": [
        -1,
        -2,
        2.5
      ],
      "scale": [
        0.9,
        0.9,
        0.9
      ]
    },
    "thirdperson_lefthand": {
      "rotation": [
        -80,
        -280,
        40
      ],
      "translation": [
        -1,
        -2,
        2.5
      ],
      "scale": [
        0.9,
        0.9,
        0.9
      ]
    },
    "firstperson_righthand": {
      "rotation": [
        0,
        -90,
        25
      ],
      "translation": [
        1.13,
        3.2,
        1.13
      ],
      "scale": [
        0.68,
        0.68,
        0.68
      ]
    },
    "firstperson_lefthand": {
      "rotation": [
        0,
        90,
        -25
      ],
      "translation": [
        1.13,
        3.2,
        1.13
      ],
      "scale": [
        0.68,
        0.68,
        0.68
      ]
    }
  },
  "overrides": [
    {
      "predicate": {
        "pulling": 1
      },
      "model": "item/bow_pulling_0"
    },
    {
      "predicate": {
        "pulling": 1,
        "pull": 0.65
      },
      "model": "item/bow_pulling_1"
    },
    {
      "predicate": {
        "pulling": 1,
        "pull": 0.9
      },
      "model": "item/bow_pulling_2"
    },
    {
      "model": "lunareclipse.cosmetics:item/tools/cookie/bow",
      "predicate": {
        "custom_model_data": 1350001
      }
    },
    {
      "model": "lunareclipse.cosmetics:item/tools/cookie/bow_pulling_0",
      "predicate": {
        "custom_model_data": 1350001,
        "pulling": 1
      }
    },
    {
      "model": "lunareclipse.cosmetics:item/tools/cookie/bow_pulling_1",
      "predicate": {
        "custom_model_data": 1350001,
        "pulling": 1,
        "pull": 0.65
      }
    },
    {
      "model": "lunareclipse.cosmetics:item/tools/cookie/bow_pulling_2",
      "predicate": {
        "custom_model_data": 1350001,
        "pulling": 1,
        "pull": 0.9
      }
    },

    {
      "model": "lunareclipse.cosmetics:item/tools/foliage/bow",
      "predicate": {
        "custom_model_data": 1350002
      }
    },
    {
      "model": "lunareclipse.cosmetics:item/tools/foliage/bow_pulling_0",
      "predicate": {
        "custom_model_data": 1350002,
        "pulling": 1
      }
    },
    {
      "model": "lunareclipse.cosmetics:item/tools/foliage/bow_pulling_1",
      "predicate": {
        "custom_model_data": 1350002,
        "pulling": 1,
        "pull": 0.65
      }
    },
    {
      "model": "lunareclipse.cosmetics:item/tools/foliage/bow_pulling_2",
      "predicate": {
        "custom_model_data": 1350002,
        "pulling": 1,
        "pull": 0.9
      }
    },

    {
      "model": "lunareclipse.cosmetics:item/tools/midnight/bow",
      "predicate": {
        "custom_model_data": 1350003
      }
    },
    {
      "model": "lunareclipse.cosmetics:item/tools/midnight/bow_pulling_0",
      "predicate": {
        "custom_model_data": 1350003,
        "pulling": 1
      }
    },
    {
      "model": "lunareclipse.cosmetics:item/tools/midnight/bow_pulling_1",
      "predicate": {
        "custom_model_data": 1350003,
        "pulling": 1,
        "pull": 0.65
      }
    },
    {
      "model": "lunareclipse.cosmetics:item/tools/midnight/bow_pulling_2",
      "predicate": {
        "custom_model_data": 1350003,
        "pulling": 1,
        "pull": 0.9
      }
    },

    {
      "model": "lunareclipse.cosmetics:item/tools/adventurer/bow",
      "predicate": {
        "custom_model_data": 1350004
      }
    },
    {
      "model": "lunareclipse.cosmetics:item/tools/adventurer/bow_pulling_0",
      "predicate": {
        "custom_model_data": 1350004,
        "pulling": 1
      }
    },
    {
      "model": "lunareclipse.cosmetics:item/tools/adventurer/bow_pulling_1",
      "predicate": {
        "custom_model_data": 1350004,
        "pulling": 1,
        "pull": 0.65
      }
    },
    {
      "model": "lunareclipse.cosmetics:item/tools/adventurer/bow_pulling_2",
      "predicate": {
        "custom_model_data": 1350004,
        "pulling": 1,
        "pull": 0.9
      }
    },

    {
      "model": "lunareclipse.cosmetics:item/tools/eclipse/bow",
      "predicate": {
        "custom_model_data": 1350005
      }
    },
    {
      "model": "lunareclipse.cosmetics:item/tools/eclipse/bow_pulling_0",
      "predicate": {
        "custom_model_data": 1350005,
        "pulling": 1
      }
    },
    {
      "model": "lunareclipse.cosmetics:item/tools/eclipse/bow_pulling_1",
      "predicate": {
        "custom_model_data": 1350005,
        "pulling": 1,
        "pull": 0.65
      }
    },
    {
      "model": "lunareclipse.cosmetics:item/tools/eclipse/bow_pulling_2",
      "predicate": {
        "custom_model_data": 1350005,
        "pulling": 1,
        "pull": 0.9
      }
    }
  ]
}