{"parent":"minecraft:item/handheld","textures":{"layer0":"minecraft:item/diamond_hoe"},"overrides":[{"model":"lunareclipse.cosmetics:item/tools/cookie/hoe","predicate":{"custom_model_data":1350001}},{"model":"lunareclipse.cosmetics:item/tools/foliage/hoe","predicate":{"custom_model_data":1350002}},{"model":"lunareclipse.cosmetics:item/tools/midnight/hoe","predicate":{"custom_model_data":1350003}},{"model":"lunareclipse.cosmetics:item/tools/adventurer/hoe","predicate":{"custom_model_data":1350004}},{"model":"lunareclipse.cosmetics:item/tools/eclipse/hoe","predicate":{"custom_model_data":1350005}},{"model":"lunareclipse.cosmetics:item/tools/aetherite/hoe","predicate":{"custom_model_data":1350100}}]}