{"parent":"minecraft:item/handheld","textures":{"layer0":"minecraft:item/iron_shovel"},"overrides":[{"model":"lunareclipse.cosmetics:item/tools/cookie/shovel","predicate":{"custom_model_data":1350001}},{"model":"lunareclipse.cosmetics:item/tools/foliage/shovel","predicate":{"custom_model_data":1350002}},{"model":"lunareclipse.cosmetics:item/tools/midnight/shovel","predicate":{"custom_model_data":1350003}},{"model":"lunareclipse.cosmetics:item/tools/adventurer/shovel","predicate":{"custom_model_data":1350004}},{"model":"lunareclipse.cosmetics:item/tools/eclipse/shovel","predicate":{"custom_model_data":1350005}},{"model":"lunareclipse.cosmetics:item/tools/aetherite/shovel","predicate":{"custom_model_data":1350100}}]}