{
  "parent": "minecraft:item/template_music_disc",
  "textures": {
    "layer0": "minecraft:item/music_disc_11"
  },
  "overrides": [
    {
      "model": "lunareclipse.ftfsmp:item/music_disc_herobrine_lullaby",
      "predicate": {
        "custom_model_data": 1350001
      }
    },
    {
      "model": "lunareclipse.ftfsmp:item/music_disc_trick_or_treat",
      "predicate": {
        "custom_model_data": 1350002
      }
    },
    {
      "model": "lunareclipse.ftfsmp:item/music_disc_the_legend_of_herobrine",
      "predicate": {
        "custom_model_data": 1350003
      }
    },
    {
      "model": "lunareclipse.ftfsmp:item/music_disc_nowhere",
      "predicate": {
        "custom_model_data": 1350004
      }
    },
    {
      "model": "lunareclipse.ftfsmp:item/music_disc_diagonal_ballad",
      "predicate": {
        "custom_model_data": 1350005
      }
    },
    {
      "model": "lunareclipse.ftfsmp:item/music_disc_libets_delay",
      "predicate": {
        "custom_model_data": 1350006
      }
    },
    {
      "model": "lunareclipse.ftfsmp:item/music_disc_its_wizard_time_mf",
      "predicate": {
        "custom_model_data": 1350007
      }
    },
    {
      "model": "lunareclipse.ftfsmp:item/music_disc_optimism",
      "predicate": {
        "custom_model_data": 1350008
      }
    }
  ]
}