{"parent":"minecraft:item/handheld","textures":{"layer0":"minecraft:item/netherite_pickaxe"},"overrides":[{"model":"lunareclipse.cosmetics:item/tools/cookie/pickaxe","predicate":{"custom_model_data":1350001}},{"model":"lunareclipse.cosmetics:item/tools/foliage/pickaxe","predicate":{"custom_model_data":1350002}},{"model":"lunareclipse.cosmetics:item/tools/midnight/pickaxe","predicate":{"custom_model_data":1350003}},{"model":"lunareclipse.cosmetics:item/tools/adventurer/pickaxe","predicate":{"custom_model_data":1350004}},{"model":"lunareclipse.cosmetics:item/tools/eclipse/pickaxe","predicate":{"custom_model_data":1350005}},{"model":"lunareclipse.cosmetics:item/tools/aetherite/pickaxe","predicate":{"custom_model_data":1350100}}]}