{
  "parent": "minecraft:item/generated",
  "textures": {
    "layer0": "minecraft:item/pointed_dripstone"
  },
  "overrides": [
    {
      "model": "lunareclipse.biome:item/selector",
      "predicate": {
        "custom_model_data": 1350001
      }
    },
    {
      "model": "lunareclipse.biome:item/text",
      "predicate": {
        "custom_model_data": 1350002
      }
    },
    {
      "model": "lunareclipse.ftfsmp:item/text",
      "predicate": {
        "custom_model_data": 1350003
      }
    },
    {
      "model": "lunareclipse.ftfsmp:item/limbo_rift",
      "predicate": {
        "custom_model_data": 1350004
      }
    },
    {
      "model": "lunareclipse.ftfsmp:item/bret_villager_head",
      "predicate": {
        "custom_model_data": 1350005
      }
    }
  ]
}