{
    "parent": "builtin/entity",
    "gui_light": "front",
    "textures": {
        "particle": "block/dark_oak_planks"
    },
    "display": {
        "thirdperson_righthand": {
            "rotation": [ 0, 90, 0 ],
            "translation": [ 10, 6, -4 ],
            "scale": [ 1, 1, 1 ]
        },
        "thirdperson_lefthand": {
            "rotation": [ 0, 90, 0 ],
            "translation": [ 10, 6, 12 ],
            "scale": [ 1, 1, 1 ]
        },
        "firstperson_righthand": {
            "rotation": [ 0, 180, 5 ],
            "translation": [ -10, 2, -10 ],
            "scale": [ 1.25, 1.25, 1.25 ]
        },
        "firstperson_lefthand": {
            "rotation": [ 0, 180, 5 ],
            "translation": [ 10, 0, -10 ],
            "scale": [ 1.25, 1.25, 1.25 ]
        },
        "gui": {
            "rotation": [ 15, -25, -5 ],
            "translation": [ 2, 3, 0 ],
            "scale": [ 0.65, 0.65, 0.65 ]
        },
        "fixed": {
            "rotation": [ 0, 180, 0 ],
            "translation": [ -2, 4, -5],
            "scale":[ 0.5, 0.5, 0.5]
        },
        "ground": {
            "rotation": [ 0, 0, 0 ],
            "translation": [ 4, 4, 2],
            "scale":[ 0.25, 0.25, 0.25]
        }
    },
    "overrides": [
        {
            "predicate": {
                "blocking": 1
            },
            "model": "item/shield_blocking"
        },
        {
            "model": "lunareclipse.cosmetics:item/tools/cookie/shield",
            "predicate": {
              "custom_model_data": 1350001
            }
        },
        {
            "model": "lunareclipse.cosmetics:item/tools/cookie/shield_blocking",
            "predicate": {
              "custom_model_data": 1350001,
              "blocking": 1
            }
        },
        {
            "model": "lunareclipse.cosmetics:item/tools/foliage/shield",
            "predicate": {
              "custom_model_data": 1350002
            }
        },
        {
            "model": "lunareclipse.cosmetics:item/tools/foliage/shield_blocking",
            "predicate": {
              "custom_model_data": 1350002,
              "blocking": 1
            }
        },
        {
            "model": "lunareclipse.cosmetics:item/tools/midnight/shield",
            "predicate": {
              "custom_model_data": 1350003
            }
        },
        {
            "model": "lunareclipse.cosmetics:item/tools/midnight/shield_blocking",
            "predicate": {
              "custom_model_data": 1350003,
              "blocking": 1
            }
        },
        {
            "model": "lunareclipse.cosmetics:item/tools/adventurer/shield",
            "predicate": {
              "custom_model_data": 1350004
            }
        },
        {
            "model": "lunareclipse.cosmetics:item/tools/adventurer/shield_blocking",
            "predicate": {
              "custom_model_data": 1350004,
              "blocking": 1
            }
        },
        {
            "model": "lunareclipse.cosmetics:item/tools/eclipse/shield",
            "predicate": {
              "custom_model_data": 1350005
            }
        },
        {
            "model": "lunareclipse.cosmetics:item/tools/eclipse/shield_blocking",
            "predicate": {
              "custom_model_data": 1350005,
              "blocking": 1
            }
        }
    ]
}
