{
	"credit": "Made by Bret06 using Blockbench",
	"texture_size": [128, 128],
	"textures": {
		"0": "lunareclipse.biome:item/selector_layer_0",
		"particle": "lunareclipse.biome:item/selector_layer_0"
	},
	"elements": [
		{
			"from": [-3, 0, -4],
			"to": [21, 24, 20],
			"rotation": {"angle": 0, "axis": "y", "origin": [-3, 0, -4]},
			"faces": {
				"north": {"uv": [3, 3, 6, 6], "texture": "#0"},
				"east": {"uv": [0, 3, 3, 6], "texture": "#0"},
				"south": {"uv": [9, 3, 12, 6], "texture": "#0"},
				"west": {"uv": [6, 3, 9, 6], "texture": "#0"},
				"up": {"uv": [6, 3, 3, 0], "texture": "#0"},
				"down": {"uv": [9, 0, 6, 3], "texture": "#0"}
			}
		}
	]
}