{
	"credit": "Made by Bret06 using Blockbench",
	"texture_size": [1000, 320],
	"textures": {
		"0": "lunareclipse.biome:item/text/dirt",
		"3": "lunareclipse.biome:item/text/cobble"
	},
	"elements": [
		{
			"from": [28.58, 0.2, 7.2],
			"to": [31.78, 3.4, 8.8],
			"rotation": {"angle": 0, "axis": "y", "origin": [8.5, 0, 8]},
			"faces": {
				"north": {"uv": [1.088, 0.8, 1.6, 2.4], "texture": "#0"},
				"south": {"uv": [1.6, 0.8, 1.088, 2.4], "texture": "#0"},
				"up": {"uv": [1.6, 0.8, 1.088, 0], "texture": "#0"},
				"down": {"uv": [1.6, 3.2, 1.088, 2.4], "texture": "#0"}
			}
		},
		{
			"from": [28.38, 0, 7],
			"to": [28.98, 0.6, 9],
			"rotation": {"angle": 0, "axis": "y", "origin": [8.5, 0, 8]},
			"faces": {
				"east": {"uv": [0, 10.65, 0.016, 10.7], "texture": "#0"},
				"up": {"uv": [0, 10.65, 0.016, 10.7], "texture": "#0"}
			}
		},
		{
			"from": [28.38, 3, 7],
			"to": [28.98, 3.6, 9],
			"rotation": {"angle": 0, "axis": "y", "origin": [8.5, 0, 8]},
			"faces": {
				"east": {"uv": [0, 10.65, 0.016, 10.7], "texture": "#0"},
				"down": {"uv": [0, 10.65, 0.016, 10.7], "texture": "#0"}
			}
		},
		{
			"from": [31.98, 3.6, 9],
			"to": [28.38, 0, 7],
			"rotation": {"angle": 0, "axis": "y", "origin": [8.5, 0, 8]},
			"faces": {
				"north": {"uv": [0.096, 10.9, 0, 10.6], "texture": "#0"},
				"east": {"uv": [0.08, 10.9, 0.096, 10.6], "texture": "#0"},
				"south": {"uv": [0, 10.9, 0.096, 10.6], "texture": "#0"},
				"west": {"uv": [0, 10.6, 0.016, 10.65], "texture": "#0"},
				"up": {"uv": [0, 10.85, 0.096, 10.9], "texture": "#0"},
				"down": {"uv": [0, 10.6, 0.096, 10.65], "texture": "#0"}
			}
		},
		{
			"from": [26.18, 0.2, 7.2],
			"to": [28.18, 3.4, 8.8],
			"rotation": {"angle": 0, "axis": "y", "origin": [8.5, 0, 8]},
			"faces": {
				"north": {"uv": [4.896, 0.8, 5.216, 2.4], "texture": "#0"},
				"south": {"uv": [5.216, 0.8, 4.896, 2.4], "texture": "#0"},
				"up": {"uv": [5.216, 0.8, 4.896, 0], "texture": "#0"},
				"down": {"uv": [5.216, 3.2, 4.896, 2.4], "texture": "#0"}
			}
		},
		{
			"from": [25.98, 1.2, 7],
			"to": [26.58, 2.4, 9],
			"rotation": {"angle": 0, "axis": "y", "origin": [8.5, 0, 8]},
			"faces": {
				"east": {"uv": [0, 10.6, 0.016, 10.65], "texture": "#0"},
				"up": {"uv": [0, 10.6, 0.016, 10.65], "texture": "#0"},
				"down": {"uv": [0, 10.6, 0.016, 10.65], "texture": "#0"}
			}
		},
		{
			"from": [27.78, 1.2, 7],
			"to": [28.38, 2.4, 9],
			"rotation": {"angle": 0, "axis": "y", "origin": [8.5, 0, 8]},
			"faces": {
				"west": {"uv": [0, 10.6, 0.016, 10.65], "texture": "#0"},
				"up": {"uv": [0, 10.6, 0.016, 10.65], "texture": "#0"},
				"down": {"uv": [0, 10.6, 0.016, 10.65], "texture": "#0"}
			}
		},
		{
			"from": [28.38, 3.6, 9],
			"to": [25.98, 0, 7],
			"rotation": {"angle": 0, "axis": "y", "origin": [8.5, 0, 8]},
			"faces": {
				"north": {"uv": [0.672, 10.9, 0.608, 10.75], "texture": "#0"},
				"east": {"uv": [0.624, 10.9, 0.608, 10.75], "texture": "#0"},
				"south": {"uv": [0.608, 10.9, 0.672, 10.75], "texture": "#0"},
				"west": {"uv": [0.624, 10.9, 0.608, 10.75], "texture": "#0"},
				"up": {"uv": [0, 10.6, 0.016, 10.65], "texture": "#0"},
				"down": {"uv": [0, 10.6, 0.016, 10.65], "texture": "#0"}
			}
		},
		{
			"from": [22.58, 0.2, 7.2],
			"to": [25.78, 3.4, 8.8],
			"rotation": {"angle": 0, "axis": "y", "origin": [8.5, 0, 8]},
			"faces": {
				"north": {"uv": [7.968, 0.8, 8.48, 2.4], "texture": "#0"},
				"south": {"uv": [8.48, 0.8, 7.968, 2.4], "texture": "#0"},
				"up": {"uv": [8.48, 0.8, 7.968, 0], "texture": "#0"},
				"down": {"uv": [8.48, 3.2, 7.968, 2.4], "texture": "#0"}
			}
		},
		{
			"from": [22.38, 0, 7],
			"to": [22.98, 0.6, 9],
			"rotation": {"angle": 0, "axis": "y", "origin": [8.5, 0, 8]},
			"faces": {
				"east": {"uv": [0, 10.6, 0.016, 10.65], "texture": "#0"},
				"up": {"uv": [0, 10.6, 0.016, 10.65], "texture": "#0"}
			}
		},
		{
			"from": [25.38, 0, 7],
			"to": [25.98, 0.6, 9],
			"rotation": {"angle": 0, "axis": "y", "origin": [8.5, 0, 8]},
			"faces": {
				"west": {"uv": [0, 10.6, 0.016, 10.65], "texture": "#0"},
				"up": {"uv": [0, 10.6, 0.016, 10.65], "texture": "#0"}
			}
		},
		{
			"from": [25.38, 3, 7],
			"to": [25.98, 3.6, 9],
			"rotation": {"angle": 0, "axis": "y", "origin": [8.5, 0, 8]},
			"faces": {
				"west": {"uv": [0, 10.6, 0.016, 10.65], "texture": "#0"},
				"down": {"uv": [0, 10.6, 0.016, 10.65], "texture": "#0"}
			}
		},
		{
			"from": [22.38, 3, 7],
			"to": [22.98, 3.6, 9],
			"rotation": {"angle": 0, "axis": "y", "origin": [8.5, 0, 8]},
			"faces": {
				"east": {"uv": [0, 10.6, 0.016, 10.65], "texture": "#0"},
				"down": {"uv": [0, 10.6, 0.016, 10.65], "texture": "#0"}
			}
		},
		{
			"from": [23.58, 1.2, 7],
			"to": [24.78, 2.4, 9],
			"rotation": {"angle": 0, "axis": "y", "origin": [8.5, 0, 8]},
			"faces": {
				"east": {"uv": [0, 10.6, 0.016, 10.65], "texture": "#0"},
				"west": {"uv": [0, 10.6, 0.016, 10.65], "texture": "#0"},
				"up": {"uv": [0, 10.6, 0.016, 10.65], "texture": "#0"},
				"down": {"uv": [0, 10.6, 0.016, 10.65], "texture": "#0"}
			}
		},
		{
			"from": [25.98, 3.6, 9],
			"to": [22.38, 0, 7],
			"rotation": {"angle": 0, "axis": "y", "origin": [8.5, 0, 8]},
			"faces": {
				"north": {"uv": [1.12, 10.9, 1.024, 10.6], "texture": "#0"},
				"east": {"uv": [1.104, 10.6, 1.12, 10.9], "texture": "#0"},
				"south": {"uv": [1.12, 10.9, 1.024, 10.6], "texture": "#0"},
				"west": {"uv": [1.024, 10.6, 1.04, 10.9], "texture": "#0"},
				"up": {"uv": [1.12, 10.9, 1.024, 10.85], "texture": "#0"},
				"down": {"uv": [1.12, 10.65, 1.024, 10.6], "texture": "#0"}
			}
		},
		{
			"from": [18.98, 0.2, 7.2],
			"to": [22.18, 3.4, 8.8],
			"rotation": {"angle": 0, "axis": "y", "origin": [8.5, 0, 8]},
			"faces": {
				"north": {"uv": [6.88, 0.8, 7.392, 2.4], "texture": "#0"},
				"south": {"uv": [7.392, 0.8, 6.88, 2.4], "texture": "#0"},
				"up": {"uv": [7.392, 0.8, 6.88, 0], "texture": "#0"},
				"down": {"uv": [7.392, 3.2, 6.88, 2.4], "texture": "#0"}
			}
		},
		{
			"from": [19.98, 3, 7],
			"to": [21.18, 3.6, 9],
			"rotation": {"angle": 0, "axis": "y", "origin": [8.5, 0, 8]},
			"faces": {
				"east": {"uv": [0, 10.6, 0.016, 10.65], "texture": "#0"},
				"west": {"uv": [0, 10.6, 0.016, 10.65], "texture": "#0"},
				"down": {"uv": [0, 10.6, 0.016, 10.65], "texture": "#0"}
			}
		},
		{
			"from": [19.98, 0, 7],
			"to": [21.18, 1.2, 9],
			"rotation": {"angle": 0, "axis": "y", "origin": [8.5, 0, 8]},
			"faces": {
				"east": {"uv": [0, 10.6, 0.016, 10.65], "texture": "#0"},
				"west": {"uv": [0, 10.6, 0.016, 10.65], "texture": "#0"},
				"up": {"uv": [0, 10.6, 0.016, 10.65], "texture": "#0"}
			}
		},
		{
			"from": [22.38, 3.6, 9],
			"to": [18.78, 0, 7],
			"rotation": {"angle": 0, "axis": "y", "origin": [8.5, 0, 8]},
			"faces": {
				"north": {"uv": [0.96, 10.9, 0.864, 10.6], "texture": "#0"},
				"east": {"uv": [0, 10.6, 0.016, 10.65], "texture": "#0"},
				"south": {"uv": [0.96, 10.9, 0.864, 10.6], "texture": "#0"},
				"west": {"uv": [0, 10.6, 0.016, 10.65], "texture": "#0"},
				"up": {"uv": [0.96, 10.9, 0.864, 10.85], "texture": "#0"},
				"down": {"uv": [0.96, 10.65, 0.864, 10.6], "texture": "#0"}
			}
		},
		{
			"from": [15.38, 0.2, 7.2],
			"to": [18.58, 3.4, 8.8],
			"rotation": {"angle": 0, "axis": "y", "origin": [8.5, 0, 8]},
			"faces": {
				"north": {"uv": [2.72, 0.8, 3.232, 2.4], "texture": "#0"},
				"south": {"uv": [3.232, 0.8, 2.72, 2.4], "texture": "#0"},
				"up": {"uv": [3.232, 0.8, 2.72, 0], "texture": "#0"},
				"down": {"uv": [3.232, 3.2, 2.72, 2.4], "texture": "#0"}
			}
		},
		{
			"from": [15.18, 1.2, 7],
			"to": [16.38, 2.4, 9],
			"rotation": {"angle": 0, "axis": "y", "origin": [8.5, 0, 8]},
			"faces": {
				"east": {"uv": [0, 10.6, 0.016, 10.65], "texture": "#0"},
				"up": {"uv": [0, 10.6, 0.016, 10.65], "texture": "#0"},
				"down": {"uv": [0, 10.6, 0.016, 10.65], "texture": "#0"}
			}
		},
		{
			"from": [18.78, 3.6, 9],
			"to": [15.18, 0, 7],
			"rotation": {"angle": 0, "axis": "y", "origin": [8.5, 0, 8]},
			"faces": {
				"north": {"uv": [0.464, 10.6, 0.416, 10.9], "texture": "#0"},
				"east": {"uv": [0.448, 10.6, 0.464, 10.9], "texture": "#0"},
				"south": {"uv": [0.416, 10.6, 0.464, 10.9], "texture": "#0"},
				"west": {"uv": [0, 10.6, 0.016, 10.65], "texture": "#0"},
				"up": {"uv": [0, 10.6, 0.016, 10.65], "texture": "#0"},
				"down": {"uv": [0, 10.6, 0.016, 10.65], "texture": "#0"}
			}
		},
		{
			"from": [10.62, 0.2, 7.2],
			"to": [13.82, 3.4, 8.8],
			"rotation": {"angle": 0, "axis": "y", "origin": [7.5, 0, 8]},
			"faces": {
				"north": {"uv": [10.144, 0.8, 10.656, 2.4], "texture": "#3"},
				"south": {"uv": [10.656, 0.8, 10.144, 2.4], "texture": "#3"},
				"up": {"uv": [10.656, 0.8, 10.144, 0], "texture": "#3"},
				"down": {"uv": [10.656, 3.2, 10.144, 2.4], "texture": "#3"}
			}
		},
		{
			"from": [10.42, 0, 7],
			"to": [11.02, 0.6, 9],
			"rotation": {"angle": 0, "axis": "y", "origin": [7.5, 0, 8]},
			"faces": {
				"east": {"uv": [0, 10.6, 0.016, 10.65], "texture": "#3"},
				"up": {"uv": [0, 10.6, 0.016, 10.65], "texture": "#3"}
			}
		},
		{
			"from": [13.42, 3, 7],
			"to": [14.02, 3.6, 9],
			"rotation": {"angle": 0, "axis": "y", "origin": [7.5, 0, 8]},
			"faces": {
				"west": {"uv": [0, 10.6, 0.016, 10.65], "texture": "#3"},
				"down": {"uv": [0, 10.6, 0.016, 10.65], "texture": "#3"}
			}
		},
		{
			"from": [13.42, 1.2, 7],
			"to": [14.02, 1.8, 9],
			"rotation": {"angle": 0, "axis": "y", "origin": [7.5, 0, 8]},
			"faces": {
				"west": {"uv": [0, 10.6, 0.016, 10.65], "texture": "#3"},
				"up": {"uv": [0, 10.6, 0.016, 10.65], "texture": "#3"},
				"down": {"uv": [0, 10.6, 0.016, 10.65], "texture": "#3"}
			}
		},
		{
			"from": [10.42, 1.8, 7],
			"to": [11.02, 2.4, 9],
			"rotation": {"angle": 0, "axis": "y", "origin": [7.5, 0, 8]},
			"faces": {
				"east": {"uv": [0, 10.6, 0.016, 10.65], "texture": "#3"},
				"up": {"uv": [0, 10.6, 0.016, 10.65], "texture": "#3"},
				"down": {"uv": [0, 10.6, 0.016, 10.65], "texture": "#3"}
			}
		},
		{
			"from": [14.02, 3.6, 9],
			"to": [10.42, 0, 7],
			"rotation": {"angle": 0, "axis": "y", "origin": [7.5, 0, 8]},
			"faces": {
				"north": {"uv": [1.504, 10.9, 1.408, 10.6], "texture": "#3"},
				"east": {"uv": [1.488, 10.9, 1.504, 10.6], "texture": "#3"},
				"south": {"uv": [1.408, 10.9, 1.504, 10.6], "texture": "#3"},
				"west": {"uv": [1.408, 10.9, 1.424, 10.6], "texture": "#3"},
				"up": {"uv": [1.408, 10.85, 1.504, 10.9], "texture": "#3"},
				"down": {"uv": [1.408, 10.6, 1.504, 10.65], "texture": "#3"}
			}
		},
		{
			"from": [7.02, 0.2, 7.2],
			"to": [10.22, 3.4, 8.8],
			"rotation": {"angle": 0, "axis": "y", "origin": [7.5, 0, 8]},
			"faces": {
				"north": {"uv": [2.72, 0.8, 3.232, 2.4], "texture": "#3"},
				"south": {"uv": [3.232, 0.8, 2.72, 2.4], "texture": "#3"},
				"up": {"uv": [3.232, 0.8, 2.72, 0], "texture": "#3"},
				"down": {"uv": [3.232, 3.2, 2.72, 2.4], "texture": "#3"}
			}
		},
		{
			"from": [6.82, 1.2, 7],
			"to": [8.02, 2.4, 9],
			"rotation": {"angle": 0, "axis": "y", "origin": [7.5, 0, 8]},
			"faces": {
				"east": {"uv": [0, 10.6, 0.016, 10.65], "texture": "#3"},
				"up": {"uv": [0, 10.6, 0.016, 10.65], "texture": "#3"},
				"down": {"uv": [0, 10.6, 0.016, 10.65], "texture": "#3"}
			}
		},
		{
			"from": [10.42, 3.6, 9],
			"to": [6.82, 0, 7],
			"rotation": {"angle": 0, "axis": "y", "origin": [7.5, 0, 8]},
			"faces": {
				"north": {"uv": [0.464, 10.6, 0.416, 10.9], "texture": "#3"},
				"east": {"uv": [0.448, 10.6, 0.464, 10.9], "texture": "#3"},
				"south": {"uv": [0.416, 10.6, 0.464, 10.9], "texture": "#3"},
				"west": {"uv": [0, 10.6, 0.016, 10.65], "texture": "#3"},
				"up": {"uv": [0, 10.6, 0.016, 10.65], "texture": "#3"},
				"down": {"uv": [0, 10.6, 0.016, 10.65], "texture": "#3"}
			}
		},
		{
			"from": [3.42, 0.2, 7.2],
			"to": [6.62, 3.4, 8.8],
			"rotation": {"angle": 0, "axis": "y", "origin": [7.5, 0, 8]},
			"faces": {
				"north": {"uv": [6.336, 0.8, 6.848, 2.4], "texture": "#3"},
				"south": {"uv": [6.848, 0.8, 6.336, 2.4], "texture": "#3"},
				"up": {"uv": [6.848, 0.8, 6.336, 0], "texture": "#3"},
				"down": {"uv": [6.848, 3.2, 6.336, 2.4], "texture": "#3"}
			}
		},
		{
			"from": [3.22, 1.2, 7],
			"to": [5.62, 3.6, 9],
			"rotation": {"angle": 0, "axis": "y", "origin": [7.5, 0, 8]},
			"faces": {
				"east": {"uv": [0, 10.6, 0.016, 10.65], "texture": "#3"},
				"down": {"uv": [0, 10.6, 0.016, 10.65], "texture": "#3"}
			}
		},
		{
			"from": [6.82, 3.6, 9],
			"to": [3.22, 0, 7],
			"rotation": {"angle": 0, "axis": "y", "origin": [7.5, 0, 8]},
			"faces": {
				"north": {"uv": [0.928, 10.75, 0.88, 10.9], "texture": "#3"},
				"east": {"uv": [0.912, 10.75, 0.928, 10.9], "texture": "#3"},
				"south": {"uv": [0.88, 10.75, 0.928, 10.9], "texture": "#3"},
				"west": {"uv": [0, 10.6, 0.016, 10.65], "texture": "#3"},
				"up": {"uv": [0, 10.6, 0.016, 10.65], "texture": "#3"},
				"down": {"uv": [0.88, 10.9, 0.928, 10.85], "texture": "#3"}
			}
		},
		{
			"from": [-0.18, 0.2, 7.2],
			"to": [3.02, 3.4, 8.8],
			"rotation": {"angle": 0, "axis": "y", "origin": [7.5, 0, 8]},
			"faces": {
				"north": {"uv": [2.72, 0.8, 3.232, 2.4], "texture": "#3"},
				"south": {"uv": [3.232, 0.8, 2.72, 2.4], "texture": "#3"},
				"up": {"uv": [3.232, 0.8, 2.72, 0], "texture": "#3"},
				"down": {"uv": [3.232, 3.2, 2.72, 2.4], "texture": "#3"}
			}
		},
		{
			"from": [-0.38, 1.2, 7],
			"to": [0.82, 2.4, 9],
			"rotation": {"angle": 0, "axis": "y", "origin": [7.5, 0, 8]},
			"faces": {
				"east": {"uv": [0, 10.6, 0.016, 10.65], "texture": "#3"},
				"up": {"uv": [0, 10.6, 0.016, 10.65], "texture": "#3"},
				"down": {"uv": [0, 10.6, 0.016, 10.65], "texture": "#3"}
			}
		},
		{
			"from": [3.22, 3.6, 9],
			"to": [-0.38, 0, 7],
			"rotation": {"angle": 0, "axis": "y", "origin": [7.5, 0, 8]},
			"faces": {
				"north": {"uv": [0.464, 10.6, 0.416, 10.9], "texture": "#3"},
				"east": {"uv": [0.448, 10.6, 0.464, 10.9], "texture": "#3"},
				"south": {"uv": [0.416, 10.6, 0.464, 10.9], "texture": "#3"},
				"west": {"uv": [0, 10.6, 0.016, 10.65], "texture": "#3"},
				"up": {"uv": [0, 10.6, 0.016, 10.65], "texture": "#3"},
				"down": {"uv": [0, 10.6, 0.016, 10.65], "texture": "#3"}
			}
		},
		{
			"from": [-3.78, 0.2, 7.2],
			"to": [-0.58, 3.4, 8.8],
			"rotation": {"angle": 0, "axis": "y", "origin": [7.5, 0, 8]},
			"faces": {
				"north": {"uv": [1.632, 0.8, 2.144, 2.4], "texture": "#3"},
				"south": {"uv": [2.144, 0.8, 1.632, 2.4], "texture": "#3"},
				"up": {"uv": [2.144, 0.8, 1.632, 0], "texture": "#3"},
				"down": {"uv": [2.144, 3.2, 1.632, 2.4], "texture": "#3"}
			}
		},
		{
			"from": [-3.98, 0, 7],
			"to": [-3.38, 0.6, 9],
			"rotation": {"angle": 0, "axis": "y", "origin": [7.5, 0, 8]},
			"faces": {
				"east": {"uv": [0, 10.65, 0.016, 10.7], "texture": "#3"},
				"up": {"uv": [0, 10.65, 0.016, 10.7], "texture": "#3"}
			}
		},
		{
			"from": [-3.98, 3, 7],
			"to": [-3.38, 3.6, 9],
			"rotation": {"angle": 0, "axis": "y", "origin": [7.5, 0, 8]},
			"faces": {
				"east": {"uv": [0, 10.65, 0.016, 10.7], "texture": "#3"},
				"down": {"uv": [0, 10.65, 0.016, 10.7], "texture": "#3"}
			}
		},
		{
			"from": [-0.98, 3, 7],
			"to": [-0.38, 3.6, 9],
			"rotation": {"angle": 0, "axis": "y", "origin": [7.5, 0, 8]},
			"faces": {
				"west": {"uv": [0, 10.65, 0.016, 10.7], "texture": "#3"},
				"down": {"uv": [0, 10.65, 0.016, 10.7], "texture": "#3"}
			}
		},
		{
			"from": [-0.98, 0, 7],
			"to": [-0.38, 0.6, 9],
			"rotation": {"angle": 0, "axis": "y", "origin": [7.5, 0, 8]},
			"faces": {
				"west": {"uv": [0, 10.65, 0.016, 10.7], "texture": "#3"},
				"up": {"uv": [0, 10.65, 0.016, 10.7], "texture": "#3"}
			}
		},
		{
			"from": [-2.78, 1.2, 7],
			"to": [-1.58, 2.4, 9],
			"rotation": {"angle": 0, "axis": "y", "origin": [7.5, 0, 8]},
			"faces": {
				"east": {"uv": [0, 10.6, 0.016, 10.65], "texture": "#3"},
				"west": {"uv": [0, 10.6, 0.016, 10.65], "texture": "#3"},
				"up": {"uv": [0, 10.6, 0.016, 10.65], "texture": "#3"},
				"down": {"uv": [0, 10.6, 0.016, 10.65], "texture": "#3"}
			}
		},
		{
			"from": [-0.38, 3.6, 9],
			"to": [-3.98, 0, 7],
			"rotation": {"angle": 0, "axis": "y", "origin": [7.5, 0, 8]},
			"faces": {
				"north": {"uv": [0.368, 10.9, 0.272, 10.6], "texture": "#3"},
				"east": {"uv": [0.08, 10.6, 0.096, 10.9], "texture": "#3"},
				"south": {"uv": [0.272, 10.9, 0.368, 10.6], "texture": "#3"},
				"west": {"uv": [0.08, 10.6, 0.096, 10.9], "texture": "#3"},
				"up": {"uv": [0.272, 10.85, 0.368, 10.9], "texture": "#3"},
				"down": {"uv": [0.272, 10.6, 0.368, 10.65], "texture": "#3"}
			}
		},
		{
			"from": [-7.38, 0.2, 7.2],
			"to": [-4.18, 3.4, 8.8],
			"rotation": {"angle": 0, "axis": "y", "origin": [7.5, 0, 8]},
			"faces": {
				"north": {"uv": [10.688, 0.8, 11.2, 2.4], "texture": "#3"},
				"south": {"uv": [11.2, 0.8, 10.688, 2.4], "texture": "#3"},
				"up": {"uv": [11.2, 0.8, 10.688, 0], "texture": "#3"},
				"down": {"uv": [11.2, 3.2, 10.688, 2.4], "texture": "#3"}
			}
		},
		{
			"from": [-7.58, 0, 7],
			"to": [-6.38, 2.4, 9],
			"rotation": {"angle": 0, "axis": "y", "origin": [7.5, 0, 8]},
			"faces": {
				"east": {"uv": [0, 10.6, 0.016, 10.65], "texture": "#3"},
				"up": {"uv": [0, 10.6, 0.016, 10.65], "texture": "#3"}
			}
		},
		{
			"from": [-5.18, 0, 7],
			"to": [-3.98, 2.4, 9],
			"rotation": {"angle": 0, "axis": "y", "origin": [7.5, 0, 8]},
			"faces": {
				"west": {"uv": [0, 10.6, 0.016, 10.65], "texture": "#3"},
				"up": {"uv": [0, 10.6, 0.016, 10.65], "texture": "#3"}
			}
		},
		{
			"from": [-3.98, 3.6, 9],
			"to": [-7.58, 0, 7],
			"rotation": {"angle": 0, "axis": "y", "origin": [7.5, 0, 8]},
			"faces": {
				"north": {"uv": [2.176, 10.9, 2.224, 10.75], "texture": "#3"},
				"east": {"uv": [2.176, 10.9, 2.192, 10.75], "texture": "#3"},
				"south": {"uv": [2.176, 10.9, 2.224, 10.75], "texture": "#3"},
				"west": {"uv": [2.176, 10.9, 2.192, 10.75], "texture": "#3"},
				"up": {"uv": [2.176, 10.85, 2.224, 10.9], "texture": "#3"},
				"down": {"uv": [0, 10.6, 0.016, 10.65], "texture": "#3"}
			}
		},
		{
			"from": [-10.98, 0.2, 7.2],
			"to": [-7.78, 3.4, 8.8],
			"rotation": {"angle": 0, "axis": "y", "origin": [7.5, 0, 8]},
			"faces": {
				"north": {"uv": [7.968, 0.8, 8.48, 2.4], "texture": "#3"},
				"south": {"uv": [8.48, 0.8, 7.968, 2.4], "texture": "#3"},
				"up": {"uv": [8.48, 0.8, 7.968, 0], "texture": "#3"},
				"down": {"uv": [8.48, 3.2, 7.968, 2.4], "texture": "#3"}
			}
		},
		{
			"from": [-11.18, 0, 7],
			"to": [-10.58, 0.6, 9],
			"rotation": {"angle": 0, "axis": "y", "origin": [7.5, 0, 8]},
			"faces": {
				"east": {"uv": [0, 10.6, 0.016, 10.65], "texture": "#3"},
				"up": {"uv": [0, 10.6, 0.016, 10.65], "texture": "#3"}
			}
		},
		{
			"from": [-8.18, 0, 7],
			"to": [-7.58, 0.6, 9],
			"rotation": {"angle": 0, "axis": "y", "origin": [7.5, 0, 8]},
			"faces": {
				"west": {"uv": [0, 10.6, 0.016, 10.65], "texture": "#3"},
				"up": {"uv": [0, 10.6, 0.016, 10.65], "texture": "#3"}
			}
		},
		{
			"from": [-8.18, 3, 7],
			"to": [-7.58, 3.6, 9],
			"rotation": {"angle": 0, "axis": "y", "origin": [7.5, 0, 8]},
			"faces": {
				"west": {"uv": [0, 10.6, 0.016, 10.65], "texture": "#3"},
				"down": {"uv": [0, 10.6, 0.016, 10.65], "texture": "#3"}
			}
		},
		{
			"from": [-11.18, 3, 7],
			"to": [-10.58, 3.6, 9],
			"rotation": {"angle": 0, "axis": "y", "origin": [7.5, 0, 8]},
			"faces": {
				"east": {"uv": [0, 10.6, 0.016, 10.65], "texture": "#3"},
				"down": {"uv": [0, 10.6, 0.016, 10.65], "texture": "#3"}
			}
		},
		{
			"from": [-9.98, 1.2, 7],
			"to": [-8.78, 2.4, 9],
			"rotation": {"angle": 0, "axis": "y", "origin": [7.5, 0, 8]},
			"faces": {
				"east": {"uv": [0, 10.6, 0.016, 10.65], "texture": "#3"},
				"west": {"uv": [0, 10.6, 0.016, 10.65], "texture": "#3"},
				"up": {"uv": [0, 10.6, 0.016, 10.65], "texture": "#3"},
				"down": {"uv": [0, 10.6, 0.016, 10.65], "texture": "#3"}
			}
		},
		{
			"from": [-7.58, 3.6, 9],
			"to": [-11.18, 0, 7],
			"rotation": {"angle": 0, "axis": "y", "origin": [7.5, 0, 8]},
			"faces": {
				"north": {"uv": [1.12, 10.9, 1.024, 10.6], "texture": "#3"},
				"east": {"uv": [1.104, 10.6, 1.12, 10.9], "texture": "#3"},
				"south": {"uv": [1.12, 10.9, 1.024, 10.6], "texture": "#3"},
				"west": {"uv": [1.024, 10.6, 1.04, 10.9], "texture": "#3"},
				"up": {"uv": [1.12, 10.9, 1.024, 10.85], "texture": "#3"},
				"down": {"uv": [1.12, 10.65, 1.024, 10.6], "texture": "#3"}
			}
		},
		{
			"from": [-14.58, 0.2, 7.2],
			"to": [-11.38, 3.4, 8.8],
			"rotation": {"angle": 0, "axis": "y", "origin": [7.5, 0, 8]},
			"faces": {
				"north": {"uv": [9.6, 0.8, 10.112, 2.4], "texture": "#3"},
				"south": {"uv": [10.112, 0.8, 9.6, 2.4], "texture": "#3"},
				"up": {"uv": [10.112, 0.8, 9.6, 0], "texture": "#3"},
				"down": {"uv": [10.112, 3.2, 9.6, 2.4], "texture": "#3"}
			}
		},
		{
			"from": [-13.58, 0, 7],
			"to": [-12.38, 1.2, 9],
			"rotation": {"angle": 0, "axis": "y", "origin": [7.5, 0, 8]},
			"faces": {
				"east": {"uv": [0, 10.6, 0.016, 10.65], "texture": "#3"},
				"west": {"uv": [0, 10.6, 0.016, 10.65], "texture": "#3"},
				"up": {"uv": [0, 10.6, 0.016, 10.65], "texture": "#3"}
			}
		},
		{
			"from": [-14.78, 3, 7],
			"to": [-14.18, 3.6, 9],
			"rotation": {"angle": 0, "axis": "y", "origin": [7.5, 0, 8]},
			"faces": {
				"east": {"uv": [0, 10.6, 0.016, 10.65], "texture": "#3"},
				"down": {"uv": [0, 10.6, 0.016, 10.65], "texture": "#3"}
			}
		},
		{
			"from": [-11.18, 3.6, 9],
			"to": [-14.78, 0, 7],
			"rotation": {"angle": 0, "axis": "y", "origin": [7.5, 0, 8]},
			"faces": {
				"north": {"uv": [1.408, 10.9, 1.312, 10.6], "texture": "#3"},
				"east": {"uv": [1.392, 10.9, 1.408, 10.6], "texture": "#3"},
				"south": {"uv": [1.312, 10.9, 1.408, 10.6], "texture": "#3"},
				"west": {"uv": [0, 10.6, 0.016, 10.65], "texture": "#3"},
				"up": {"uv": [1.312, 10.85, 1.408, 10.9], "texture": "#3"},
				"down": {"uv": [1.312, 10.6, 1.408, 10.65], "texture": "#3"}
			}
		},
		{
			"from": [-15.78, 0.2, 7.2],
			"to": [-14.98, 3.4, 8.8],
			"rotation": {"angle": 0, "axis": "y", "origin": [7.5, 0, 8]},
			"faces": {
				"north": {"uv": [9.696, 4.1, 9.824, 5.7], "texture": "#3"},
				"south": {"uv": [9.824, 4.1, 9.696, 5.7], "texture": "#3"},
				"up": {"uv": [9.824, 4.1, 9.696, 3.3], "texture": "#3"},
				"down": {"uv": [9.824, 6.5, 9.696, 5.7], "texture": "#3"}
			}
		},
		{
			"from": [-14.78, 3.6, 9],
			"to": [-15.98, 0, 7],
			"rotation": {"angle": 0, "axis": "y", "origin": [7.5, 0, 8]},
			"faces": {
				"north": {"uv": [0, 10.6, 0.016, 10.65], "texture": "#3"},
				"east": {"uv": [0, 10.6, 0.016, 10.65], "texture": "#3"},
				"south": {"uv": [0, 10.6, 0.016, 10.65], "texture": "#3"},
				"west": {"uv": [0, 10.6, 0.016, 10.65], "texture": "#3"},
				"up": {"uv": [0, 10.6, 0.016, 10.65], "texture": "#3"},
				"down": {"uv": [0, 10.6, 0.016, 10.65], "texture": "#3"}
			}
		}
	],
	"groups": [
		{
			"name": "biome__selector",
			"origin": [8, 0, 8],
			"color": 0,
			"nbt": "{}",
			"children": [
				{
					"name": "biome",
					"origin": [8, 0, 8],
					"color": 0,
					"nbt": "{}",
					"children": [
						{
							"name": "b",
							"origin": [8, 0, 8],
							"color": 0,
							"nbt": "{}",
							"children": [0, 1, 2, 3]
						},
						{
							"name": "i",
							"origin": [8, 0, 8],
							"color": 0,
							"nbt": "{}",
							"children": [4, 5, 6, 7]
						},
						{
							"name": "o",
							"origin": [8, 0, 8],
							"color": 0,
							"nbt": "{}",
							"children": [8, 9, 10, 11, 12, 13, 14]
						},
						{
							"name": "m",
							"origin": [8, 0, 8],
							"color": 0,
							"nbt": "{}",
							"children": [15, 16, 17, 18]
						},
						{
							"name": "e",
							"origin": [8, 0, 8],
							"color": 0,
							"nbt": "{}",
							"children": [19, 20, 21]
						}
					]
				}
			]
		},
		{
			"name": "biome__selector",
			"origin": [7, 0, 8],
			"color": 0,
			"nbt": "{}",
			"children": [
				{
					"name": "selector",
					"origin": [7, 0, 8],
					"color": 0,
					"nbt": "{}",
					"children": [
						{
							"name": "s",
							"origin": [7, 0, 8],
							"color": 0,
							"nbt": "{}",
							"children": [22, 23, 24, 25, 26, 27]
						},
						{
							"name": "e",
							"origin": [7, 0, 8],
							"color": 0,
							"nbt": "{}",
							"children": [28, 29, 30]
						},
						{
							"name": "l",
							"origin": [7, 0, 8],
							"color": 0,
							"nbt": "{}",
							"children": [31, 32, 33]
						},
						{
							"name": "e",
							"origin": [7, 0, 8],
							"color": 0,
							"nbt": "{}",
							"children": [34, 35, 36]
						},
						{
							"name": "c",
							"origin": [7, 0, 8],
							"color": 0,
							"nbt": "{}",
							"children": [37, 38, 39, 40, 41, 42, 43]
						},
						{
							"name": "t",
							"origin": [7, 0, 8],
							"color": 0,
							"nbt": "{}",
							"children": [44, 45, 46, 47]
						},
						{
							"name": "o",
							"origin": [7, 0, 8],
							"color": 0,
							"nbt": "{}",
							"children": [48, 49, 50, 51, 52, 53, 54]
						},
						{
							"name": "r",
							"origin": [7, 0, 8],
							"color": 0,
							"nbt": "{}",
							"children": [55, 56, 57, 58]
						},
						{
							"name": "",
							"origin": [7, 0, 8],
							"color": 0,
							"nbt": "{}",
							"children": [59, 60]
						}
					]
				}
			]
		}
	]
}