{
	"textures": {
		"0": "lunareclipse.cosmetics:item/entity/webster"
	},
	"elements": [
		{
			"from": [
				3.9109100000000003,
				7.3378,
				7.69807
			],
			"to": [
				7.91091,
				8.3378,
				8.69807
			],
			"rotation": {
				"angle": 0,
				"axis": "y",
				"origin": [
					7.87819,
					5.32441,
					10.103860000000001
				]
			},
			"faces": {
				"north": {
					"uv": [
						5.5,
						1.5,
						7.5,
						2
					],
					"texture": "#0"
				},
				"east": {
					"uv": [
						5,
						1.5,
						5.5,
						2
					],
					"texture": "#0"
				},
				"south": {
					"uv": [
						8,
						1.5,
						10,
						2
					],
					"texture": "#0"
				},
				"west": {
					"uv": [
						7.5,
						1.5,
						8,
						2
					],
					"texture": "#0"
				},
				"up": {
					"uv": [
						7.5,
						1.5,
						5.5,
						1
					],
					"texture": "#0"
				},
				"down": {
					"uv": [
						9.5,
						1,
						7.5,
						1.5
					],
					"texture": "#0"
				}
			}
		}
	],
	"display": {
		"head": {
			"rotation": [
				0,
				180,
				0
			]
		}
	}
}