{
	"textures": {
		"0": "lunareclipse.cosmetics:item/entity/webster"
	},
	"elements": [
		{
			"from": [
				4.50591,
				8.01339,
				6.86567
			],
			"to": [
				8.50591,
				9.01339,
				7.86567
			],
			"rotation": {
				"angle": 0,
				"axis": "y",
				"origin": [
					8.5,
					6,
					10.5
				]
			},
			"faces": {
				"north": {
					"uv": [
						5.5,
						1.5,
						7.5,
						2
					],
					"texture": "#0"
				},
				"east": {
					"uv": [
						5,
						1.5,
						5.5,
						2
					],
					"texture": "#0"
				},
				"south": {
					"uv": [
						8,
						1.5,
						10,
						2
					],
					"texture": "#0"
				},
				"west": {
					"uv": [
						7.5,
						1.5,
						8,
						2
					],
					"texture": "#0"
				},
				"up": {
					"uv": [
						7.5,
						1.5,
						5.5,
						1
					],
					"texture": "#0"
				},
				"down": {
					"uv": [
						9.5,
						1,
						7.5,
						1.5
					],
					"texture": "#0"
				}
			}
		}
	],
	"display": {
		"head": {
			"rotation": [
				0,
				180,
				0
			]
		}
	}
}