{
	"credit": "Made by Bret06 using Blockbench",
	"texture_size": [128, 64],
	"textures": {
		"texture": "lunareclipse.architect:item/decorations/furniture/christmas/reindeer/default"
	},
	"elements": [
		{
			"name": "head",
			"from": [1.25, 11, -3.25],
			"to": [10.25, 15, 0.75],
			"rotation": {"angle": -22.5, "axis": "y", "origin": [7, 1.5, -1.25]},
			"faces": {
				"north": {"uv": [0, 2.25, 1.125, 3.25], "texture": "#texture"},
				"east": {"uv": [2.75, 2.25, 3.25, 3.25], "texture": "#texture"},
				"south": {"uv": [1.625, 2.25, 2.75, 3.25], "texture": "#texture"},
				"west": {"uv": [1.125, 2.25, 1.625, 3.25], "texture": "#texture"},
				"up": {"uv": [1.625, 2.25, 1.125, 0], "rotation": 270, "texture": "#texture"},
				"down": {"uv": [2.125, 0, 1.625, 2.25], "rotation": 90, "texture": "#texture"}
			}
		},
		{
			"name": "head",
			"from": [1.25, 10, -3.25],
			"to": [10.25, 14, 0.75],
			"rotation": {"angle": -22.5, "axis": "y", "origin": [7, 1.5, -1.25]},
			"faces": {
				"north": {"uv": [0, 11.75, 1.125, 12.75], "texture": "#texture"},
				"east": {"uv": [2.75, 11.75, 3.25, 12.75], "texture": "#texture"},
				"south": {"uv": [1.625, 11.75, 2.75, 12.75], "texture": "#texture"},
				"west": {"uv": [1.125, 11.75, 1.625, 12.75], "texture": "#texture"},
				"up": {"uv": [1.625, 11.75, 1.125, 9.5], "rotation": 270, "texture": "#texture"},
				"down": {"uv": [2.125, 9.5, 1.625, 11.75], "rotation": 90, "texture": "#texture"}
			}
		},
		{
			"name": "head",
			"from": [5.25, -1, -5.25],
			"to": [11.25, 17, 2.75],
			"rotation": {"angle": -22.5, "axis": "y", "origin": [7, 1.5, -1.25]},
			"faces": {
				"north": {"uv": [0, 5, 0.75, 9.5], "texture": "#texture"},
				"east": {"uv": [2.5, 5, 3.5, 9.5], "texture": "#texture"},
				"south": {"uv": [1.75, 5, 2.5, 9.5], "texture": "#texture"},
				"west": {"uv": [0.75, 5, 1.75, 9.5], "texture": "#texture"},
				"up": {"uv": [1.75, 5, 0.75, 3.5], "rotation": 270, "texture": "#texture"},
				"down": {"uv": [2.75, 3.5, 1.75, 5], "rotation": 90, "texture": "#texture"}
			}
		},
		{
			"name": "head",
			"from": [4.75, 3.5, -5.75],
			"to": [11.75, 17.5, 3.25],
			"rotation": {"angle": -22.5, "axis": "y", "origin": [7, 1.5, -1.25]},
			"faces": {
				"north": {"uv": [7.125, 12.75, 8, 16], "texture": "#texture"},
				"east": {"uv": [10.125, 12.75, 11.125, 16], "texture": "#texture"},
				"south": {"uv": [9.125, 12.75, 10, 16], "texture": "#texture"},
				"west": {"uv": [8, 12.75, 9.125, 16], "texture": "#texture"}
			}
		},
		{
			"name": "head",
			"from": [7.25, 17, -0.25],
			"to": [9.25, 20, 2.75],
			"rotation": {"angle": -22.5, "axis": "y", "origin": [7, 1.5, -1.25]},
			"faces": {
				"north": {"uv": [2.125, 0.5, 2.375, 1.25], "texture": "#texture"},
				"east": {"uv": [3, 0.5, 3.375, 1.25], "texture": "#texture"},
				"south": {"uv": [2.75, 0.5, 3, 1.25], "texture": "#texture"},
				"west": {"uv": [2.375, 0.5, 2.75, 1.25], "texture": "#texture"},
				"up": {"uv": [2.75, 0.5, 2.375, 0], "rotation": 270, "texture": "#texture"},
				"down": {"uv": [3.125, 0, 2.75, 0.5], "rotation": 90, "texture": "#texture"}
			}
		},
		{
			"name": "head",
			"from": [7.25, 17, -5.25],
			"to": [9.25, 20, -2.25],
			"rotation": {"angle": -22.5, "axis": "y", "origin": [7, 1.5, -1.25]},
			"faces": {
				"north": {"uv": [3, 0.5, 2.75, 1.25], "texture": "#texture"},
				"east": {"uv": [3, 0.5, 3.375, 1.25], "texture": "#texture"},
				"south": {"uv": [2.375, 0.5, 2.125, 1.25], "texture": "#texture"},
				"west": {"uv": [2.75, 0.5, 2.375, 1.25], "texture": "#texture"},
				"up": {"uv": [2.375, 0.5, 2.75, 0], "rotation": 270, "texture": "#texture"},
				"down": {"uv": [3.125, 0, 2.75, 0.5], "rotation": 90, "texture": "#texture"}
			}
		},
		{
			"from": [8.25, 15, 2.75],
			"to": [8.25, 31, 10.75],
			"rotation": {"angle": -22.5, "axis": "y", "origin": [7, 1.5, -1.25]},
			"faces": {
				"east": {"uv": [13, 1, 12, 5], "texture": "#texture"},
				"west": {"uv": [12, 1, 13, 5], "texture": "#texture"}
			}
		},
		{
			"from": [8.25, 15, -13.25],
			"to": [8.25, 31, -5.25],
			"rotation": {"angle": -22.5, "axis": "y", "origin": [7, 1.5, -1.25]},
			"faces": {
				"east": {"uv": [12, 1, 13, 5], "texture": "#texture"},
				"west": {"uv": [13, 1, 12, 5], "texture": "#texture"}
			}
		},
		{
			"name": "body",
			"from": [2, -2, 1],
			"to": [14, 8, 19],
			"rotation": {"angle": 0, "axis": "z", "origin": [7.75, 3, 15]},
			"faces": {
				"north": {"uv": [6.375, 2.5, 4.875, 0], "rotation": 180, "texture": "#texture"},
				"east": {"uv": [3.625, 2.5, 4.875, 7], "rotation": 90, "texture": "#texture"},
				"south": {"uv": [7.875, 0, 6.375, 2.5], "texture": "#texture"},
				"west": {"uv": [6.375, 2.5, 7.625, 7], "rotation": 270, "texture": "#texture"},
				"up": {"uv": [7.625, 2.5, 9.125, 7], "texture": "#texture"},
				"down": {"uv": [4.875, 2.5, 6.375, 7], "rotation": 180, "texture": "#texture"}
			}
		},
		{
			"name": "body",
			"from": [1.5, -2.5, 0.5],
			"to": [14.5, 8.5, 19.5],
			"rotation": {"angle": 0, "axis": "z", "origin": [7.75, 3, 15]},
			"faces": {
				"east": {"uv": [14.125, 10.75, 15.375, 15.25], "rotation": 90, "texture": "#texture"},
				"west": {"uv": [14.125, 15.25, 15.375, 10.75], "rotation": 90, "texture": "#texture"},
				"up": {"uv": [12.5, 10.75, 14.125, 15.25], "texture": "#texture"}
			}
		},
		{
			"from": [6, 1, 19],
			"to": [9, 5, 21],
			"rotation": {"angle": 0, "axis": "z", "origin": [7.75, 3, 15]},
			"faces": {
				"east": {"uv": [8.75, 4, 9, 3], "texture": "#texture"},
				"south": {"uv": [8.375, 4, 8.75, 3], "texture": "#texture"},
				"west": {"uv": [8.125, 4, 8.375, 3], "texture": "#texture"},
				"up": {"uv": [8.375, 4, 8.75, 4.5], "texture": "#texture"},
				"down": {"uv": [8.375, 2.5, 8.75, 3], "texture": "#texture"}
			}
		},
		{
			"name": "leg1",
			"from": [8.5, -5, 6],
			"to": [12.5, -1, 20],
			"rotation": {"angle": 22.5, "axis": "y", "origin": [10.5, -3, 13]},
			"faces": {
				"north": {"uv": [5.125, 7.25, 4.625, 8.25], "rotation": 180, "texture": "#texture"},
				"east": {"uv": [3.625, 8.25, 4.125, 11.75], "rotation": 270, "texture": "#texture"},
				"south": {"uv": [4.625, 8.25, 4.125, 7.25], "texture": "#texture"},
				"west": {"uv": [4.625, 8.25, 5.125, 11.75], "rotation": 90, "texture": "#texture"},
				"up": {"uv": [4.125, 8.25, 4.625, 11.75], "rotation": 180, "texture": "#texture"},
				"down": {"uv": [5.125, 8.25, 5.625, 11.75], "texture": "#texture"}
			}
		},
		{
			"name": "leg2",
			"from": [0.5, -5, 5],
			"to": [4.5, -1, 19],
			"rotation": {"angle": 22.5, "axis": "y", "origin": [2.5, -3, 12]},
			"faces": {
				"north": {"uv": [5.125, 7.25, 4.625, 8.25], "rotation": 180, "texture": "#texture"},
				"east": {"uv": [3.625, 8.25, 4.125, 11.75], "rotation": 270, "texture": "#texture"},
				"south": {"uv": [4.625, 8.25, 4.125, 7.25], "texture": "#texture"},
				"west": {"uv": [4.625, 8.25, 5.125, 11.75], "rotation": 90, "texture": "#texture"},
				"up": {"uv": [4.125, 8.25, 4.625, 11.75], "rotation": 180, "texture": "#texture"},
				"down": {"uv": [5.125, 8.25, 5.625, 11.75], "texture": "#texture"}
			}
		},
		{
			"name": "leg3",
			"from": [9.5, -5, -4],
			"to": [13.5, -1, 10],
			"rotation": {"angle": -22.5, "axis": "y", "origin": [11.5, -3, 3]},
			"faces": {
				"north": {"uv": [4.625, 8.25, 4.125, 7.25], "rotation": 180, "texture": "#texture"},
				"east": {"uv": [3.625, 8.25, 4.125, 11.75], "rotation": 90, "texture": "#texture"},
				"south": {"uv": [5.125, 7.25, 4.625, 8.25], "texture": "#texture"},
				"west": {"uv": [4.625, 8.25, 5.125, 11.75], "rotation": 270, "texture": "#texture"},
				"up": {"uv": [5.125, 8.25, 5.625, 11.75], "texture": "#texture"},
				"down": {"uv": [4.125, 8.25, 4.625, 11.75], "rotation": 180, "texture": "#texture"}
			}
		},
		{
			"name": "leg4",
			"from": [3, -5, -5],
			"to": [7, -1, 9],
			"rotation": {"angle": 0, "axis": "y", "origin": [5, -3, 2]},
			"faces": {
				"north": {"uv": [4.625, 8.25, 4.125, 7.25], "rotation": 180, "texture": "#texture"},
				"east": {"uv": [3.625, 8.25, 4.125, 11.75], "rotation": 90, "texture": "#texture"},
				"south": {"uv": [5.125, 7.25, 4.625, 8.25], "texture": "#texture"},
				"west": {"uv": [4.625, 8.25, 5.125, 11.75], "rotation": 270, "texture": "#texture"},
				"up": {"uv": [5.125, 8.25, 5.625, 11.75], "texture": "#texture"},
				"down": {"uv": [4.125, 8.25, 4.625, 11.75], "rotation": 180, "texture": "#texture"}
			}
		}
	],
	"gui_light": "front",
	"display": {
		"thirdperson_righthand": {
			"rotation": [75, 45, 0],
			"translation": [0, 2.5, 0],
			"scale": [0.375, 0.375, 0.375]
		},
		"thirdperson_lefthand": {
			"rotation": [75, 45, 0],
			"translation": [0, 2.5, 0],
			"scale": [0.375, 0.375, 0.375]
		},
		"firstperson_righthand": {
			"rotation": [0, 45, 0],
			"scale": [0.4, 0.4, 0.4]
		},
		"firstperson_lefthand": {
			"rotation": [0, 45, 0],
			"scale": [0.4, 0.4, 0.4]
		},
		"ground": {
			"translation": [0, 7, 0],
			"scale": [0.25, 0.25, 0.25]
		},
		"gui": {
			"rotation": [30, 83, 0],
			"translation": [1.5, -0.5, 0],
			"scale": [0.45, 0.45, 0.45]
		},
		"head": {
			"rotation": [0, -56.25, 0],
			"translation": [0, 19.25, 0]
		},
		"fixed": {
			"rotation": [-90, 0, 0],
			"translation": [0, -1, -26],
			"scale": [2, 2, 2]
		}
	},
	"groups": [
		{
			"name": "group",
			"origin": [8, 8, 8],
			"color": 0,
			"children": [
				{
					"name": "head",
					"origin": [8, 17, 2],
					"color": 0,
					"children": [0, 1, 2, 3, 4, 5, 6, 7]
				},
				{
					"name": "body",
					"origin": [8, 19, 10],
					"color": 0,
					"children": [8, 9, 10]
				},
				{
					"name": "leg1",
					"origin": [11.5, 14, 14],
					"color": 0,
					"children": [11]
				},
				{
					"name": "leg2",
					"origin": [4.5, 14, 14],
					"color": 0,
					"children": [12]
				},
				{
					"name": "leg3",
					"origin": [11.5, 14, 3],
					"color": 0,
					"children": [13]
				},
				{
					"name": "leg4",
					"origin": [4.5, 14, 3],
					"color": 0,
					"children": [14]
				}
			]
		}
	]
}