{
	"credit": "Made with Blockbench",
	"texture_size": [32, 32],
	"textures": {
		"0": "lunareclipse.architect:item/decorations/furniture/taxidermy/bear_head",
		"1": "lunareclipse.architect:item/decorations/furniture/taxidermy/backboard",
		"particle": "lunareclipse.architect:item/decorations/furniture/taxidermy/bear_head"
	},
	"elements": [
		{
			"from": [3, 3, 5],
			"to": [13, 13, 15],
			"faces": {
				"north": {"uv": [2.5, 2.5, 5, 5], "texture": "#0"},
				"east": {"uv": [0, 2.5, 2.5, 5], "texture": "#0"},
				"south": {"uv": [7.5, 2.5, 10, 5], "texture": "#0"},
				"west": {"uv": [5, 2.5, 7.5, 5], "texture": "#0"},
				"up": {"uv": [5, 2.5, 2.5, 0], "texture": "#0"},
				"down": {"uv": [7.5, 0, 5, 2.5], "texture": "#0"}
			}
		},
		{
			"from": [5, 5, 2],
			"to": [11, 8, 5],
			"faces": {
				"north": {"uv": [8.25, 0.75, 9.75, 1.5], "texture": "#0"},
				"east": {"uv": [7.5, 0.75, 8.25, 1.5], "texture": "#0"},
				"south": {"uv": [10.5, 0.75, 12, 1.5], "texture": "#0"},
				"west": {"uv": [9.75, 0.75, 10.5, 1.5], "texture": "#0"},
				"up": {"uv": [9.75, 0.75, 8.25, 0], "texture": "#0"},
				"down": {"uv": [1.5, 9.75, 0, 10.5], "texture": "#0"}
			}
		},
		{
			"from": [11, 11, 10],
			"to": [15, 15, 12],
			"faces": {
				"north": {"uv": [12.75, 7, 13.75, 8], "texture": "#0"},
				"east": {"uv": [12.25, 7, 12.75, 8], "texture": "#0"},
				"south": {"uv": [14.25, 7, 15.25, 8], "texture": "#0"},
				"west": {"uv": [13.75, 7, 14.25, 8], "texture": "#0"},
				"up": {"uv": [13.75, 7, 12.75, 6.5], "texture": "#0"},
				"down": {"uv": [14.75, 6.5, 13.75, 7], "texture": "#0"}
			}
		},
		{
			"from": [1, 11, 10],
			"to": [5, 15, 12],
			"faces": {
				"north": {"uv": [12.75, 5.5, 13.75, 6.5], "texture": "#0"},
				"east": {"uv": [12.25, 7, 12.75, 8], "texture": "#0"},
				"south": {"uv": [14.25, 7, 15.25, 8], "texture": "#0"},
				"west": {"uv": [13.75, 7, 14.25, 8], "texture": "#0"},
				"up": {"uv": [13.75, 7, 12.75, 6.5], "texture": "#0"},
				"down": {"uv": [14.75, 6.5, 13.75, 7], "texture": "#0"}
			}
		},
		{
			"from": [5, 3, 2.3],
			"to": [11, 5, 7.3],
			"rotation": {"angle": -22.5, "axis": "x", "origin": [8, 4, 6]},
			"faces": {
				"north": {"uv": [8.25, 1.5, 9.75, 2], "texture": "#0"},
				"east": {"uv": [7, 1.5, 8.25, 2], "texture": "#0"},
				"south": {"uv": [23, 4, 26, 5], "texture": "#missing"},
				"west": {"uv": [9.75, 1.5, 11, 2], "texture": "#0"},
				"up": {"uv": [1.5, 10.5, 0, 9.25], "texture": "#0"},
				"down": {"uv": [12, 0.75, 10.5, 2], "texture": "#0"}
			}
		},
		{
			"from": [1, 1, 15],
			"to": [15, 15, 16],
			"faces": {
				"north": {"uv": [7, 1.5, 14, 8.5], "texture": "#1"},
				"east": {"uv": [7, 1.5, 7.5, 8.5], "texture": "#1"},
				"south": {"uv": [7, 1.5, 14, 8.5], "texture": "#1"},
				"west": {"uv": [13.5, 1.5, 14, 8.5], "texture": "#1"},
				"up": {"uv": [14, 2, 7, 1.5], "texture": "#1"},
				"down": {"uv": [14, 8, 7, 8.5], "texture": "#1"}
			}
		}
	],
	"display": {
		"thirdperson_righthand": {
			"rotation": [75, 45, 0],
			"translation": [0, 2.5, 0],
			"scale": [0.375, 0.375, 0.375]
		},
		"thirdperson_lefthand": {
			"rotation": [75, 45, 0],
			"translation": [0, 2.5, 0],
			"scale": [0.375, 0.375, 0.375]
		},
		"firstperson_righthand": {
			"rotation": [0, 45, 0],
			"scale": [0.4, 0.4, 0.4]
		},
		"firstperson_lefthand": {
			"rotation": [0, 225, 0],
			"scale": [0.4, 0.4, 0.4]
		},
		"ground": {
			"translation": [0, 3, 0],
			"scale": [0.5, 0.5, 0.5]
		},
		"gui": {
			"rotation": [30, 225, 0],
			"translation": [1.75, -1, 0],
			"scale": [0.75, 0.75, 0.75]
		},
		"fixed": {
			"translation": [0, 0, -16],
			"scale": [2, 2, 2]
		}
	},
	"groups": [
		{
			"name": "group",
			"origin": [8, 8, 8],
			"color": 0,
			"nbt": "{}",
			"children": [0, 1, 2, 3, 4]
		},
		5
	]
}