{
	"credit": "Made with Blockbench",
	"textures": {
		"0": "lunareclipse.architect:item/decorations/book",
		"particle": "lunareclipse.architect:item/decorations/book"
	},
	"elements": [
		{
			"from": [3, 4.2, 11],
			"to": [13, 6.2, 11],
			"rotation": {"angle": 45, "axis": "y", "origin": [8, 5.2, 8]},
			"faces": {
				"north": {"uv": [8.25, 0, 8.75, 2.5], "rotation": 90, "texture": "#0"},
				"east": {"uv": [0, 0, 0, 0], "texture": "#0"},
				"south": {"uv": [8.25, 0, 8.75, 2.5], "rotation": 90, "texture": "#0"},
				"west": {"uv": [0, 0, 0, 0.5], "texture": "#0"},
				"up": {"uv": [0, 0, 0, 2.5], "rotation": 90, "texture": "#0"},
				"down": {"uv": [0, 0, 0, 2.5], "rotation": 270, "texture": "#0"}
			}
		},
		{
			"from": [3, 4.2, 5],
			"to": [13, 4.2, 11],
			"rotation": {"angle": 45, "axis": "y", "origin": [8, 5.2, 8]},
			"faces": {
				"north": {"uv": [0, 0, 2.5, 0], "texture": "#0"},
				"east": {"uv": [0, 0, 0, 0], "texture": "#0"},
				"south": {"uv": [0, 0, 2.5, 0], "texture": "#0"},
				"west": {"uv": [0, 0, 1.5, 0], "texture": "#0"},
				"up": {"uv": [6.75, 0, 8.25, 2.5], "rotation": 90, "texture": "#0"},
				"down": {"uv": [6.75, 0, 8.25, 2.5], "rotation": 270, "texture": "#0"}
			}
		},
		{
			"from": [3, 6.2, 5],
			"to": [13, 6.2, 11],
			"rotation": {"angle": 45, "axis": "y", "origin": [8, 5.2, 8]},
			"faces": {
				"north": {"uv": [0, 0, 2.5, 0], "texture": "#0"},
				"east": {"uv": [0, 0, 0, 0], "texture": "#0"},
				"south": {"uv": [0, 0, 2.5, 0], "texture": "#0"},
				"west": {"uv": [0, 0, 1.5, 0], "texture": "#0"},
				"up": {"uv": [6.75, 0, 8.25, 2.5], "rotation": 90, "texture": "#0"},
				"down": {"uv": [6.75, 0, 8.25, 2.5], "rotation": 270, "texture": "#0"}
			}
		},
		{
			"from": [4, 5.199, 5.999],
			"to": [12, 6.198, 10.999],
			"rotation": {"angle": 45, "axis": "y", "origin": [8, 5.2, 8]},
			"faces": {
				"north": {"uv": [1, 5.5, 2.25, 5.75], "texture": "#0"},
				"east": {"uv": [1, 5.5, 2.25, 5.75], "texture": "#0"},
				"south": {"uv": [1.5, 0.25, 1.75, 2.25], "rotation": 90, "texture": "#0"},
				"west": {"uv": [1, 5.5, 2.25, 5.75], "texture": "#0"},
				"up": {"uv": [0.25, 0.25, 1.5, 2.25], "rotation": 90, "texture": "#0"},
				"down": {"uv": [0.25, 5.75, 1.5, 7.75], "rotation": 270, "texture": "#0"}
			}
		},
		{
			"from": [4, 4.201, 5.999],
			"to": [12, 5.2, 10.999],
			"rotation": {"angle": 45, "axis": "y", "origin": [8, 5.2, 8]},
			"faces": {
				"north": {"uv": [3.75, 5.5, 5, 5.75], "texture": "#0"},
				"east": {"uv": [3.75, 5.5, 5, 5.75], "texture": "#0"},
				"south": {"uv": [1.75, 0.25, 2, 2.25], "rotation": 90, "texture": "#0"},
				"west": {"uv": [3.75, 5.5, 5, 5.75], "texture": "#0"},
				"up": {"uv": [1.75, 5.75, 3, 7.75], "rotation": 90, "texture": "#0"},
				"down": {"uv": [12, 1, 13.25, 3], "rotation": 270, "texture": "#0"}
			}
		},
		{
			"from": [11, 2.1, 3],
			"to": [11, 4.1, 13],
			"rotation": {"angle": -22.5, "axis": "y", "origin": [8, 3.1, 8]},
			"faces": {
				"north": {"uv": [0, 0, 0, 0], "texture": "#0"},
				"east": {"uv": [6, 0, 6.5, 2.5], "rotation": 90, "texture": "#0"},
				"south": {"uv": [0, 0, 0, 0.5], "texture": "#0"},
				"west": {"uv": [6, 0, 6.5, 2.5], "rotation": 90, "texture": "#0"},
				"up": {"uv": [0, 0, 0, 2.5], "texture": "#0"},
				"down": {"uv": [0, 0, 0, 2.5], "texture": "#0"}
			}
		},
		{
			"from": [5, 2.1, 3],
			"to": [11, 2.1, 13],
			"rotation": {"angle": -22.5, "axis": "y", "origin": [8, 3.1, 8]},
			"faces": {
				"north": {"uv": [0, 0, 0, 0], "texture": "#0"},
				"east": {"uv": [0, 0, 2.5, 0], "texture": "#0"},
				"south": {"uv": [0, 0, 1.5, 0], "texture": "#0"},
				"west": {"uv": [0, 0, 2.5, 0], "texture": "#0"},
				"up": {"uv": [4.5, 0, 6, 2.5], "texture": "#0"},
				"down": {"uv": [4.5, 0, 6, 2.5], "texture": "#0"}
			}
		},
		{
			"from": [5, 4.1, 3],
			"to": [11, 4.1, 13],
			"rotation": {"angle": -22.5, "axis": "y", "origin": [8, 3.1, 8]},
			"faces": {
				"north": {"uv": [0, 0, 0, 0], "texture": "#0"},
				"east": {"uv": [0, 0, 2.5, 0], "texture": "#0"},
				"south": {"uv": [0, 0, 1.5, 0], "texture": "#0"},
				"west": {"uv": [0, 0, 2.5, 0], "texture": "#0"},
				"up": {"uv": [4.5, 0, 6, 2.5], "texture": "#0"},
				"down": {"uv": [4.5, 0, 6, 2.5], "texture": "#0"}
			}
		},
		{
			"from": [5.999, 3.099, 4],
			"to": [10.999, 4.098, 12],
			"rotation": {"angle": -22.5, "axis": "y", "origin": [8, 3.1, 8]},
			"faces": {
				"north": {"uv": [1, 5.5, 2.25, 5.75], "texture": "#0"},
				"east": {"uv": [1.5, 0.25, 1.75, 2.25], "rotation": 90, "texture": "#0"},
				"south": {"uv": [1, 5.5, 2.25, 5.75], "texture": "#0"},
				"west": {"uv": [1, 5.5, 2.25, 5.75], "texture": "#0"},
				"up": {"uv": [0.25, 0.25, 1.5, 2.25], "texture": "#0"},
				"down": {"uv": [0.25, 5.75, 1.5, 7.75], "texture": "#0"}
			}
		},
		{
			"from": [5.999, 2.101, 4],
			"to": [10.999, 3.1, 12],
			"rotation": {"angle": -22.5, "axis": "y", "origin": [8, 3.1, 8]},
			"faces": {
				"north": {"uv": [3.75, 5.5, 5, 5.75], "texture": "#0"},
				"east": {"uv": [1.75, 0.25, 2, 2.25], "rotation": 90, "texture": "#0"},
				"south": {"uv": [3.75, 5.5, 5, 5.75], "texture": "#0"},
				"west": {"uv": [3.75, 5.5, 5, 5.75], "texture": "#0"},
				"up": {"uv": [1.75, 5.75, 3, 7.75], "texture": "#0"},
				"down": {"uv": [12, 1, 13.25, 3], "texture": "#0"}
			}
		},
		{
			"from": [3, 0, 11],
			"to": [13, 2, 11],
			"rotation": {"angle": 22.5, "axis": "y", "origin": [8, 1, 8]},
			"faces": {
				"north": {"uv": [10.5, 0, 11, 2.5], "rotation": 90, "texture": "#0"},
				"east": {"uv": [0, 0, 0, 0], "texture": "#0"},
				"south": {"uv": [10.5, 0, 11, 2.5], "rotation": 90, "texture": "#0"},
				"west": {"uv": [0, 0, 0, 0.5], "texture": "#0"},
				"up": {"uv": [0, 0, 0, 2.5], "rotation": 90, "texture": "#0"},
				"down": {"uv": [0, 0, 0, 2.5], "rotation": 270, "texture": "#0"}
			}
		},
		{
			"from": [3, 0, 5],
			"to": [13, 0, 11],
			"rotation": {"angle": 22.5, "axis": "y", "origin": [8, 1, 8]},
			"faces": {
				"north": {"uv": [0, 0, 2.5, 0], "texture": "#0"},
				"east": {"uv": [0, 0, 0, 0], "texture": "#0"},
				"south": {"uv": [0, 0, 2.5, 0], "texture": "#0"},
				"west": {"uv": [0, 0, 1.5, 0], "texture": "#0"},
				"up": {"uv": [9, 0, 10.5, 2.5], "rotation": 90, "texture": "#0"},
				"down": {"uv": [9, 2.5, 10.5, 0], "rotation": 270, "texture": "#0"}
			}
		},
		{
			"from": [3, 2, 5],
			"to": [13, 2, 11],
			"rotation": {"angle": 22.5, "axis": "y", "origin": [8, 1, 8]},
			"faces": {
				"north": {"uv": [0, 0, 2.5, 0], "texture": "#0"},
				"east": {"uv": [0, 0, 0, 0], "texture": "#0"},
				"south": {"uv": [0, 0, 2.5, 0], "texture": "#0"},
				"west": {"uv": [0, 0, 1.5, 0], "texture": "#0"},
				"up": {"uv": [9, 0, 10.5, 2.5], "rotation": 90, "texture": "#0"},
				"down": {"uv": [9, 0, 10.5, 2.5], "rotation": 270, "texture": "#0"}
			}
		},
		{
			"from": [4, 0.999, 5.999],
			"to": [12, 1.998, 10.999],
			"rotation": {"angle": 22.5, "axis": "y", "origin": [8, 1, 8]},
			"faces": {
				"north": {"uv": [1, 5.5, 2.25, 5.75], "texture": "#0"},
				"east": {"uv": [1, 5.5, 2.25, 5.75], "texture": "#0"},
				"south": {"uv": [1.5, 0.25, 1.75, 2.25], "rotation": 90, "texture": "#0"},
				"west": {"uv": [1, 5.5, 2.25, 5.75], "texture": "#0"},
				"up": {"uv": [0.25, 0.25, 1.5, 2.25], "rotation": 90, "texture": "#0"},
				"down": {"uv": [0.25, 5.75, 1.5, 7.75], "rotation": 270, "texture": "#0"}
			}
		},
		{
			"from": [4, 0.001, 5.999],
			"to": [12, 1, 10.999],
			"rotation": {"angle": 22.5, "axis": "y", "origin": [8, 1, 8]},
			"faces": {
				"north": {"uv": [3.75, 5.5, 5, 5.75], "texture": "#0"},
				"east": {"uv": [3.75, 5.5, 5, 5.75], "texture": "#0"},
				"south": {"uv": [1.75, 0.25, 2, 2.25], "rotation": 90, "texture": "#0"},
				"west": {"uv": [3.75, 5.5, 5, 5.75], "texture": "#0"},
				"up": {"uv": [1.75, 5.75, 3, 7.75], "rotation": 90, "texture": "#0"},
				"down": {"uv": [12, 1, 13.25, 3], "rotation": 270, "texture": "#0"}
			}
		}
	],
	"display": {
		"thirdperson_righthand": {
			"rotation": [55, -14, 0],
			"translation": [1, 6.75, 5]
		},
		"thirdperson_lefthand": {
			"rotation": [55, -14, 0],
			"translation": [1, 6.75, 5]
		},
		"firstperson_righthand": {
			"rotation": [34, 10, 28],
			"translation": [-2, 5.75, 6.5]
		},
		"firstperson_lefthand": {
			"rotation": [34, 10, 28],
			"translation": [-2, 5.75, 6.5]
		},
		"ground": {
			"translation": [0, 3.5, 0],
			"scale": [0.6, 0.6, 0.6]
		},
		"gui": {
			"rotation": [18.75, 93.25, 11.75],
			"translation": [0, 5.25, 0],
			"scale": [1.3, 1.3, 1.3]
		},
		"head": {
			"translation": [0, 19.26, 0],
			"scale": [1.6, 1.6, 1.6]
		},
		"fixed": {
			"rotation": [-90, 0, 0],
			"translation": [0, 0, -16.26],
			"scale": [2, 2, 2]
		}
	},
	"groups": [
		{
			"name": "group",
			"origin": [8, 8, 8],
			"color": 0,
			"children": [0, 1, 2, 3, 4]
		},
		{
			"name": "group",
			"origin": [8, 8, 8],
			"color": 0,
			"children": [5, 6, 7, 8, 9]
		},
		{
			"name": "group",
			"origin": [8, 8, 8],
			"color": 0,
			"children": [10, 11, 12, 13, 14]
		}
	]
}