{
	"textures": {
		"0": "lunareclipse.cosmetics:item/entity/webster"
	},
	"elements": [
		{
			"from": [
				7.5,
				7.5,
				8
			],
			"to": [
				9.5,
				9.5,
				9
			],
			"rotation": {
				"angle": 0,
				"axis": "y",
				"origin": [
					8,
					5,
					11
				]
			},
			"faces": {
				"north": {
					"uv": [
						0.5,
						8,
						1.5,
						9
					],
					"texture": "#0"
				},
				"east": {
					"uv": [
						0,
						8,
						0.5,
						9
					],
					"texture": "#0"
				},
				"south": {
					"uv": [
						2,
						8,
						3,
						9
					],
					"texture": "#0"
				},
				"west": {
					"uv": [
						1.5,
						8,
						2,
						9
					],
					"texture": "#0"
				},
				"up": {
					"uv": [
						1.5,
						8,
						0.5,
						7.5
					],
					"texture": "#0"
				},
				"down": {
					"uv": [
						2.5,
						7.5,
						1.5,
						8
					],
					"texture": "#0"
				}
			}
		},
		{
			"from": [
				6.75,
				6.75,
				8.75
			],
			"to": [
				10.25,
				10.25,
				13.25
			],
			"rotation": {
				"angle": 0,
				"axis": "y",
				"origin": [
					8,
					5,
					11
				]
			},
			"faces": {
				"north": {
					"uv": [
						2,
						2,
						3.5,
						3.5
					],
					"texture": "#0"
				},
				"east": {
					"uv": [
						0,
						2,
						2,
						3.5
					],
					"texture": "#0"
				},
				"south": {
					"uv": [
						5.5,
						2,
						7,
						3.5
					],
					"texture": "#0"
				},
				"west": {
					"uv": [
						3.5,
						2,
						5.5,
						3.5
					],
					"texture": "#0"
				},
				"up": {
					"uv": [
						3.5,
						2,
						2,
						0
					],
					"texture": "#0"
				},
				"down": {
					"uv": [
						5,
						0,
						3.5,
						2
					],
					"texture": "#0"
				}
			}
		}
	],
	"display": {
		"head": {
			"rotation": [
				0,
				180,
				0
			]
		}
	}
}