{
	"credit": "Made by Bret06 using Blockbench",
	"texture_size": [1000, 320],
	"textures": {
		"0": "lunareclipse.watching:item/ui/text"
	},
	"elements": [
		{
			"from": [22.68, 1.2, 6.9],
			"to": [25.48, 5.2, 9.1],
			"rotation": {"angle": 0, "axis": "x", "origin": [7.6, 3.2, 8]},
			"faces": {
				"north": {"uv": [2.88, 1.1, 3.328, 3.1], "texture": "#0"},
				"south": {"uv": [3.328, 1.1, 2.88, 3.1], "texture": "#0"},
				"up": {"uv": [3.328, 1.1, 2.88, 0], "texture": "#0"},
				"down": {"uv": [3.328, 4.2, 2.88, 3.1], "texture": "#0"}
			}
		},
		{
			"from": [22.48, 3.8, 6.7],
			"to": [24.08, 4.2, 9.3],
			"rotation": {"angle": 0, "axis": "x", "origin": [7.6, 3.2, 8]},
			"faces": {
				"east": {"uv": [0, 13.3, 0.016, 13.35], "texture": "#0"},
				"up": {"uv": [0, 13.3, 0.016, 13.35], "texture": "#0"},
				"down": {"uv": [0, 13.3, 0.016, 13.35], "texture": "#0"}
			}
		},
		{
			"from": [22.48, 1, 6.7],
			"to": [24.08, 2.6, 9.3],
			"rotation": {"angle": 0, "axis": "x", "origin": [7.6, 3.2, 8]},
			"faces": {
				"east": {"uv": [0, 13.3, 0.016, 13.35], "texture": "#0"},
				"up": {"uv": [0, 13.3, 0.016, 13.35], "texture": "#0"}
			}
		},
		{
			"from": [25.68, 5.4, 9.3],
			"to": [22.48, 1, 6.7],
			"rotation": {"angle": 0, "axis": "x", "origin": [7.6, 3.2, 8]},
			"faces": {
				"north": {"uv": [0.096, 13.85, 0.064, 13.3], "texture": "#0"},
				"east": {"uv": [0.096, 13.85, 0.08, 13.3], "texture": "#0"},
				"south": {"uv": [0.064, 13.85, 0.096, 13.3], "texture": "#0"},
				"west": {"uv": [0, 13.3, 0.016, 13.35], "texture": "#0"},
				"up": {"uv": [0.016, 13.35, 0.048, 13.4], "texture": "#0"},
				"down": {"uv": [0, 13.3, 0.016, 13.35], "texture": "#0"}
			}
		},
		{
			"from": [19.48, 1.2, 6.9],
			"to": [22.28, 5.2, 9.1],
			"rotation": {"angle": 0, "axis": "x", "origin": [7.6, 3.2, 8]},
			"faces": {
				"north": {"uv": [0, 1.1, 0.448, 3.1], "texture": "#0"},
				"south": {"uv": [0.448, 1.1, 0, 3.1], "texture": "#0"},
				"up": {"uv": [0.448, 1.1, 0, 0], "texture": "#0"},
				"down": {"uv": [0.448, 4.2, 0, 3.1], "texture": "#0"}
			}
		},
		{
			"from": [22.48, 5.4, 9.3],
			"to": [19.28, 1, 6.7],
			"rotation": {"angle": 0, "axis": "x", "origin": [7.6, 3.2, 8]},
			"faces": {
				"north": {"uv": [0, 13.3, 0.016, 13.35], "texture": "#0"},
				"east": {"uv": [0, 13.3, 0.016, 13.35], "texture": "#0"},
				"south": {"uv": [0, 13.3, 0.016, 13.35], "texture": "#0"},
				"west": {"uv": [0, 13.3, 0.016, 13.35], "texture": "#0"},
				"up": {"uv": [0, 13.3, 0.016, 13.35], "texture": "#0"},
				"down": {"uv": [0, 13.3, 0.016, 13.35], "texture": "#0"}
			}
		},
		{
			"from": [16.28, 1.2, 6.9],
			"to": [19.08, 5.2, 9.1],
			"rotation": {"angle": 0, "axis": "x", "origin": [7.6, 3.2, 8]},
			"faces": {
				"north": {"uv": [7.296, 1.1, 7.744, 3.1], "texture": "#0"},
				"south": {"uv": [7.744, 1.1, 7.296, 3.1], "texture": "#0"},
				"up": {"uv": [7.744, 1.1, 7.296, 0], "texture": "#0"},
				"down": {"uv": [7.744, 4.2, 7.296, 3.1], "texture": "#0"}
			}
		},
		{
			"from": [19.28, 5.4, 9.3],
			"to": [16.08, 1, 6.7],
			"rotation": {"angle": 0, "axis": "x", "origin": [7.6, 3.2, 8]},
			"faces": {
				"north": {"uv": [0, 13.3, 0.016, 13.35], "texture": "#0"},
				"east": {"uv": [0, 13.3, 0.016, 13.35], "texture": "#0"},
				"south": {"uv": [0, 13.3, 0.016, 13.35], "texture": "#0"},
				"west": {"uv": [0, 13.3, 0.016, 13.35], "texture": "#0"},
				"up": {"uv": [0, 13.3, 0.016, 13.35], "texture": "#0"},
				"down": {"uv": [0, 13.3, 0.016, 13.35], "texture": "#0"}
			}
		},
		{
			"from": [11.88, 1.2, 6.9],
			"to": [15.88, 5.2, 9.1],
			"rotation": {"angle": 0, "axis": "x", "origin": [7.6, 3.2, 8]},
			"faces": {
				"north": {"uv": [5.92, 1.1, 6.56, 3.1], "texture": "#0"},
				"east": {"uv": [0.032, 13.4, 0.048, 13.3], "texture": "#0"},
				"south": {"uv": [6.56, 1.1, 5.92, 3.1], "texture": "#0"},
				"west": {"uv": [0.032, 13.4, 0.048, 13.3], "texture": "#0"},
				"up": {"uv": [6.56, 1.1, 5.92, 0], "texture": "#0"},
				"down": {"uv": [6.56, 4.2, 5.92, 3.1], "texture": "#0"}
			}
		},
		{
			"from": [13.48, 2, 6.9],
			"to": [14.28, 2, 9.1],
			"rotation": {"angle": 0, "axis": "x", "origin": [7.6, 3.2, 8]},
			"faces": {
				"down": {"uv": [6.72, 4.2, 6.592, 3.1], "texture": "#0"}
			}
		},
		{
			"from": [13.28, 4.6, 6.7],
			"to": [14.48, 5.4, 9.3],
			"rotation": {"angle": 0, "axis": "x", "origin": [7.6, 3.2, 8]},
			"faces": {
				"east": {"uv": [0, 13.3, 0.016, 13.35], "texture": "#0"},
				"west": {"uv": [0, 13.3, 0.016, 13.35], "texture": "#0"},
				"down": {"uv": [0.016, 13.35, 0.064, 13.4], "texture": "#0"}
			}
		},
		{
			"from": [13.68, 3.8, 6.7],
			"to": [14.08, 4.6, 9.3],
			"rotation": {"angle": 0, "axis": "x", "origin": [7.6, 3.2, 8]},
			"faces": {
				"east": {"uv": [0, 13.3, 0.016, 13.35], "texture": "#0"},
				"west": {"uv": [0, 13.3, 0.016, 13.35], "texture": "#0"},
				"down": {"uv": [0, 13.3, 0.016, 13.35], "texture": "#0"}
			}
		},
		{
			"from": [13.28, 1, 6.7],
			"to": [14.48, 1.8, 9.3],
			"rotation": {"angle": 0, "axis": "x", "origin": [7.6, 3.2, 8]},
			"faces": {
				"east": {"uv": [0, 13.3, 0.016, 13.35], "texture": "#0"},
				"west": {"uv": [0, 13.3, 0.016, 13.35], "texture": "#0"},
				"up": {"uv": [0, 13.3, 0.016, 13.35], "texture": "#0"}
			}
		},
		{
			"from": [16.08, 5.4, 9.3],
			"to": [11.68, 1, 6.7],
			"rotation": {"angle": 0, "axis": "x", "origin": [7.6, 3.2, 8]},
			"faces": {
				"north": {"uv": [0.192, 13.85, 0.368, 13.3], "texture": "#0"},
				"east": {"uv": [0, 13.3, 0.016, 13.35], "texture": "#0"},
				"south": {"uv": [0.192, 13.85, 0.368, 13.3], "texture": "#0"},
				"west": {"uv": [0, 13.3, 0.016, 13.35], "texture": "#0"},
				"up": {"uv": [0.192, 13.3, 0.368, 13.35], "texture": "#0"},
				"down": {"uv": [0.192, 13.3, 0.368, 13.35], "texture": "#0"}
			}
		},
		{
			"from": [7.6, 1.2, 6.9],
			"to": [10.4, 5.2, 9.1],
			"rotation": {"angle": 0, "axis": "x", "origin": [7.6, 3.2, 8]},
			"faces": {
				"north": {"uv": [9.76, 1.1, 10.208, 3.1], "texture": "#0"},
				"south": {"uv": [10.208, 1.1, 9.76, 3.1], "texture": "#0"},
				"up": {"uv": [10.208, 1.1, 9.76, 0], "texture": "#0"},
				"down": {"uv": [10.208, 4.2, 9.76, 3.1], "texture": "#0"}
			}
		},
		{
			"from": [9.8, 1, 6.7],
			"to": [10.6, 4.2, 9.3],
			"rotation": {"angle": 0, "axis": "x", "origin": [7.6, 3.2, 8]},
			"faces": {
				"west": {"uv": [0, 13.3, 0.016, 13.35], "texture": "#0"},
				"up": {"uv": [0, 13.3, 0.016, 13.35], "texture": "#0"}
			}
		},
		{
			"from": [7.4, 1, 6.7],
			"to": [8.2, 4.2, 9.3],
			"rotation": {"angle": 0, "axis": "x", "origin": [7.6, 3.2, 8]},
			"faces": {
				"east": {"uv": [0, 13.3, 0.016, 13.35], "texture": "#0"},
				"up": {"uv": [0, 13.3, 0.016, 13.35], "texture": "#0"}
			}
		},
		{
			"from": [10.6, 5.4, 9.3],
			"to": [7.4, 1, 6.7],
			"rotation": {"angle": 0, "axis": "x", "origin": [7.6, 3.2, 8]},
			"faces": {
				"north": {"uv": [0.032, 14.4, 0.096, 13.85], "texture": "#0"},
				"east": {"uv": [0.032, 14.4, 0.048, 13.85], "texture": "#0"},
				"south": {"uv": [0.032, 14.4, 0.096, 13.85], "texture": "#0"},
				"west": {"uv": [0.032, 14.4, 0.048, 13.85], "texture": "#0"},
				"up": {"uv": [0.032, 14.4, 0.096, 14.35], "texture": "#0"},
				"down": {"uv": [0, 13.3, 0.016, 13.35], "texture": "#0"}
			}
		},
		{
			"from": [4.4, 1.2, 6.9],
			"to": [7.2, 5.2, 9.1],
			"rotation": {"angle": 0, "axis": "x", "origin": [7.6, 3.2, 8]},
			"faces": {
				"north": {"uv": [3.84, 1.1, 4.288, 3.1], "texture": "#0"},
				"south": {"uv": [4.288, 1.1, 3.84, 3.1], "texture": "#0"},
				"up": {"uv": [4.288, 1.1, 3.84, 0], "texture": "#0"},
				"down": {"uv": [4.288, 4.2, 3.84, 3.1], "texture": "#0"}
			}
		},
		{
			"from": [7.4, 5.4, 9.3],
			"to": [4.2, 1, 6.7],
			"rotation": {"angle": 0, "axis": "x", "origin": [7.6, 3.2, 8]},
			"faces": {
				"north": {"uv": [0, 13.3, 0.016, 13.35], "texture": "#0"},
				"east": {"uv": [0, 13.3, 0.016, 13.35], "texture": "#0"},
				"south": {"uv": [0, 13.3, 0.016, 13.35], "texture": "#0"},
				"west": {"uv": [0, 13.3, 0.016, 13.35], "texture": "#0"},
				"up": {"uv": [0, 13.3, 0.016, 13.35], "texture": "#0"},
				"down": {"uv": [0, 13.3, 0.016, 13.35], "texture": "#0"}
			}
		},
		{
			"from": [1.2, 1.2, 6.9],
			"to": [4, 5.2, 9.1],
			"rotation": {"angle": 0, "axis": "x", "origin": [7.6, 3.2, 8]},
			"faces": {
				"north": {"uv": [2.4, 1.1, 2.848, 3.1], "texture": "#0"},
				"south": {"uv": [2.848, 1.1, 2.4, 3.1], "texture": "#0"},
				"up": {"uv": [2.848, 1.1, 2.4, 0], "texture": "#0"},
				"down": {"uv": [2.848, 4.2, 2.4, 3.1], "texture": "#0"}
			}
		},
		{
			"from": [1, 3.8, 6.7],
			"to": [2.6, 4.2, 9.3],
			"rotation": {"angle": 0, "axis": "x", "origin": [7.6, 3.2, 8]},
			"faces": {
				"east": {"uv": [0, 13.3, 0.016, 13.35], "texture": "#0"},
				"up": {"uv": [0, 13.3, 0.016, 13.35], "texture": "#0"},
				"down": {"uv": [0, 13.3, 0.016, 13.35], "texture": "#0"}
			}
		},
		{
			"from": [1, 2.2, 6.7],
			"to": [2.6, 2.6, 9.3],
			"rotation": {"angle": 0, "axis": "x", "origin": [7.6, 3.2, 8]},
			"faces": {
				"east": {"uv": [0, 13.3, 0.016, 13.35], "texture": "#0"},
				"up": {"uv": [0, 13.3, 0.016, 13.35], "texture": "#0"},
				"down": {"uv": [0, 13.3, 0.016, 13.35], "texture": "#0"}
			}
		},
		{
			"from": [4.2, 5.4, 9.3],
			"to": [1, 1, 6.7],
			"rotation": {"angle": 0, "axis": "x", "origin": [7.6, 3.2, 8]},
			"faces": {
				"north": {"uv": [0.048, 13.3, 0.08, 13.85], "texture": "#0"},
				"east": {"uv": [0.064, 13.3, 0.048, 13.85], "texture": "#0"},
				"south": {"uv": [0.08, 13.3, 0.048, 13.85], "texture": "#0"},
				"west": {"uv": [0, 13.3, 0.016, 13.35], "texture": "#0"},
				"up": {"uv": [0, 13.3, 0.016, 13.35], "texture": "#0"},
				"down": {"uv": [0, 13.3, 0.016, 13.35], "texture": "#0"}
			}
		},
		{
			"from": [-3.08, 1.2, 6.9],
			"to": [-0.28, 5.2, 9.1],
			"rotation": {"angle": 0, "axis": "x", "origin": [7.6, 3.2, 8]},
			"faces": {
				"north": {"uv": [2.88, 1.1, 3.328, 3.1], "texture": "#0"},
				"south": {"uv": [3.328, 1.1, 2.88, 3.1], "texture": "#0"},
				"up": {"uv": [3.328, 1.1, 2.88, 0], "texture": "#0"},
				"down": {"uv": [3.328, 4.2, 2.88, 3.1], "texture": "#0"}
			}
		},
		{
			"from": [-3.28, 3.8, 6.7],
			"to": [-1.68, 4.2, 9.3],
			"rotation": {"angle": 0, "axis": "x", "origin": [7.6, 3.2, 8]},
			"faces": {
				"east": {"uv": [0, 13.3, 0.016, 13.35], "texture": "#0"},
				"up": {"uv": [0, 13.3, 0.016, 13.35], "texture": "#0"},
				"down": {"uv": [0, 13.3, 0.016, 13.35], "texture": "#0"}
			}
		},
		{
			"from": [-3.28, 1, 6.7],
			"to": [-1.68, 2.6, 9.3],
			"rotation": {"angle": 0, "axis": "x", "origin": [7.6, 3.2, 8]},
			"faces": {
				"east": {"uv": [0, 13.3, 0.016, 13.35], "texture": "#0"},
				"up": {"uv": [0, 13.3, 0.016, 13.35], "texture": "#0"}
			}
		},
		{
			"from": [-0.08, 5.4, 9.3],
			"to": [-3.28, 1, 6.7],
			"rotation": {"angle": 0, "axis": "x", "origin": [7.6, 3.2, 8]},
			"faces": {
				"north": {"uv": [0.096, 13.85, 0.064, 13.3], "texture": "#0"},
				"east": {"uv": [0.096, 13.85, 0.08, 13.3], "texture": "#0"},
				"south": {"uv": [0.064, 13.85, 0.096, 13.3], "texture": "#0"},
				"west": {"uv": [0, 13.3, 0.016, 13.35], "texture": "#0"},
				"up": {"uv": [0.016, 13.35, 0.048, 13.4], "texture": "#0"},
				"down": {"uv": [0, 13.3, 0.016, 13.35], "texture": "#0"}
			}
		},
		{
			"from": [-6.28, 1.2, 6.9],
			"to": [-3.48, 5.2, 9.1],
			"rotation": {"angle": 0, "axis": "x", "origin": [7.6, 3.2, 8]},
			"faces": {
				"north": {"uv": [7.296, 1.1, 7.744, 3.1], "texture": "#0"},
				"south": {"uv": [7.744, 1.1, 7.296, 3.1], "texture": "#0"},
				"up": {"uv": [7.744, 1.1, 7.296, 0], "texture": "#0"},
				"down": {"uv": [7.744, 4.2, 7.296, 3.1], "texture": "#0"}
			}
		},
		{
			"from": [-3.28, 5.4, 9.3],
			"to": [-6.48, 1, 6.7],
			"rotation": {"angle": 0, "axis": "x", "origin": [7.6, 3.2, 8]},
			"faces": {
				"north": {"uv": [0, 13.3, 0.016, 13.35], "texture": "#0"},
				"east": {"uv": [0, 13.3, 0.016, 13.35], "texture": "#0"},
				"south": {"uv": [0, 13.3, 0.016, 13.35], "texture": "#0"},
				"west": {"uv": [0, 13.3, 0.016, 13.35], "texture": "#0"},
				"up": {"uv": [0, 13.3, 0.016, 13.35], "texture": "#0"},
				"down": {"uv": [0, 13.3, 0.016, 13.35], "texture": "#0"}
			}
		},
		{
			"from": [-9.48, 1.2, 6.9],
			"to": [-6.68, 5.2, 9.1],
			"rotation": {"angle": 0, "axis": "x", "origin": [7.6, 3.2, 8]},
			"faces": {
				"north": {"uv": [3.36, 1.1, 3.808, 3.1], "texture": "#0"},
				"south": {"uv": [3.808, 1.1, 3.36, 3.1], "texture": "#0"},
				"up": {"uv": [3.808, 1.1, 3.36, 0], "texture": "#0"},
				"down": {"uv": [3.808, 4.2, 3.36, 3.1], "texture": "#0"}
			}
		},
		{
			"from": [-9.68, 3.8, 6.7],
			"to": [-8.08, 4.2, 9.3],
			"rotation": {"angle": 0, "axis": "x", "origin": [7.6, 3.2, 8]},
			"faces": {
				"east": {"uv": [0, 13.3, 0.016, 13.35], "texture": "#0"},
				"up": {"uv": [0, 13.3, 0.016, 13.35], "texture": "#0"},
				"down": {"uv": [0, 13.3, 0.016, 13.35], "texture": "#0"}
			}
		},
		{
			"from": [-6.48, 5.4, 9.3],
			"to": [-9.68, 1, 6.7],
			"rotation": {"angle": 0, "axis": "x", "origin": [7.6, 3.2, 8]},
			"faces": {
				"north": {"uv": [0.096, 13.85, 0.128, 13.3], "texture": "#0"},
				"east": {"uv": [0.112, 13.85, 0.096, 13.3], "texture": "#0"},
				"south": {"uv": [0.128, 13.85, 0.096, 13.3], "texture": "#0"},
				"west": {"uv": [0, 13.3, 0.016, 13.35], "texture": "#0"},
				"up": {"uv": [0, 13.3, 0.016, 13.35], "texture": "#0"},
				"down": {"uv": [0, 13.3, 0.016, 13.35], "texture": "#0"}
			}
		}
	],
	"groups": [
		{
			"name": "faom_the_fog",
			"origin": [8, 0, 8],
			"color": 0,
			"children": [
				{
					"name": "faom",
					"origin": [9, 0, 8],
					"color": 0,
					"children": [
						{
							"name": "f",
							"origin": [9, 0, 8],
							"color": 0,
							"children": [0, 1, 2, 3]
						},
						{
							"name": "a",
							"origin": [9, 0, 8],
							"color": 0,
							"children": [4, 5]
						},
						{
							"name": "o",
							"origin": [9, 0, 8],
							"color": 0,
							"children": [6, 7]
						},
						{
							"name": "m",
							"origin": [9, 0, 8],
							"color": 0,
							"children": [8, 9, 10, 11, 12, 13]
						}
					]
				},
				{
					"name": "the",
					"origin": [8, 0, 8],
					"color": 0,
					"children": [
						{
							"name": "t",
							"origin": [8, 0, 8],
							"color": 0,
							"children": [14, 15, 16, 17]
						},
						{
							"name": "h",
							"origin": [8, 0, 8],
							"color": 0,
							"children": [18, 19]
						},
						{
							"name": "e",
							"origin": [8, 0, 8],
							"color": 0,
							"children": [20, 21, 22, 23]
						}
					]
				},
				{
					"name": "fog",
					"origin": [7, 0, 8],
					"color": 0,
					"children": [
						{
							"name": "f",
							"origin": [7, 0, 8],
							"color": 0,
							"children": [24, 25, 26, 27]
						},
						{
							"name": "o",
							"origin": [7, 0, 8],
							"color": 0,
							"children": [28, 29]
						},
						{
							"name": "g",
							"origin": [7, 0, 8],
							"color": 0,
							"children": [30, 31, 32]
						}
					]
				}
			]
		}
	]
}