{
	"credit": "Made by Bret06 using Blockbench",
	"texture_size": [64, 64],
	"textures": {
		"skin": "lunareclipse.watching:item/skins/the_man_from_the_fog/skin"
	},
	"elements": [
		{
			"name": "body",
			"from": [2.5, 8, 5.5],
			"to": [13.5, 27, 10.5],
			"rotation": {"angle": 0, "axis": "y", "origin": [8.5, -9.5, 6.8]},
			"faces": {
				"north": {"uv": [0, 0, 2.75, 4.75], "texture": "#skin"},
				"east": {"uv": [0, 4.75, 1.25, 9.5], "texture": "#skin"},
				"south": {"uv": [2.75, 0, 5.5, 4.75], "texture": "#skin"},
				"west": {"uv": [1.25, 4.75, 2.5, 9.5], "texture": "#skin"},
				"up": {"uv": [11.25, 10.75, 8.5, 9.5], "texture": "#skin"},
				"down": {"uv": [13, 3.5, 10.25, 4.75], "texture": "#skin"}
			}
		}
	],
	"groups": [
		{
			"name": "body",
			"origin": [8, 8.725, 8],
			"color": 1,
			"children": [
				0,
				{
					"name": "bone",
					"origin": [8, 13.9, 8],
					"color": 2,
					"children": []
				}
			]
		}
	]
}