{
	"credit": "Made with Blockbench",
	"textures": {
		"0": "lunareclipse.architect:item/decorations/nature/logs",
		"particle": "lunareclipse.architect:item/decorations/nature/logs"
	},
	"elements": [
		{
			"from": [6.3, 0, -9],
			"to": [10.3, 4, 23],
			"rotation": {"angle": 22.5, "axis": "y", "origin": [0, 0, 0]},
			"faces": {
				"north": {"uv": [0, 2, 2, 4], "texture": "#0"},
				"east": {"uv": [16, 2, 0, 0], "texture": "#0"},
				"south": {"uv": [0, 2, 2, 4], "texture": "#0"},
				"west": {"uv": [0, 0, 16, 2], "texture": "#0"},
				"up": {"uv": [0, 2, 16, 0], "rotation": 90, "texture": "#0"},
				"down": {"uv": [16, 0, 0, 2], "rotation": 90, "texture": "#0"}
			}
		},
		{
			"from": [6.3, 4, -14],
			"to": [10.3, 8, 18],
			"rotation": {"angle": -22.5, "axis": "y", "origin": [0, 0, 0]},
			"faces": {
				"north": {"uv": [0, 2, 2, 4], "texture": "#0"},
				"east": {"uv": [16, 2, 0, 0], "texture": "#0"},
				"south": {"uv": [0, 2, 2, 4], "texture": "#0"},
				"west": {"uv": [0, 0, 16, 2], "texture": "#0"},
				"up": {"uv": [0, 2, 16, 0], "rotation": 90, "texture": "#0"},
				"down": {"uv": [16, 0, 0, 2], "rotation": 90, "texture": "#0"}
			}
		},
		{
			"from": [-2.3, 0, -6],
			"to": [1.7, 4, 26],
			"rotation": {"angle": 22.5, "axis": "y", "origin": [0, 0, 0]},
			"faces": {
				"north": {"uv": [0, 2, 2, 4], "texture": "#0"},
				"east": {"uv": [16, 2, 0, 0], "texture": "#0"},
				"south": {"uv": [0, 2, 2, 4], "texture": "#0"},
				"west": {"uv": [0, 0, 16, 2], "texture": "#0"},
				"up": {"uv": [0, 2, 16, 0], "rotation": 90, "texture": "#0"},
				"down": {"uv": [16, 0, 0, 2], "rotation": 90, "texture": "#0"}
			}
		}
	],
	"display": {
		"gui": {
			"rotation": [32, -35.5, 0],
			"translation": [-0.5, 1.75, 0],
			"scale": [0.5, 0.5, 0.5]
		},
		"fixed": {
			"rotation": [-90, 0, 0],
			"translation": [0, 0, -16],
			"scale": [2, 2, 2]
		}
	}
}