{
	"credit": "Made by Bret06 using Blockbench",
	"textures": {
		"0": "lunareclipse.watching:item/renders/player/8bit_herobrine",
		"1": "lunareclipse.watching:item/renders/blocks/redstone_torch",
		"particle": "lunareclipse.watching:item/renders/player/8bit_herobrine"
	},
	"elements": [
		{
			"from": [2.5, 1.75, 4],
			"to": [15, 6.25, 8.5],
			"rotation": {"angle": -22.5, "axis": "y", "origin": [3.75, 3, 1]},
			"faces": {
				"north": {"uv": [12, 9, 13, 12], "rotation": 90, "texture": "#0"},
				"east": {"uv": [12, 8, 13, 9], "rotation": 180, "texture": "#0"},
				"south": {"uv": [10, 9, 11, 12], "rotation": 270, "texture": "#0"},
				"west": {"uv": [11, 8, 12, 9], "texture": "#0"},
				"up": {"uv": [11, 9, 12, 12], "rotation": 270, "texture": "#0"},
				"down": {"uv": [13, 9, 14, 12], "rotation": 270, "texture": "#0"}
			}
		},
		{
			"from": [10.3, 6.25, 12.8],
			"to": [-2.2, 1.75, 8.3],
			"rotation": {"angle": -22.5, "axis": "y", "origin": [12.25, 13, 15]},
			"faces": {
				"north": {"uv": [11, 9, 10, 12], "rotation": 270, "texture": "#0"},
				"east": {"uv": [11, 9, 12, 8], "texture": "#0"},
				"south": {"uv": [13, 9, 12, 12], "rotation": 90, "texture": "#0"},
				"west": {"uv": [12, 9, 13, 8], "rotation": 180, "texture": "#0"},
				"up": {"uv": [13, 12, 14, 9], "rotation": 270, "texture": "#0"},
				"down": {"uv": [11, 12, 12, 9], "rotation": 270, "texture": "#0"}
			}
		},
		{
			"from": [2.75, 2, 4.25],
			"to": [14.75, 6, 8.25],
			"rotation": {"angle": -22.5, "axis": "y", "origin": [3.75, 3, 1]},
			"faces": {
				"north": {"uv": [12, 5, 13, 8], "rotation": 90, "texture": "#0"},
				"east": {"uv": [12, 4, 13, 5], "rotation": 180, "texture": "#0"},
				"south": {"uv": [10, 5, 11, 8], "rotation": 270, "texture": "#0"},
				"west": {"uv": [11, 4, 12, 5], "texture": "#0"},
				"up": {"uv": [11, 5, 12, 8], "rotation": 270, "texture": "#0"},
				"down": {"uv": [13, 5, 14, 8], "rotation": 270, "texture": "#0"}
			}
		},
		{
			"from": [11, 0, 8.8],
			"to": [13, 10, 10.8],
			"shade": false,
			"rotation": {"angle": 0, "axis": "y", "origin": [-3, 0, 0]},
			"faces": {
				"up": {"uv": [7, 6, 9, 8], "texture": "#1"},
				"down": {"uv": [7, 13, 9, 15], "texture": "#1"}
			}
		},
		{
			"from": [11, 0, 1.8],
			"to": [13, 16, 17.8],
			"shade": false,
			"rotation": {"angle": 0, "axis": "y", "origin": [-3, 0, 0]},
			"faces": {
				"east": {"uv": [0, 0, 16, 16], "texture": "#1"},
				"west": {"uv": [0, 0, 16, 16], "texture": "#1"}
			}
		},
		{
			"from": [11, 0, 1.8],
			"to": [13, 16, 17.8],
			"shade": false,
			"rotation": {"angle": 0, "axis": "y", "origin": [-3, 0, 0]},
			"faces": {
				"east": {"uv": [0, 0, 16, 16], "texture": "#1"},
				"west": {"uv": [0, 0, 16, 16], "texture": "#1"}
			}
		},
		{
			"from": [4, 0, 8.8],
			"to": [20, 16, 10.8],
			"shade": false,
			"rotation": {"angle": 0, "axis": "y", "origin": [-3, 0, 0]},
			"faces": {
				"north": {"uv": [0, 0, 16, 16], "texture": "#1"},
				"south": {"uv": [0, 0, 16, 16], "texture": "#1"}
			}
		}
	],
	"gui_light": "front",
	"display": {
		"gui": {
			"rotation": [-146.11, -56.39, -177.3],
			"translation": [0, 3.25, 0],
			"scale": [1.25, 1.25, 1.25]
		}
	},
	"groups": [
		{
			"name": "group",
			"origin": [16, 16, 16],
			"color": 0,
			"nbt": "{}",
			"children": [0, 1, 2]
		},
		{
			"name": "group",
			"origin": [0, 0, 0],
			"color": 0,
			"nbt": "{}",
			"children": [3, 4, 5, 6]
		}
	],
	"__credit": "Generated using Animated Java (https://animated-java.dev/)"
}