{
	"credit": "Made by Bret06 using Blockbench",
	"texture_size": [32, 32],
	"textures": {
		"0": "lunareclipse.watching:item/herobrine/default/default",
		"particle": "lunareclipse.watching:item/herobrine/default/default"
	},
	"elements": [
		{
			"from": [7, 6, 7],
			"to": [11, 12, 9],
			"faces": {
				"north": {"uv": [5, 5, 7, 8], "texture": "#0"},
				"east": {"uv": [4, 5, 5, 8], "texture": "#0"},
				"south": {"uv": [8, 5, 10, 8], "texture": "#0"},
				"west": {"uv": [7, 5, 8, 8], "texture": "#0"},
				"up": {"uv": [7, 5, 5, 4], "texture": "#0"},
				"down": {"uv": [9, 4, 7, 5], "texture": "#0"}
			}
		},
		{
			"from": [4.875, 5.875, 6.875],
			"to": [7.125, 12.125, 9.125],
			"rotation": {"angle": 22.5, "axis": "x", "origin": [6, 11, 8]},
			"faces": {
				"north": {"uv": [13, 13, 14, 16], "texture": "#0"},
				"east": {"uv": [12, 13, 13, 16], "texture": "#0"},
				"south": {"uv": [15, 13, 16, 16], "texture": "#0"},
				"west": {"uv": [14, 13, 15, 16], "texture": "#0"},
				"up": {"uv": [14, 13, 13, 12], "texture": "#0"},
				"down": {"uv": [15, 12, 14, 13], "texture": "#0"}
			}
		},
		{
			"from": [7.125, 12.125, 9.125],
			"to": [4.875, 5.875, 6.875],
			"rotation": {"angle": 22.5, "axis": "x", "origin": [6, 11, 8]},
			"faces": {
				"north": {"uv": [15, 16, 16, 13], "texture": "#0"},
				"east": {"uv": [14, 16, 15, 13], "texture": "#0"},
				"south": {"uv": [13, 16, 14, 13], "texture": "#0"},
				"west": {"uv": [12, 16, 13, 13], "texture": "#0"},
				"up": {"uv": [14, 12, 15, 13], "texture": "#0"},
				"down": {"uv": [13, 13, 14, 12], "texture": "#0"}
			}
		},
		{
			"from": [5, 6, 7],
			"to": [7, 12, 9],
			"rotation": {"angle": 22.5, "axis": "x", "origin": [6, 11, 8]},
			"faces": {
				"north": {"uv": [9, 13, 10, 16], "texture": "#0"},
				"east": {"uv": [8, 13, 9, 16], "texture": "#0"},
				"south": {"uv": [11, 13, 12, 16], "texture": "#0"},
				"west": {"uv": [10, 13, 11, 16], "texture": "#0"},
				"up": {"uv": [10, 13, 9, 12], "texture": "#0"},
				"down": {"uv": [11, 12, 10, 13], "texture": "#0"}
			}
		},
		{
			"from": [11, 6, 7],
			"to": [13, 12, 9],
			"rotation": {"angle": 22.5, "axis": "x", "origin": [12, 11, 8]},
			"faces": {
				"north": {"uv": [11, 5, 12, 8], "texture": "#0"},
				"east": {"uv": [10, 5, 11, 8], "texture": "#0"},
				"south": {"uv": [13, 5, 14, 8], "texture": "#0"},
				"west": {"uv": [12, 5, 13, 8], "texture": "#0"},
				"up": {"uv": [12, 5, 11, 4], "texture": "#0"},
				"down": {"uv": [13, 4, 12, 5], "texture": "#0"}
			}
		},
		{
			"from": [10.875, 5.875, 6.875],
			"to": [13.125, 12.125, 9.125],
			"rotation": {"angle": 22.5, "axis": "x", "origin": [12, 11, 8]},
			"faces": {
				"north": {"uv": [11, 9, 12, 12], "texture": "#0"},
				"east": {"uv": [10, 9, 11, 12], "texture": "#0"},
				"south": {"uv": [13, 9, 14, 12], "texture": "#0"},
				"west": {"uv": [12, 9, 13, 12], "texture": "#0"},
				"up": {"uv": [12, 9, 11, 8], "texture": "#0"},
				"down": {"uv": [13, 8, 12, 9], "texture": "#0"}
			}
		},
		{
			"from": [13.125, 12.125, 9.125],
			"to": [10.875, 5.875, 6.875],
			"rotation": {"angle": 22.5, "axis": "x", "origin": [12, 11, 8]},
			"faces": {
				"north": {"uv": [15, 16, 16, 13], "texture": "#0"},
				"east": {"uv": [14, 16, 15, 13], "texture": "#0"},
				"south": {"uv": [13, 16, 14, 13], "texture": "#0"},
				"west": {"uv": [12, 16, 13, 13], "texture": "#0"},
				"up": {"uv": [14, 12, 15, 13], "texture": "#0"},
				"down": {"uv": [13, 13, 14, 12], "texture": "#0"}
			}
		},
		{
			"from": [7, 12, 6],
			"to": [11, 16, 10],
			"rotation": {"angle": 0, "axis": "z", "origin": [9, 12, 8]},
			"faces": {
				"north": {"uv": [0, 0, 2, 2], "texture": "#0"}
			}
		},
		{
			"from": [7, 12, 6],
			"to": [11, 16, 10],
			"rotation": {"angle": 0, "axis": "z", "origin": [9, 12, 8]},
			"faces": {
				"north": {"uv": [2, 2, 4, 4], "texture": "#0"},
				"east": {"uv": [0, 2, 2, 4], "texture": "#0"},
				"south": {"uv": [6, 2, 8, 4], "texture": "#0"},
				"west": {"uv": [4, 2, 6, 4], "texture": "#0"},
				"up": {"uv": [4, 2, 2, 0], "texture": "#0"},
				"down": {"uv": [6, 0, 4, 2], "texture": "#0"}
			}
		},
		{
			"from": [7, 0, 7],
			"to": [9, 6, 9],
			"rotation": {"angle": -22.5, "axis": "x", "origin": [8, 6, 8]},
			"faces": {
				"north": {"uv": [5, 13, 6, 16], "texture": "#0"},
				"east": {"uv": [4, 13, 5, 16], "texture": "#0"},
				"south": {"uv": [7, 13, 8, 16], "texture": "#0"},
				"west": {"uv": [6, 13, 7, 16], "texture": "#0"},
				"up": {"uv": [6, 13, 5, 12], "texture": "#0"},
				"down": {"uv": [7, 12, 6, 13], "texture": "#0"}
			}
		},
		{
			"from": [9, 0.1, 6],
			"to": [11, 6.1, 8],
			"rotation": {"angle": 22.5, "axis": "x", "origin": [10, 6, 8]},
			"faces": {
				"north": {"uv": [1, 5, 2, 8], "texture": "#0"},
				"east": {"uv": [0, 5, 1, 8], "texture": "#0"},
				"south": {"uv": [3, 5, 4, 8], "texture": "#0"},
				"west": {"uv": [2, 5, 3, 8], "texture": "#0"},
				"up": {"uv": [2, 5, 1, 4], "texture": "#0"},
				"down": {"uv": [3, 4, 2, 5], "texture": "#0"}
			}
		}
	],
	"gui_light": "front",
	"display": {
		"gui": {
			"rotation": [-177.2, 11.05, -178.1],
			"translation": [1.25, -0.25, 0]
		}
	},
	"groups": [
		0,
		{
			"name": "group",
			"origin": [0, 0, 0],
			"color": 0,
			"nbt": "{}",
			"children": [1, 2, 3]
		},
		{
			"name": "group",
			"origin": [0, 0, 0],
			"color": 0,
			"nbt": "{}",
			"children": [4, 5, 6]
		},
		{
			"name": "group",
			"origin": [0, 0, 0],
			"color": 0,
			"nbt": "{}",
			"children": [7, 8]
		},
		9,
		10
	],
	"__credit": "Generated using Animated Java (https://animated-java.dev/)"
}