{
	"credit": "Made by Bret06 using Blockbench",
	"textures": {
		"0": "lunareclipse.watching:item/renders/player/8bit_herobrine",
		"1": "lunareclipse.watching:item/renders/player/8bit_celeste",
		"2": "lunareclipse.watching:item/renders/particle/wind",
		"particle": "lunareclipse.watching:item/renders/player/8bit_herobrine"
	},
	"elements": [
		{
			"name": "Box6",
			"from": [11.97901, 9.25, 22.80371],
			"to": [3.47901, -3.25, 18.30371],
			"rotation": {"angle": 0, "axis": "y", "origin": [7.72901, 2, 20.55371]},
			"faces": {
				"north": {"uv": [8, 12, 10, 9], "texture": "#0"},
				"east": {"uv": [7, 12, 8, 9], "texture": "#0"},
				"south": {"uv": [5, 12, 7, 9], "texture": "#0"},
				"west": {"uv": [4, 12, 5, 9], "texture": "#0"},
				"up": {"uv": [9, 8, 7, 9], "texture": "#0"},
				"down": {"uv": [7, 8, 5, 9], "texture": "#0"}
			}
		},
		{
			"name": "Box4",
			"from": [3.72901, -3, 18.55371],
			"to": [11.72901, 9, 22.55371],
			"rotation": {"angle": 0, "axis": "y", "origin": [7.72901, 2, 20.55371]},
			"faces": {
				"north": {"uv": [5, 5, 7, 8], "texture": "#0"},
				"east": {"uv": [4, 5, 5, 8], "texture": "#0"},
				"south": {"uv": [8, 5, 10, 8], "texture": "#0"},
				"west": {"uv": [7, 5, 8, 8], "texture": "#0"},
				"up": {"uv": [7, 5, 5, 4], "texture": "#0"},
				"down": {"uv": [7, 4, 9, 5], "texture": "#0"}
			}
		},
		{
			"name": "Box5",
			"from": [3.47901, -3.25, 18.30371],
			"to": [11.97901, 9.25, 22.80371],
			"rotation": {"angle": 0, "axis": "y", "origin": [7.72901, 2, 20.55371]},
			"faces": {
				"north": {"uv": [5, 9, 7, 12], "texture": "#0"},
				"east": {"uv": [4, 9, 5, 12], "texture": "#0"},
				"south": {"uv": [8, 9, 10, 12], "texture": "#0"},
				"west": {"uv": [7, 9, 8, 12], "texture": "#0"},
				"up": {"uv": [5, 8, 7, 9], "texture": "#0"},
				"down": {"uv": [7, 8, 9, 9], "texture": "#0"}
			}
		},
		{
			"name": "Box5",
			"from": [3.72901, -15, 18.55371],
			"to": [7.72901, -3, 22.55371],
			"rotation": {"angle": 0, "axis": "y", "origin": [7.72901, 2, 20.55371]},
			"faces": {
				"north": {"uv": [6, 13, 5, 16], "texture": "#0"},
				"east": {"uv": [7, 13, 6, 16], "texture": "#0"},
				"south": {"uv": [8, 13, 7, 16], "texture": "#0"},
				"west": {"uv": [5, 13, 4, 16], "texture": "#0"},
				"up": {"uv": [5, 13, 6, 12], "texture": "#0"},
				"down": {"uv": [7, 12, 6, 13], "texture": "#0"}
			}
		},
		{
			"name": "Box6",
			"from": [3.47901, -15.25, 18.30371],
			"to": [7.97901, -2.75, 22.80371],
			"rotation": {"angle": 0, "axis": "y", "origin": [7.72901, 2, 20.55371]},
			"faces": {
				"north": {"uv": [1, 13, 2, 16], "texture": "#0"},
				"east": {"uv": [0, 13, 1, 16], "texture": "#0"},
				"south": {"uv": [3, 13, 4, 16], "texture": "#0"},
				"west": {"uv": [2, 13, 3, 16], "texture": "#0"},
				"up": {"uv": [2, 13, 1, 12], "texture": "#0"},
				"down": {"uv": [3, 12, 2, 13], "texture": "#0"}
			}
		},
		{
			"name": "Box7",
			"from": [7.97901, -2.75, 22.80371],
			"to": [3.47901, -15.25, 18.30371],
			"rotation": {"angle": 0, "axis": "y", "origin": [7.72901, 2, 20.55371]},
			"faces": {
				"north": {"uv": [3, 16, 4, 13], "texture": "#0"},
				"east": {"uv": [2, 16, 3, 13], "texture": "#0"},
				"south": {"uv": [1, 16, 2, 13], "texture": "#0"},
				"west": {"uv": [0, 16, 1, 13], "texture": "#0"},
				"up": {"uv": [2, 12, 3, 13], "texture": "#0"},
				"down": {"uv": [1, 13, 2, 12], "texture": "#0"}
			}
		},
		{
			"name": "Box5",
			"from": [7.72901, -15, 18.55371],
			"to": [11.72901, -3, 22.55371],
			"rotation": {"angle": 0, "axis": "y", "origin": [7.72901, 2, 20.55371]},
			"faces": {
				"north": {"uv": [1, 5, 2, 8], "texture": "#0"},
				"east": {"uv": [0, 5, 1, 8], "texture": "#0"},
				"south": {"uv": [3, 5, 4, 8], "texture": "#0"},
				"west": {"uv": [2, 5, 3, 8], "texture": "#0"},
				"up": {"uv": [2, 5, 1, 4], "texture": "#0"},
				"down": {"uv": [3, 4, 2, 5], "texture": "#0"}
			}
		},
		{
			"name": "Box6",
			"from": [7.47901, -15.25, 18.30371],
			"to": [11.97901, -2.75, 22.80371],
			"rotation": {"angle": 0, "axis": "y", "origin": [7.72901, 2, 20.55371]},
			"faces": {
				"north": {"uv": [1, 9, 2, 12], "texture": "#0"},
				"east": {"uv": [0, 9, 1, 12], "texture": "#0"},
				"south": {"uv": [3, 9, 4, 12], "texture": "#0"},
				"west": {"uv": [2, 9, 3, 12], "texture": "#0"},
				"up": {"uv": [2, 9, 1, 8], "texture": "#0"},
				"down": {"uv": [3, 8, 2, 9], "texture": "#0"}
			}
		},
		{
			"name": "Box7",
			"from": [11.97901, -2.75, 22.80371],
			"to": [7.47901, -15.25, 18.30371],
			"rotation": {"angle": 0, "axis": "y", "origin": [7.72901, 2, 20.55371]},
			"faces": {
				"north": {"uv": [3, 12, 4, 9], "texture": "#0"},
				"east": {"uv": [2, 12, 3, 9], "texture": "#0"},
				"south": {"uv": [1, 12, 2, 9], "texture": "#0"},
				"west": {"uv": [0, 12, 1, 9], "texture": "#0"},
				"up": {"uv": [2, 8, 3, 9], "texture": "#0"},
				"down": {"uv": [1, 9, 2, 8], "texture": "#0"}
			}
		},
		{
			"name": "Box5",
			"from": [-0.27099, -3, 18.55371],
			"to": [3.72901, 9, 22.55371],
			"rotation": {"angle": 0, "axis": "y", "origin": [7.72901, 2, 20.55371]},
			"faces": {
				"north": {"uv": [9, 13, 10, 16], "texture": "#0"},
				"east": {"uv": [8, 13, 9, 16], "texture": "#0"},
				"south": {"uv": [11, 13, 12, 16], "texture": "#0"},
				"west": {"uv": [10, 13, 11, 16], "texture": "#0"},
				"up": {"uv": [10, 13, 9, 12], "texture": "#0"},
				"down": {"uv": [11, 12, 10, 13], "texture": "#0"}
			}
		},
		{
			"name": "Box6",
			"from": [-0.52099, -3.25, 18.30371],
			"to": [3.97901, 9.25, 22.80371],
			"rotation": {"angle": 0, "axis": "y", "origin": [7.72901, 2, 20.55371]},
			"faces": {
				"north": {"uv": [13, 13, 14, 16], "texture": "#0"},
				"east": {"uv": [12, 13, 13, 16], "texture": "#0"},
				"south": {"uv": [15, 13, 16, 16], "texture": "#0"},
				"west": {"uv": [14, 13, 15, 16], "texture": "#0"},
				"up": {"uv": [14, 13, 13, 12], "texture": "#0"},
				"down": {"uv": [15, 12, 14, 13], "texture": "#0"}
			}
		},
		{
			"name": "Box7",
			"from": [3.97901, 9.25, 22.80371],
			"to": [-0.52099, -3.25, 18.30371],
			"rotation": {"angle": 0, "axis": "y", "origin": [7.72901, 2, 20.55371]},
			"faces": {
				"north": {"uv": [15, 16, 16, 13], "texture": "#0"},
				"east": {"uv": [14, 16, 15, 13], "texture": "#0"},
				"south": {"uv": [13, 16, 14, 13], "texture": "#0"},
				"west": {"uv": [12, 16, 13, 13], "texture": "#0"},
				"up": {"uv": [14, 12, 15, 13], "texture": "#0"},
				"down": {"uv": [13, 13, 14, 12], "texture": "#0"}
			}
		},
		{
			"name": "Box7",
			"from": [15.97901, 8.25, 20.80371],
			"to": [11.47901, 3.75, 8.30371],
			"rotation": {"angle": 22.5, "axis": "x", "origin": [11.72901, 7, 20.55371]},
			"faces": {
				"north": {"uv": [11, 9, 12, 8], "rotation": 180, "texture": "#0"},
				"east": {"uv": [12, 12, 13, 9], "rotation": 270, "texture": "#0"},
				"south": {"uv": [12, 8, 13, 9], "texture": "#0"},
				"west": {"uv": [10, 12, 11, 9], "rotation": 90, "texture": "#0"},
				"up": {"uv": [13, 12, 14, 9], "rotation": 180, "texture": "#0"},
				"down": {"uv": [11, 12, 12, 9], "texture": "#0"}
			}
		},
		{
			"name": "Box5",
			"from": [11.72901, 4, 8.55371],
			"to": [15.72901, 8, 20.55371],
			"rotation": {"angle": 22.5, "axis": "x", "origin": [11.72901, 7, 20.55371]},
			"faces": {
				"north": {"uv": [13, 4, 12, 5], "rotation": 180, "texture": "#0"},
				"east": {"uv": [10, 5, 11, 8], "rotation": 270, "texture": "#0"},
				"south": {"uv": [12, 5, 11, 4], "texture": "#0"},
				"west": {"uv": [12, 5, 13, 8], "rotation": 90, "texture": "#0"},
				"up": {"uv": [11, 5, 12, 8], "rotation": 180, "texture": "#0"},
				"down": {"uv": [13, 5, 14, 8], "texture": "#0"}
			}
		},
		{
			"name": "Box6",
			"from": [11.47901, 3.75, 8.30371],
			"to": [15.97901, 8.25, 20.80371],
			"rotation": {"angle": 22.5, "axis": "x", "origin": [11.72901, 7, 20.55371]},
			"faces": {
				"north": {"uv": [13, 8, 12, 9], "rotation": 180, "texture": "#0"},
				"east": {"uv": [10, 9, 11, 12], "rotation": 270, "texture": "#0"},
				"south": {"uv": [12, 9, 11, 8], "texture": "#0"},
				"west": {"uv": [12, 9, 13, 12], "rotation": 90, "texture": "#0"},
				"up": {"uv": [11, 9, 12, 12], "rotation": 180, "texture": "#0"},
				"down": {"uv": [13, 9, 14, 12], "texture": "#0"}
			}
		},
		{
			"name": "Box5",
			"from": [3.22901, 8.5, 16.05371],
			"to": [12.22901, 17.5, 25.05371],
			"rotation": {"angle": 0, "axis": "x", "origin": [7.72901, 9, 20.55371]},
			"faces": {
				"north": {"uv": [10, 2, 12, 4], "texture": "#0"},
				"east": {"uv": [8, 2, 10, 4], "texture": "#0"},
				"south": {"uv": [14, 2, 16, 4], "texture": "#0"},
				"west": {"uv": [12, 2, 14, 4], "texture": "#0"},
				"up": {"uv": [12, 2, 10, 0], "texture": "#0"},
				"down": {"uv": [14, 0, 12, 2], "texture": "#0"}
			}
		},
		{
			"name": "Box6",
			"from": [3.72901, 9, 16.55371],
			"to": [11.72901, 17, 24.55371],
			"rotation": {"angle": 0, "axis": "x", "origin": [7.72901, 9, 20.55371]},
			"faces": {
				"north": {"uv": [2, 2, 4, 4], "texture": "#0"},
				"east": {"uv": [0, 2, 2, 4], "texture": "#0"},
				"south": {"uv": [6, 2, 8, 4], "texture": "#0"},
				"west": {"uv": [4, 2, 6, 4], "texture": "#0"},
				"up": {"uv": [4, 2, 2, 0], "texture": "#0"},
				"down": {"uv": [6, 0, 4, 2], "texture": "#0"}
			}
		},
		{
			"name": "Box6",
			"from": [12.22901, 17.5, 25.05371],
			"to": [3.22901, 8.5, 16.05371],
			"rotation": {"angle": 0, "axis": "x", "origin": [7.72901, 9, 20.55371]},
			"faces": {
				"north": {"uv": [16, 2, 14, 4], "rotation": 180, "texture": "#0"},
				"east": {"uv": [14, 2, 12, 4], "rotation": 180, "texture": "#0"},
				"south": {"uv": [12, 2, 10, 4], "rotation": 180, "texture": "#0"},
				"west": {"uv": [10, 2, 8, 4], "rotation": 180, "texture": "#0"},
				"up": {"uv": [12, 0, 14, 2], "texture": "#0"},
				"down": {"uv": [10, 2, 12, 0], "texture": "#0"}
			}
		},
		{
			"name": "Box7",
			"from": [12.25, 9.25, 1.25],
			"to": [3.75, -3.25, -3.25],
			"rotation": {"angle": -45, "axis": "x", "origin": [8, 1.8097, -0.04329]},
			"faces": {
				"north": {"uv": [8, 12, 10, 9], "texture": "#1"},
				"east": {"uv": [7, 12, 8, 9], "texture": "#1"},
				"south": {"uv": [5, 12, 7, 9], "texture": "#1"},
				"west": {"uv": [4, 12, 5, 9], "texture": "#1"},
				"up": {"uv": [9, 8, 7, 9], "texture": "#1"},
				"down": {"uv": [7, 8, 5, 9], "texture": "#1"}
			}
		},
		{
			"name": "Box5",
			"from": [4, -3, -3],
			"to": [12, 9, 1],
			"rotation": {"angle": -45, "axis": "x", "origin": [8, 1.8097, -0.04329]},
			"faces": {
				"north": {"uv": [5, 5, 7, 8], "texture": "#1"},
				"east": {"uv": [4, 5, 5, 8], "texture": "#1"},
				"south": {"uv": [8, 5, 10, 8], "texture": "#1"},
				"west": {"uv": [7, 5, 8, 8], "texture": "#1"},
				"up": {"uv": [7, 5, 5, 4], "texture": "#1"},
				"down": {"uv": [7, 4, 9, 5], "texture": "#1"}
			}
		},
		{
			"name": "Box6",
			"from": [3.75, -3.25, -3.25],
			"to": [12.25, 9.25, 1.25],
			"rotation": {"angle": -45, "axis": "x", "origin": [8, 1.8097, -0.04329]},
			"faces": {
				"north": {"uv": [5, 9, 7, 12], "texture": "#1"},
				"east": {"uv": [4, 9, 5, 12], "texture": "#1"},
				"south": {"uv": [8, 9, 10, 12], "texture": "#1"},
				"west": {"uv": [7, 9, 8, 12], "texture": "#1"},
				"up": {"uv": [5, 8, 7, 9], "texture": "#1"},
				"down": {"uv": [7, 8, 9, 9], "texture": "#1"}
			}
		},
		{
			"name": "Box6",
			"from": [4, -14.92804, -0.85614],
			"to": [8, -2.92804, 3.14386],
			"rotation": {"angle": 0, "axis": "x", "origin": [6, -3.54328, 1.20952]},
			"faces": {
				"north": {"uv": [6, 13, 5, 16], "texture": "#1"},
				"east": {"uv": [7, 13, 6, 16], "texture": "#1"},
				"south": {"uv": [8, 13, 7, 16], "texture": "#1"},
				"west": {"uv": [5, 13, 4, 16], "texture": "#1"},
				"up": {"uv": [5, 13, 6, 12], "texture": "#1"},
				"down": {"uv": [7, 12, 6, 13], "texture": "#1"}
			}
		},
		{
			"name": "Box7",
			"from": [3.75, -15.17804, -1.10614],
			"to": [8.25, -2.67804, 3.39386],
			"rotation": {"angle": 0, "axis": "x", "origin": [6, -3.54328, 1.20952]},
			"faces": {
				"north": {"uv": [1, 13, 2, 16], "texture": "#1"},
				"east": {"uv": [0, 13, 1, 16], "texture": "#1"},
				"south": {"uv": [3, 13, 4, 16], "texture": "#1"},
				"west": {"uv": [2, 13, 3, 16], "texture": "#1"},
				"up": {"uv": [2, 13, 1, 12], "texture": "#1"},
				"down": {"uv": [3, 12, 2, 13], "texture": "#1"}
			}
		},
		{
			"name": "Box8",
			"from": [8.25, -2.67804, 3.39386],
			"to": [3.75, -15.17804, -1.10614],
			"rotation": {"angle": 0, "axis": "x", "origin": [6, -3.54328, 1.20952]},
			"faces": {
				"north": {"uv": [3, 16, 4, 13], "texture": "#1"},
				"east": {"uv": [2, 16, 3, 13], "texture": "#1"},
				"south": {"uv": [1, 16, 2, 13], "texture": "#1"},
				"west": {"uv": [0, 16, 1, 13], "texture": "#1"},
				"up": {"uv": [2, 12, 3, 13], "texture": "#1"},
				"down": {"uv": [1, 13, 2, 12], "texture": "#1"}
			}
		},
		{
			"name": "Box6",
			"from": [8, -15, -3],
			"to": [12, -3, 1],
			"rotation": {"angle": -45, "axis": "x", "origin": [8, 1.8097, -0.04329]},
			"faces": {
				"north": {"uv": [1, 5, 2, 8], "texture": "#1"},
				"east": {"uv": [0, 5, 1, 8], "texture": "#1"},
				"south": {"uv": [3, 5, 4, 8], "texture": "#1"},
				"west": {"uv": [2, 5, 3, 8], "texture": "#1"},
				"up": {"uv": [2, 5, 1, 4], "texture": "#1"},
				"down": {"uv": [3, 4, 2, 5], "texture": "#1"}
			}
		},
		{
			"name": "Box7",
			"from": [7.75, -15.25, -3.25],
			"to": [12.25, -2.75, 1.25],
			"rotation": {"angle": -45, "axis": "x", "origin": [8, 1.8097, -0.04329]},
			"faces": {
				"north": {"uv": [1, 9, 2, 12], "texture": "#1"},
				"east": {"uv": [0, 9, 1, 12], "texture": "#1"},
				"south": {"uv": [3, 9, 4, 12], "texture": "#1"},
				"west": {"uv": [2, 9, 3, 12], "texture": "#1"},
				"up": {"uv": [2, 9, 1, 8], "texture": "#1"},
				"down": {"uv": [3, 8, 2, 9], "texture": "#1"}
			}
		},
		{
			"name": "Box8",
			"from": [12.25, -2.75, 1.25],
			"to": [7.75, -15.25, -3.25],
			"rotation": {"angle": -45, "axis": "x", "origin": [8, 1.8097, -0.04329]},
			"faces": {
				"north": {"uv": [3, 12, 4, 9], "texture": "#1"},
				"east": {"uv": [2, 12, 3, 9], "texture": "#1"},
				"south": {"uv": [1, 12, 2, 9], "texture": "#1"},
				"west": {"uv": [0, 12, 1, 9], "texture": "#1"},
				"up": {"uv": [2, 8, 3, 9], "texture": "#1"},
				"down": {"uv": [1, 9, 2, 8], "texture": "#1"}
			}
		},
		{
			"name": "Box7",
			"from": [2, 0.54328, -15.38268],
			"to": [5, 4.54328, -3.38268],
			"rotation": {"angle": 22.5, "axis": "x", "origin": [2.5, 2.54328, -1.38268]},
			"faces": {
				"north": {"uv": [12.5, 4, 12, 5], "rotation": 180, "texture": "#1"},
				"east": {"uv": [10, 5, 11, 8], "rotation": 270, "texture": "#1"},
				"south": {"uv": [11.5, 5, 11, 4], "texture": "#1"},
				"west": {"uv": [11.5, 5, 12.5, 8], "rotation": 90, "texture": "#1"},
				"up": {"uv": [11, 5, 11.5, 8], "rotation": 180, "texture": "#1"},
				"down": {"uv": [13, 5, 13.5, 8], "texture": "#1"}
			}
		},
		{
			"name": "Box8",
			"from": [1.75, 0.29328, -15.63268],
			"to": [5.25, 4.79328, -3.13268],
			"rotation": {"angle": 22.5, "axis": "x", "origin": [2.5, 2.54328, -1.38268]},
			"faces": {
				"north": {"uv": [13, 8, 12, 9], "rotation": 180, "texture": "#1"},
				"east": {"uv": [10, 9, 11, 12], "rotation": 270, "texture": "#1"},
				"south": {"uv": [12, 9, 11, 8], "texture": "#1"},
				"west": {"uv": [11.5, 9, 12.5, 12], "rotation": 90, "texture": "#1"},
				"up": {"uv": [11, 9, 11.5, 12], "rotation": 180, "texture": "#1"},
				"down": {"uv": [13, 9, 13.5, 12], "texture": "#1"}
			}
		},
		{
			"name": "Box8",
			"from": [11, 3.54328, -12.38268],
			"to": [14, 7.54328, -0.38268],
			"rotation": {"angle": -45, "axis": "x", "origin": [13.5, 2.54328, -1.38268]},
			"faces": {
				"north": {"uv": [12, 4, 12.5, 5], "rotation": 180, "texture": "#1"},
				"east": {"uv": [12.5, 5, 11.5, 8], "rotation": 270, "texture": "#1"},
				"south": {"uv": [11, 5, 11.5, 4], "texture": "#1"},
				"west": {"uv": [11, 5, 10, 8], "rotation": 90, "texture": "#1"},
				"up": {"uv": [11.5, 5, 11, 8], "rotation": 180, "texture": "#1"},
				"down": {"uv": [13.5, 5, 13, 8], "texture": "#1"}
			}
		},
		{
			"name": "Box9",
			"from": [10.75, 3.29328, -12.63268],
			"to": [14.25, 7.79328, -0.13268],
			"rotation": {"angle": -45, "axis": "x", "origin": [13.5, 2.54328, -1.38268]},
			"faces": {
				"north": {"uv": [12, 8, 13, 9], "rotation": 180, "texture": "#1"},
				"east": {"uv": [12.5, 9, 11.5, 12], "rotation": 270, "texture": "#1"},
				"south": {"uv": [11, 9, 12, 8], "texture": "#1"},
				"west": {"uv": [11, 9, 10, 12], "rotation": 90, "texture": "#1"},
				"up": {"uv": [11.5, 9, 11, 12], "rotation": 180, "texture": "#1"},
				"down": {"uv": [13.5, 9, 13, 12], "texture": "#1"}
			}
		},
		{
			"name": "Box6",
			"from": [3.5, 7.66267, -7.7961],
			"to": [12.5, 16.66267, 1.2039],
			"rotation": {"angle": -22.5, "axis": "x", "origin": [8, 1.8097, -0.04329]},
			"faces": {
				"north": {"uv": [10, 2, 12, 4], "texture": "#1"},
				"east": {"uv": [8, 2, 10, 4], "texture": "#1"},
				"south": {"uv": [14, 2, 16, 4], "texture": "#1"},
				"west": {"uv": [12, 2, 14, 4], "texture": "#1"},
				"up": {"uv": [12, 2, 10, 0], "texture": "#1"},
				"down": {"uv": [14, 0, 12, 2], "texture": "#1"}
			}
		},
		{
			"name": "Box7",
			"from": [4, 8.16267, -7.2961],
			"to": [12, 16.16267, 0.7039],
			"rotation": {"angle": -22.5, "axis": "x", "origin": [8, 1.8097, -0.04329]},
			"faces": {
				"north": {"uv": [2, 2, 4, 4], "texture": "#1"},
				"east": {"uv": [0, 2, 2, 4], "texture": "#1"},
				"south": {"uv": [6, 2, 8, 4], "texture": "#1"},
				"west": {"uv": [4, 2, 6, 4], "texture": "#1"},
				"up": {"uv": [4, 2, 2, 0], "texture": "#1"},
				"down": {"uv": [6, 0, 4, 2], "texture": "#1"}
			}
		},
		{
			"name": "Box7",
			"from": [12.5, 16.66267, 1.2039],
			"to": [3.5, 7.66267, -7.7961],
			"rotation": {"angle": -22.5, "axis": "x", "origin": [8, 1.8097, -0.04329]},
			"faces": {
				"north": {"uv": [16, 2, 14, 4], "rotation": 180, "texture": "#1"},
				"east": {"uv": [14, 2, 12, 4], "rotation": 180, "texture": "#1"},
				"south": {"uv": [12, 2, 10, 4], "rotation": 180, "texture": "#1"},
				"west": {"uv": [10, 2, 8, 4], "rotation": 180, "texture": "#1"},
				"up": {"uv": [12, 0, 14, 2], "texture": "#1"},
				"down": {"uv": [10, 2, 12, 0], "texture": "#1"}
			}
		},
		{
			"from": [11, 1, -2],
			"to": [11, 13, 10],
			"faces": {
				"north": {"uv": [0, 0, 0, 8], "texture": "#missing"},
				"east": {"uv": [11, 1, 3, 9], "texture": "#2"},
				"south": {"uv": [0, 0, 0, 8], "texture": "#missing"},
				"west": {"uv": [8, 8, 16, 16], "texture": "#2"},
				"up": {"uv": [0, 0, 0, 8], "texture": "#missing"},
				"down": {"uv": [0, 0, 0, 8], "texture": "#missing"}
			}
		}
	],
	"gui_light": "front",
	"display": {
		"gui": {
			"rotation": [-172.87, -59.35, -175.4],
			"translation": [-1.25, 3.5, 0],
			"scale": [0.5, 0.5, 0.5]
		}
	},
	"groups": [
		{
			"name": "group",
			"origin": [8, 8, 8],
			"color": 0,
			"nbt": "{}",
			"children": [
				{
					"name": "bone7",
					"origin": [-7, 0, -7],
					"color": 0,
					"nbt": "{}",
					"children": [
						{
							"name": "bone6",
							"origin": [-7, 0, -7],
							"color": 0,
							"nbt": "{}",
							"children": [0, 1, 2]
						},
						{
							"name": "bone5",
							"origin": [-1, -18, 1],
							"color": 0,
							"nbt": "{}",
							"children": [3, 4, 5]
						},
						{
							"name": "bone4",
							"origin": [3, -18, 1],
							"color": 0,
							"nbt": "{}",
							"children": [6, 7, 8]
						},
						{
							"name": "bone3",
							"origin": [-5, -6, 1],
							"color": 0,
							"nbt": "{}",
							"children": [9, 10, 11]
						},
						{
							"name": "bone2",
							"origin": [7, 22, 1],
							"color": 0,
							"nbt": "{}",
							"children": [12, 13, 14]
						},
						{
							"name": "bone",
							"origin": [-7, 1, -7],
							"color": 0,
							"nbt": "{}",
							"children": [15, 16, 17]
						}
					]
				},
				{
					"name": "bone7",
					"origin": [-7, 0, -7],
					"color": 0,
					"nbt": "{}",
					"children": [
						{
							"name": "bone6",
							"origin": [-7, 0, -7],
							"color": 0,
							"nbt": "{}",
							"children": [18, 19, 20]
						},
						{
							"name": "bone5",
							"origin": [-1, -18, 1],
							"color": 0,
							"nbt": "{}",
							"children": [21, 22, 23]
						},
						{
							"name": "bone4",
							"origin": [3, -18, 1],
							"color": 0,
							"nbt": "{}",
							"children": [24, 25, 26]
						},
						{
							"name": "bone2",
							"origin": [7, 22, 1],
							"color": 0,
							"nbt": "{}",
							"children": [27, 28]
						},
						{
							"name": "bone2",
							"origin": [7, 22, 1],
							"color": 0,
							"nbt": "{}",
							"children": [29, 30]
						},
						{
							"name": "bone",
							"origin": [-7, 1, -7],
							"color": 0,
							"nbt": "{}",
							"children": [31, 32, 33]
						}
					]
				}
			]
		},
		34
	]
}