{
	"credit": "Made by Bret06 using Blockbench",
	"texture_size": [8, 8],
	"textures": {
		"0": "lunareclipse.watching:item/renders/blocks/red",
		"1": "lunareclipse.watching:item/herobrine/default/default",
		"particle": "lunareclipse.watching:item/renders/blocks/red"
	},
	"elements": [
		{
			"from": [8, 0.5, 7],
			"to": [10, 1.25, 9],
			"rotation": {"angle": 22.5, "axis": "y", "origin": [8, 0.5625, 8]},
			"faces": {
				"north": {"uv": [5.5, 7, 7, 11], "rotation": 90, "texture": "#0"},
				"east": {"uv": [5.5, 7, 9.5, 5.5], "texture": "#0"},
				"south": {"uv": [1.5, 11, 0, 7], "rotation": 90, "texture": "#0"},
				"west": {"uv": [1.5, 7, 5.5, 5.5], "texture": "#0"},
				"up": {"uv": [1.5, 7, 5.5, 11], "rotation": 270, "texture": "#0"},
				"down": {"uv": [7, 11, 11, 7], "rotation": 90, "texture": "#0"}
			}
		},
		{
			"from": [6, 0.5, 7],
			"to": [8, 1.25, 9],
			"rotation": {"angle": 22.5, "axis": "y", "origin": [8, 0.5625, 8]},
			"faces": {
				"north": {"uv": [5.5, 1.5, 7, 5.5], "rotation": 90, "texture": "#0"},
				"south": {"uv": [1.5, 5.5, 0, 1.5], "rotation": 90, "texture": "#0"},
				"west": {"uv": [1.5, 1.5, 5.5, 0], "texture": "#0"},
				"up": {"uv": [1.5, 1.5, 5.5, 5.5], "rotation": 270, "texture": "#0"},
				"down": {"uv": [7, 5.5, 11, 1.5], "rotation": 90, "texture": "#0"}
			}
		},
		{
			"from": [9.5, 0, 7],
			"to": [10, 0.5, 7.5],
			"rotation": {"angle": 22.5, "axis": "y", "origin": [8, 0.5625, 8]},
			"faces": {
				"north": {"uv": [14.75, 0.75, 15.5, 1.5], "rotation": 90, "texture": "#0"},
				"east": {"uv": [14, 0.75, 14.75, 1.5], "texture": "#0"},
				"south": {"uv": [13.25, 1.5, 12.5, 0.75], "rotation": 90, "texture": "#0"},
				"west": {"uv": [13.25, 1.5, 14, 0.75], "texture": "#0"},
				"down": {"uv": [14, 0.75, 14.75, 0], "rotation": 90, "texture": "#0"}
			}
		},
		{
			"from": [6, 0, 7],
			"to": [6.5, 0.5, 7.5],
			"rotation": {"angle": 22.5, "axis": "y", "origin": [8, 0.5625, 8]},
			"faces": {
				"north": {"uv": [14.75, 0.75, 15.5, 1.5], "rotation": 90, "texture": "#0"},
				"east": {"uv": [14, 0.75, 14.75, 1.5], "texture": "#0"},
				"south": {"uv": [13.25, 1.5, 12.5, 0.75], "rotation": 90, "texture": "#0"},
				"west": {"uv": [13.25, 1.5, 14, 0.75], "texture": "#0"},
				"down": {"uv": [14, 0.75, 14.75, 0], "rotation": 90, "texture": "#0"}
			}
		},
		{
			"from": [6, 0, 8.5],
			"to": [6.5, 0.5, 9],
			"rotation": {"angle": 22.5, "axis": "y", "origin": [8, 0.5625, 8]},
			"faces": {
				"north": {"uv": [14.75, 0.75, 15.5, 1.5], "rotation": 90, "texture": "#0"},
				"east": {"uv": [14, 0.75, 14.75, 1.5], "texture": "#0"},
				"south": {"uv": [13.25, 1.5, 12.5, 0.75], "rotation": 90, "texture": "#0"},
				"west": {"uv": [13.25, 1.5, 14, 0.75], "texture": "#0"},
				"down": {"uv": [14, 0.75, 14.75, 0], "rotation": 90, "texture": "#0"}
			}
		},
		{
			"from": [9.5, 0, 8.5],
			"to": [10, 0.5, 9],
			"rotation": {"angle": 22.5, "axis": "y", "origin": [8, 0.5625, 8]},
			"faces": {
				"north": {"uv": [14.75, 0.75, 15.5, 1.5], "rotation": 90, "texture": "#0"},
				"east": {"uv": [14, 0.75, 14.75, 1.5], "texture": "#0"},
				"south": {"uv": [13.25, 1.5, 12.5, 0.75], "rotation": 90, "texture": "#0"},
				"west": {"uv": [13.25, 1.5, 14, 0.75], "texture": "#0"},
				"down": {"uv": [14, 0.75, 14.75, 0], "rotation": 90, "texture": "#0"}
			}
		},
		{
			"from": [7.72305, 0.83108, 9.13338],
			"to": [8.72305, 1.83108, 10.13338],
			"rotation": {"angle": 22.5, "axis": "x", "origin": [8.22305, 1.33108, 9.63338]},
			"faces": {
				"north": {"uv": [2, 2, 4, 4], "texture": "#1"},
				"east": {"uv": [0, 2, 2, 4], "texture": "#1"},
				"south": {"uv": [6, 2, 8, 4], "texture": "#1"},
				"west": {"uv": [4, 2, 6, 4], "texture": "#1"},
				"up": {"uv": [2, 0, 4, 2], "texture": "#1"},
				"down": {"uv": [4, 0, 6, 2], "texture": "#1"}
			}
		},
		{
			"from": [7.72305, 0.83108, 9.13338],
			"to": [8.72305, 1.83108, 10.13338],
			"rotation": {"angle": 22.5, "axis": "x", "origin": [8.22305, 1.33108, 9.63338]},
			"faces": {
				"north": {"uv": [0, 0, 2, 2], "texture": "#1"}
			}
		}
	],
	"gui_light": "front",
	"display": {
		"thirdperson_righthand": {
			"rotation": [75, 45, 0],
			"translation": [0, 2.5, 0],
			"scale": [0.375, 0.375, 0.375]
		},
		"thirdperson_lefthand": {
			"rotation": [75, 45, 0],
			"translation": [0, 2.5, 0],
			"scale": [0.375, 0.375, 0.375]
		},
		"firstperson_righthand": {
			"rotation": [0, 45, 0],
			"scale": [0.4, 0.4, 0.4]
		},
		"firstperson_lefthand": {
			"rotation": [0, 225, 0],
			"scale": [0.4, 0.4, 0.4]
		},
		"ground": {
			"translation": [0, 3, 0],
			"scale": [0.25, 0.25, 0.25]
		},
		"gui": {
			"rotation": [-157.1, -2.09, 177.96],
			"translation": [-1, 26, 0],
			"scale": [4, 4, 4]
		},
		"fixed": {
			"scale": [0.5, 0.5, 0.5]
		}
	},
	"groups": [
		{
			"name": "group",
			"origin": [0, 0, 0],
			"color": 0,
			"nbt": "{}",
			"children": [0, 1, 2, 3, 4, 5]
		},
		{
			"name": "group",
			"origin": [0, 0, 0],
			"color": 0,
			"nbt": "{}",
			"children": [6, 7]
		}
	],
	"__credit": "Generated using Animated Java (https://animated-java.dev/)"
}