{
	"credit": "Made by Bret06 using Blockbench",
	"ambientocclusion": false,
	"textures": {
		"particle": "lunareclipse.watching:item/renders/blocks/redstone_torch_2",
		"torch": "lunareclipse.watching:item/renders/blocks/redstone_torch_2"
	},
	"elements": [
		{
			"from": [7, 0, 7],
			"to": [9, 10, 9],
			"shade": false,
			"faces": {
				"up": {"uv": [7, 6, 9, 8], "texture": "#torch"},
				"down": {"uv": [7, 13, 9, 15], "texture": "#torch"}
			}
		},
		{
			"from": [7, 0, 0],
			"to": [9, 16, 16],
			"shade": false,
			"faces": {
				"east": {"uv": [0, 0, 16, 16], "texture": "#torch"},
				"west": {"uv": [0, 0, 16, 16], "texture": "#torch"}
			}
		},
		{
			"from": [7, 0, 0],
			"to": [9, 16, 16],
			"shade": false,
			"faces": {
				"east": {"uv": [0, 0, 16, 16], "texture": "#torch"},
				"west": {"uv": [0, 0, 16, 16], "texture": "#torch"}
			}
		},
		{
			"from": [0, 0, 7],
			"to": [16, 16, 9],
			"shade": false,
			"faces": {
				"north": {"uv": [0, 0, 16, 16], "texture": "#torch"},
				"south": {"uv": [0, 0, 16, 16], "texture": "#torch"}
			}
		}
	],
	"display": {
		"gui": {
			"rotation": [30, 225, 0],
			"translation": [0, 3.5, 0],
			"scale": [1.5, 1.5, 1.5]
		}
	},
	"__credit": "Generated using Animated Java (https://animated-java.dev/)"
}