{
	"credit": "Made by Bret06 using Blockbench",
	"textures": {
		"0": "lunareclipse.watching:item/renders/player/8bit_herobrine",
		"1": "lunareclipse.watching:item/renders/player/8bit_bret",
		"particle": "lunareclipse.watching:item/renders/player/8bit_herobrine"
	},
	"elements": [
		{
			"name": "Box6",
			"from": [-3.02099, 21.25, 28.80371],
			"to": [-11.52099, 8.75, 24.30371],
			"rotation": {"angle": 0, "axis": "y", "origin": [-7.27099, 14, 26.55371]},
			"faces": {
				"north": {"uv": [8, 12, 10, 9], "texture": "#0"},
				"east": {"uv": [7, 12, 8, 9], "texture": "#0"},
				"south": {"uv": [5, 12, 7, 9], "texture": "#0"},
				"west": {"uv": [4, 12, 5, 9], "texture": "#0"},
				"up": {"uv": [9, 8, 7, 9], "texture": "#0"},
				"down": {"uv": [7, 8, 5, 9], "texture": "#0"}
			}
		},
		{
			"name": "Box4",
			"from": [-11.27099, 9, 24.55371],
			"to": [-3.27099, 21, 28.55371],
			"rotation": {"angle": 0, "axis": "y", "origin": [-7.27099, 14, 26.55371]},
			"faces": {
				"north": {"uv": [5, 5, 7, 8], "texture": "#0"},
				"east": {"uv": [4, 5, 5, 8], "texture": "#0"},
				"south": {"uv": [8, 5, 10, 8], "texture": "#0"},
				"west": {"uv": [7, 5, 8, 8], "texture": "#0"},
				"up": {"uv": [7, 5, 5, 4], "texture": "#0"},
				"down": {"uv": [7, 4, 9, 5], "texture": "#0"}
			}
		},
		{
			"name": "Box5",
			"from": [-11.52099, 8.75, 24.30371],
			"to": [-3.02099, 21.25, 28.80371],
			"rotation": {"angle": 0, "axis": "y", "origin": [-7.27099, 14, 26.55371]},
			"faces": {
				"north": {"uv": [5, 9, 7, 12], "texture": "#0"},
				"east": {"uv": [4, 9, 5, 12], "texture": "#0"},
				"south": {"uv": [8, 9, 10, 12], "texture": "#0"},
				"west": {"uv": [7, 9, 8, 12], "texture": "#0"},
				"up": {"uv": [5, 8, 7, 9], "texture": "#0"},
				"down": {"uv": [7, 8, 9, 9], "texture": "#0"}
			}
		},
		{
			"name": "Box5",
			"from": [-11.27099, -3, 24.55371],
			"to": [-7.27099, 9, 28.55371],
			"rotation": {"angle": 0, "axis": "y", "origin": [-7.27099, 14, 26.55371]},
			"faces": {
				"north": {"uv": [6, 13, 5, 16], "texture": "#0"},
				"east": {"uv": [7, 13, 6, 16], "texture": "#0"},
				"south": {"uv": [8, 13, 7, 16], "texture": "#0"},
				"west": {"uv": [5, 13, 4, 16], "texture": "#0"},
				"up": {"uv": [5, 13, 6, 12], "texture": "#0"},
				"down": {"uv": [7, 12, 6, 13], "texture": "#0"}
			}
		},
		{
			"name": "Box6",
			"from": [-11.52099, -3.25, 24.30371],
			"to": [-7.02099, 9.25, 28.80371],
			"rotation": {"angle": 0, "axis": "y", "origin": [-7.27099, 14, 26.55371]},
			"faces": {
				"north": {"uv": [1, 13, 2, 16], "texture": "#0"},
				"east": {"uv": [0, 13, 1, 16], "texture": "#0"},
				"south": {"uv": [3, 13, 4, 16], "texture": "#0"},
				"west": {"uv": [2, 13, 3, 16], "texture": "#0"},
				"up": {"uv": [2, 13, 1, 12], "texture": "#0"},
				"down": {"uv": [3, 12, 2, 13], "texture": "#0"}
			}
		},
		{
			"name": "Box7",
			"from": [-7.02099, 9.25, 28.80371],
			"to": [-11.52099, -3.25, 24.30371],
			"rotation": {"angle": 0, "axis": "y", "origin": [-7.27099, 14, 26.55371]},
			"faces": {
				"north": {"uv": [3, 16, 4, 13], "texture": "#0"},
				"east": {"uv": [2, 16, 3, 13], "texture": "#0"},
				"south": {"uv": [1, 16, 2, 13], "texture": "#0"},
				"west": {"uv": [0, 16, 1, 13], "texture": "#0"},
				"up": {"uv": [2, 12, 3, 13], "texture": "#0"},
				"down": {"uv": [1, 13, 2, 12], "texture": "#0"}
			}
		},
		{
			"name": "Box5",
			"from": [-7.27099, -3, 24.55371],
			"to": [-3.27099, 9, 28.55371],
			"rotation": {"angle": 0, "axis": "y", "origin": [-7.27099, 14, 26.55371]},
			"faces": {
				"north": {"uv": [1, 5, 2, 8], "texture": "#0"},
				"east": {"uv": [0, 5, 1, 8], "texture": "#0"},
				"south": {"uv": [3, 5, 4, 8], "texture": "#0"},
				"west": {"uv": [2, 5, 3, 8], "texture": "#0"},
				"up": {"uv": [2, 5, 1, 4], "texture": "#0"},
				"down": {"uv": [3, 4, 2, 5], "texture": "#0"}
			}
		},
		{
			"name": "Box6",
			"from": [-7.52099, -3.25, 24.30371],
			"to": [-3.02099, 9.25, 28.80371],
			"rotation": {"angle": 0, "axis": "y", "origin": [-7.27099, 14, 26.55371]},
			"faces": {
				"north": {"uv": [1, 9, 2, 12], "texture": "#0"},
				"east": {"uv": [0, 9, 1, 12], "texture": "#0"},
				"south": {"uv": [3, 9, 4, 12], "texture": "#0"},
				"west": {"uv": [2, 9, 3, 12], "texture": "#0"},
				"up": {"uv": [2, 9, 1, 8], "texture": "#0"},
				"down": {"uv": [3, 8, 2, 9], "texture": "#0"}
			}
		},
		{
			"name": "Box7",
			"from": [-3.02099, 9.25, 28.80371],
			"to": [-7.52099, -3.25, 24.30371],
			"rotation": {"angle": 0, "axis": "y", "origin": [-7.27099, 14, 26.55371]},
			"faces": {
				"north": {"uv": [3, 12, 4, 9], "texture": "#0"},
				"east": {"uv": [2, 12, 3, 9], "texture": "#0"},
				"south": {"uv": [1, 12, 2, 9], "texture": "#0"},
				"west": {"uv": [0, 12, 1, 9], "texture": "#0"},
				"up": {"uv": [2, 8, 3, 9], "texture": "#0"},
				"down": {"uv": [1, 9, 2, 8], "texture": "#0"}
			}
		},
		{
			"name": "Box5",
			"from": [-15.27099, 9, 24.55371],
			"to": [-11.27099, 21, 28.55371],
			"rotation": {"angle": 0, "axis": "y", "origin": [-7.27099, 14, 26.55371]},
			"faces": {
				"north": {"uv": [9, 13, 10, 16], "texture": "#0"},
				"east": {"uv": [8, 13, 9, 16], "texture": "#0"},
				"south": {"uv": [11, 13, 12, 16], "texture": "#0"},
				"west": {"uv": [10, 13, 11, 16], "texture": "#0"},
				"up": {"uv": [10, 13, 9, 12], "texture": "#0"},
				"down": {"uv": [11, 12, 10, 13], "texture": "#0"}
			}
		},
		{
			"name": "Box6",
			"from": [-15.52099, 8.75, 24.30371],
			"to": [-11.02099, 21.25, 28.80371],
			"rotation": {"angle": 0, "axis": "y", "origin": [-7.27099, 14, 26.55371]},
			"faces": {
				"north": {"uv": [13, 13, 14, 16], "texture": "#0"},
				"east": {"uv": [12, 13, 13, 16], "texture": "#0"},
				"south": {"uv": [15, 13, 16, 16], "texture": "#0"},
				"west": {"uv": [14, 13, 15, 16], "texture": "#0"},
				"up": {"uv": [14, 13, 13, 12], "texture": "#0"},
				"down": {"uv": [15, 12, 14, 13], "texture": "#0"}
			}
		},
		{
			"name": "Box7",
			"from": [-11.02099, 21.25, 28.80371],
			"to": [-15.52099, 8.75, 24.30371],
			"rotation": {"angle": 0, "axis": "y", "origin": [-7.27099, 14, 26.55371]},
			"faces": {
				"north": {"uv": [15, 16, 16, 13], "texture": "#0"},
				"east": {"uv": [14, 16, 15, 13], "texture": "#0"},
				"south": {"uv": [13, 16, 14, 13], "texture": "#0"},
				"west": {"uv": [12, 16, 13, 13], "texture": "#0"},
				"up": {"uv": [14, 12, 15, 13], "texture": "#0"},
				"down": {"uv": [13, 13, 14, 12], "texture": "#0"}
			}
		},
		{
			"name": "Box7",
			"from": [0.97901, 21.25, 28.80371],
			"to": [-3.52099, 8.75, 24.30371],
			"rotation": {"angle": 0, "axis": "y", "origin": [-7.27099, 14, 26.55371]},
			"faces": {
				"north": {"uv": [13, 12, 14, 9], "texture": "#0"},
				"east": {"uv": [12, 12, 13, 9], "texture": "#0"},
				"south": {"uv": [11, 12, 12, 9], "texture": "#0"},
				"west": {"uv": [10, 12, 11, 9], "texture": "#0"},
				"up": {"uv": [12, 8, 13, 9], "texture": "#0"},
				"down": {"uv": [11, 9, 12, 8], "texture": "#0"}
			}
		},
		{
			"name": "Box5",
			"from": [-3.27099, 9, 24.55371],
			"to": [0.72901, 21, 28.55371],
			"rotation": {"angle": 0, "axis": "y", "origin": [-7.27099, 14, 26.55371]},
			"faces": {
				"north": {"uv": [11, 5, 12, 8], "texture": "#0"},
				"east": {"uv": [10, 5, 11, 8], "texture": "#0"},
				"south": {"uv": [13, 5, 14, 8], "texture": "#0"},
				"west": {"uv": [12, 5, 13, 8], "texture": "#0"},
				"up": {"uv": [12, 5, 11, 4], "texture": "#0"},
				"down": {"uv": [13, 4, 12, 5], "texture": "#0"}
			}
		},
		{
			"name": "Box6",
			"from": [-3.52099, 8.75, 24.30371],
			"to": [0.97901, 21.25, 28.80371],
			"rotation": {"angle": 0, "axis": "y", "origin": [-7.27099, 14, 26.55371]},
			"faces": {
				"north": {"uv": [11, 9, 12, 12], "texture": "#0"},
				"east": {"uv": [10, 9, 11, 12], "texture": "#0"},
				"south": {"uv": [13, 9, 14, 12], "texture": "#0"},
				"west": {"uv": [12, 9, 13, 12], "texture": "#0"},
				"up": {"uv": [12, 9, 11, 8], "texture": "#0"},
				"down": {"uv": [13, 8, 12, 9], "texture": "#0"}
			}
		},
		{
			"name": "Box5",
			"from": [-11.77099, 20.5, 22.05371],
			"to": [-2.77099, 29.5, 31.05371],
			"rotation": {"angle": -22.5, "axis": "y", "origin": [-7.27099, 25, 26.55371]},
			"faces": {
				"north": {"uv": [10, 2, 12, 4], "texture": "#0"},
				"east": {"uv": [8, 2, 10, 4], "texture": "#0"},
				"south": {"uv": [14, 2, 16, 4], "texture": "#0"},
				"west": {"uv": [12, 2, 14, 4], "texture": "#0"},
				"up": {"uv": [12, 2, 10, 0], "texture": "#0"},
				"down": {"uv": [14, 0, 12, 2], "texture": "#0"}
			}
		},
		{
			"name": "Box6",
			"from": [-11.27099, 21, 22.55371],
			"to": [-3.27099, 29, 30.55371],
			"rotation": {"angle": -22.5, "axis": "y", "origin": [-7.27099, 25, 26.55371]},
			"faces": {
				"north": {"uv": [2, 2, 4, 4], "texture": "#0"},
				"east": {"uv": [0, 2, 2, 4], "texture": "#0"},
				"south": {"uv": [6, 2, 8, 4], "texture": "#0"},
				"west": {"uv": [4, 2, 6, 4], "texture": "#0"},
				"up": {"uv": [4, 2, 2, 0], "texture": "#0"},
				"down": {"uv": [6, 0, 4, 2], "texture": "#0"}
			}
		},
		{
			"name": "Box6",
			"from": [-2.77099, 29.5, 31.05371],
			"to": [-11.77099, 20.5, 22.05371],
			"rotation": {"angle": -22.5, "axis": "y", "origin": [-7.27099, 25, 26.55371]},
			"faces": {
				"north": {"uv": [16, 2, 14, 4], "rotation": 180, "texture": "#0"},
				"east": {"uv": [14, 2, 12, 4], "rotation": 180, "texture": "#0"},
				"south": {"uv": [12, 2, 10, 4], "rotation": 180, "texture": "#0"},
				"west": {"uv": [10, 2, 8, 4], "rotation": 180, "texture": "#0"},
				"up": {"uv": [12, 0, 14, 2], "texture": "#0"},
				"down": {"uv": [10, 2, 12, 0], "texture": "#0"}
			}
		},
		{
			"name": "Box7",
			"from": [12.25, 21.25, -3.75],
			"to": [3.75, 8.75, -8.25],
			"rotation": {"angle": 0, "axis": "y", "origin": [9, 16, 9]},
			"faces": {
				"north": {"uv": [8, 12, 10, 9], "texture": "#1"},
				"east": {"uv": [7, 12, 8, 9], "texture": "#1"},
				"south": {"uv": [5, 12, 7, 9], "texture": "#1"},
				"west": {"uv": [4, 12, 5, 9], "texture": "#1"},
				"up": {"uv": [9, 8, 7, 9], "texture": "#1"},
				"down": {"uv": [7, 8, 5, 9], "texture": "#1"}
			}
		},
		{
			"name": "Box5",
			"from": [4, 9, -8],
			"to": [12, 21, -4],
			"rotation": {"angle": 0, "axis": "y", "origin": [-7, 0, -7]},
			"faces": {
				"north": {"uv": [5, 5, 7, 8], "texture": "#1"},
				"east": {"uv": [4, 5, 5, 8], "texture": "#1"},
				"south": {"uv": [8, 5, 10, 8], "texture": "#1"},
				"west": {"uv": [7, 5, 8, 8], "texture": "#1"},
				"up": {"uv": [7, 5, 5, 4], "texture": "#1"},
				"down": {"uv": [7, 4, 9, 5], "texture": "#1"}
			}
		},
		{
			"name": "Box6",
			"from": [3.75, 8.75, -8.25],
			"to": [12.25, 21.25, -3.75],
			"rotation": {"angle": 0, "axis": "y", "origin": [-7, 0, -7]},
			"faces": {
				"north": {"uv": [5, 9, 7, 12], "texture": "#1"},
				"east": {"uv": [4, 9, 5, 12], "texture": "#1"},
				"south": {"uv": [8, 9, 10, 12], "texture": "#1"},
				"west": {"uv": [7, 9, 8, 12], "texture": "#1"},
				"up": {"uv": [5, 8, 7, 9], "texture": "#1"},
				"down": {"uv": [7, 8, 9, 9], "texture": "#1"}
			}
		},
		{
			"name": "Box6",
			"from": [4, -3, -8],
			"to": [8, 9, -4],
			"rotation": {"angle": 0, "axis": "y", "origin": [-1, 10, 1]},
			"faces": {
				"north": {"uv": [6, 13, 5, 16], "texture": "#1"},
				"east": {"uv": [7, 13, 6, 16], "texture": "#1"},
				"south": {"uv": [8, 13, 7, 16], "texture": "#1"},
				"west": {"uv": [5, 13, 4, 16], "texture": "#1"},
				"up": {"uv": [5, 13, 6, 12], "texture": "#1"},
				"down": {"uv": [7, 12, 6, 13], "texture": "#1"}
			}
		},
		{
			"name": "Box7",
			"from": [3.75, -3.25, -8.25],
			"to": [8.25, 9.25, -3.75],
			"rotation": {"angle": 0, "axis": "y", "origin": [-1, 10, 1]},
			"faces": {
				"north": {"uv": [1, 13, 2, 16], "texture": "#1"},
				"east": {"uv": [0, 13, 1, 16], "texture": "#1"},
				"south": {"uv": [3, 13, 4, 16], "texture": "#1"},
				"west": {"uv": [2, 13, 3, 16], "texture": "#1"},
				"up": {"uv": [2, 13, 1, 12], "texture": "#1"},
				"down": {"uv": [3, 12, 2, 13], "texture": "#1"}
			}
		},
		{
			"name": "Box8",
			"from": [8.25, 9.25, -3.75],
			"to": [3.75, -3.25, -8.25],
			"rotation": {"angle": 0, "axis": "y", "origin": [-1, -18, 1]},
			"faces": {
				"north": {"uv": [3, 16, 4, 13], "texture": "#1"},
				"east": {"uv": [2, 16, 3, 13], "texture": "#1"},
				"south": {"uv": [1, 16, 2, 13], "texture": "#1"},
				"west": {"uv": [0, 16, 1, 13], "texture": "#1"},
				"up": {"uv": [2, 12, 3, 13], "texture": "#1"},
				"down": {"uv": [1, 13, 2, 12], "texture": "#1"}
			}
		},
		{
			"name": "Box6",
			"from": [8, -3, -8],
			"to": [12, 9, -4],
			"rotation": {"angle": 0, "axis": "y", "origin": [3, 10, 1]},
			"faces": {
				"north": {"uv": [1, 5, 2, 8], "texture": "#1"},
				"east": {"uv": [0, 5, 1, 8], "texture": "#1"},
				"south": {"uv": [3, 5, 4, 8], "texture": "#1"},
				"west": {"uv": [2, 5, 3, 8], "texture": "#1"},
				"up": {"uv": [2, 5, 1, 4], "texture": "#1"},
				"down": {"uv": [3, 4, 2, 5], "texture": "#1"}
			}
		},
		{
			"name": "Box7",
			"from": [7.75, -3.25, -8.25],
			"to": [12.25, 9.25, -3.75],
			"rotation": {"angle": 0, "axis": "y", "origin": [3, 10, 1]},
			"faces": {
				"north": {"uv": [1, 9, 2, 12], "texture": "#1"},
				"east": {"uv": [0, 9, 1, 12], "texture": "#1"},
				"south": {"uv": [3, 9, 4, 12], "texture": "#1"},
				"west": {"uv": [2, 9, 3, 12], "texture": "#1"},
				"up": {"uv": [2, 9, 1, 8], "texture": "#1"},
				"down": {"uv": [3, 8, 2, 9], "texture": "#1"}
			}
		},
		{
			"name": "Box8",
			"from": [12.25, 9.25, -3.75],
			"to": [7.75, -3.25, -8.25],
			"rotation": {"angle": 0, "axis": "y", "origin": [3, -18, 1]},
			"faces": {
				"north": {"uv": [3, 12, 4, 9], "texture": "#1"},
				"east": {"uv": [2, 12, 3, 9], "texture": "#1"},
				"south": {"uv": [1, 12, 2, 9], "texture": "#1"},
				"west": {"uv": [0, 12, 1, 9], "texture": "#1"},
				"up": {"uv": [2, 8, 3, 9], "texture": "#1"},
				"down": {"uv": [1, 9, 2, 8], "texture": "#1"}
			}
		},
		{
			"name": "Box6",
			"from": [0, 9, -8],
			"to": [4, 21, -4],
			"rotation": {"angle": 22.5, "axis": "x", "origin": [2, 20, -6]},
			"faces": {
				"north": {"uv": [9, 13, 10, 16], "texture": "#1"},
				"east": {"uv": [8, 13, 9, 16], "texture": "#1"},
				"south": {"uv": [11, 13, 12, 16], "texture": "#1"},
				"west": {"uv": [10, 13, 11, 16], "texture": "#1"},
				"up": {"uv": [10, 13, 9, 12], "texture": "#1"},
				"down": {"uv": [11, 12, 10, 13], "texture": "#1"}
			}
		},
		{
			"name": "Box7",
			"from": [-0.25, 8.75, -8.25],
			"to": [4.25, 21.25, -3.75],
			"rotation": {"angle": 22.5, "axis": "x", "origin": [2, 20, -6]},
			"faces": {
				"north": {"uv": [13, 13, 14, 16], "texture": "#1"},
				"east": {"uv": [12, 13, 13, 16], "texture": "#1"},
				"south": {"uv": [15, 13, 16, 16], "texture": "#1"},
				"west": {"uv": [14, 13, 15, 16], "texture": "#1"},
				"up": {"uv": [14, 13, 13, 12], "texture": "#1"},
				"down": {"uv": [15, 12, 14, 13], "texture": "#1"}
			}
		},
		{
			"name": "Box8",
			"from": [4.25, 21.25, -3.75],
			"to": [-0.25, 8.75, -8.25],
			"rotation": {"angle": 22.5, "axis": "x", "origin": [2, 20, -6]},
			"faces": {
				"north": {"uv": [15, 16, 16, 13], "texture": "#1"},
				"east": {"uv": [14, 16, 15, 13], "texture": "#1"},
				"south": {"uv": [13, 16, 14, 13], "texture": "#1"},
				"west": {"uv": [12, 16, 13, 13], "texture": "#1"},
				"up": {"uv": [14, 12, 15, 13], "texture": "#1"},
				"down": {"uv": [13, 13, 14, 12], "texture": "#1"}
			}
		},
		{
			"name": "Box8",
			"from": [16.25, 21.25, -3.75],
			"to": [11.75, 8.75, -8.25],
			"rotation": {"angle": 0, "axis": "y", "origin": [7, -6, 1]},
			"faces": {
				"north": {"uv": [13, 12, 14, 9], "texture": "#1"},
				"east": {"uv": [12, 12, 13, 9], "texture": "#1"},
				"south": {"uv": [11, 12, 12, 9], "texture": "#1"},
				"west": {"uv": [10, 12, 11, 9], "texture": "#1"},
				"up": {"uv": [12, 8, 13, 9], "texture": "#1"},
				"down": {"uv": [11, 9, 12, 8], "texture": "#1"}
			}
		},
		{
			"name": "Box6",
			"from": [12, 9, -8],
			"to": [16, 21, -4],
			"rotation": {"angle": 0, "axis": "y", "origin": [7, 22, 1]},
			"faces": {
				"north": {"uv": [11, 5, 12, 8], "texture": "#1"},
				"east": {"uv": [10, 5, 11, 8], "texture": "#1"},
				"south": {"uv": [13, 5, 14, 8], "texture": "#1"},
				"west": {"uv": [12, 5, 13, 8], "texture": "#1"},
				"up": {"uv": [12, 5, 11, 4], "texture": "#1"},
				"down": {"uv": [13, 4, 12, 5], "texture": "#1"}
			}
		},
		{
			"name": "Box7",
			"from": [11.75, 8.75, -8.25],
			"to": [16.25, 21.25, -3.75],
			"rotation": {"angle": 0, "axis": "y", "origin": [7, 22, 1]},
			"faces": {
				"north": {"uv": [11, 9, 12, 12], "texture": "#1"},
				"east": {"uv": [10, 9, 11, 12], "texture": "#1"},
				"south": {"uv": [13, 9, 14, 12], "texture": "#1"},
				"west": {"uv": [12, 9, 13, 12], "texture": "#1"},
				"up": {"uv": [12, 9, 11, 8], "texture": "#1"},
				"down": {"uv": [13, 8, 12, 9], "texture": "#1"}
			}
		},
		{
			"name": "Box6",
			"from": [3.5, 20.5, -10.5],
			"to": [12.5, 29.5, -1.5],
			"rotation": {"angle": 22.5, "axis": "y", "origin": [8, 25, -6]},
			"faces": {
				"north": {"uv": [10, 2, 12, 4], "texture": "#1"},
				"east": {"uv": [8, 2, 10, 4], "texture": "#1"},
				"south": {"uv": [14, 2, 16, 4], "texture": "#1"},
				"west": {"uv": [12, 2, 14, 4], "texture": "#1"},
				"up": {"uv": [12, 2, 10, 0], "texture": "#1"},
				"down": {"uv": [14, 0, 12, 2], "texture": "#1"}
			}
		},
		{
			"name": "Box7",
			"from": [4, 21, -10],
			"to": [12, 29, -2],
			"rotation": {"angle": 22.5, "axis": "y", "origin": [8, 25, -6]},
			"faces": {
				"north": {"uv": [2, 2, 4, 4], "texture": "#1"},
				"east": {"uv": [0, 2, 2, 4], "texture": "#1"},
				"south": {"uv": [6, 2, 8, 4], "texture": "#1"},
				"west": {"uv": [4, 2, 6, 4], "texture": "#1"},
				"up": {"uv": [4, 2, 2, 0], "texture": "#1"},
				"down": {"uv": [6, 0, 4, 2], "texture": "#1"}
			}
		},
		{
			"name": "Box7",
			"from": [12.5, 29.5, -1.5],
			"to": [3.5, 20.5, -10.5],
			"rotation": {"angle": 22.5, "axis": "y", "origin": [8, 25, -6]},
			"faces": {
				"north": {"uv": [16, 2, 14, 4], "rotation": 180, "texture": "#1"},
				"east": {"uv": [14, 2, 12, 4], "rotation": 180, "texture": "#1"},
				"south": {"uv": [12, 2, 10, 4], "rotation": 180, "texture": "#1"},
				"west": {"uv": [10, 2, 8, 4], "rotation": 180, "texture": "#1"},
				"up": {"uv": [12, 0, 14, 2], "texture": "#1"},
				"down": {"uv": [10, 2, 12, 0], "texture": "#1"}
			}
		}
	],
	"display": {
		"gui": {
			"rotation": [9.07, 50.12, -0.85],
			"translation": [1.75, -1.75, 0],
			"scale": [0.45, 0.45, 0.45]
		}
	},
	"groups": [
		{
			"name": "bone7",
			"origin": [-7, 0, -7],
			"color": 0,
			"nbt": "{}",
			"children": [
				{
					"name": "bone6",
					"origin": [-7, 0, -7],
					"color": 0,
					"nbt": "{}",
					"children": [0, 1, 2]
				},
				{
					"name": "bone5",
					"origin": [-1, -18, 1],
					"color": 0,
					"nbt": "{}",
					"children": [3, 4, 5]
				},
				{
					"name": "bone4",
					"origin": [3, -18, 1],
					"color": 0,
					"nbt": "{}",
					"children": [6, 7, 8]
				},
				{
					"name": "bone3",
					"origin": [-5, -6, 1],
					"color": 0,
					"nbt": "{}",
					"children": [9, 10, 11]
				},
				{
					"name": "bone2",
					"origin": [7, 22, 1],
					"color": 0,
					"nbt": "{}",
					"children": [12, 13, 14]
				},
				{
					"name": "bone",
					"origin": [-7, 1, -7],
					"color": 0,
					"nbt": "{}",
					"children": [15, 16, 17]
				}
			]
		},
		{
			"name": "bone7",
			"origin": [-7, 0, -7],
			"color": 0,
			"nbt": "{}",
			"children": [
				{
					"name": "bone6",
					"origin": [-7, 0, -7],
					"color": 0,
					"nbt": "{}",
					"children": [18, 19, 20]
				},
				{
					"name": "bone5",
					"origin": [-1, -18, 1],
					"color": 0,
					"nbt": "{}",
					"children": [21, 22, 23]
				},
				{
					"name": "bone4",
					"origin": [3, -18, 1],
					"color": 0,
					"nbt": "{}",
					"children": [24, 25, 26]
				},
				{
					"name": "bone3",
					"origin": [-5, -6, 1],
					"color": 0,
					"nbt": "{}",
					"children": [27, 28, 29]
				},
				{
					"name": "bone2",
					"origin": [7, 22, 1],
					"color": 0,
					"nbt": "{}",
					"children": [30, 31, 32]
				},
				{
					"name": "bone",
					"origin": [-7, 1, -7],
					"color": 0,
					"nbt": "{}",
					"children": [33, 34, 35]
				}
			]
		}
	],
	"__credit": "Generated using Animated Java (https://animated-java.dev/)"
}