{
	"credit": "Made by Bret06 using Blockbench",
	"textures": {
		"0": "lunareclipse.watching:item/renders/items/iron_sword",
		"1": "lunareclipse.watching:item/renders/player/8bit_herobrine",
		"2": "lunareclipse.watching:item/renders/particle/wind",
		"particle": "lunareclipse.watching:item/renders/items/iron_sword"
	},
	"elements": [
		{
			"from": [-6.31669, 1.75, 5.65161],
			"to": [8.18331, 7.25, 11.15161],
			"rotation": {"angle": -22.5, "axis": "z", "origin": [0.93858, 4.5, 8.39236]},
			"faces": {
				"north": {"uv": [12, 9, 13, 12], "rotation": 90, "texture": "#1"},
				"east": {"uv": [12, 8, 13, 9], "rotation": 180, "texture": "#1"},
				"south": {"uv": [10, 9, 11, 12], "rotation": 270, "texture": "#1"},
				"west": {"uv": [11, 8, 12, 9], "texture": "#1"},
				"up": {"uv": [11, 9, 12, 12], "rotation": 270, "texture": "#1"},
				"down": {"uv": [13, 9, 14, 12], "rotation": 270, "texture": "#1"}
			}
		},
		{
			"from": [8.19385, 7.25, 11.13312],
			"to": [-6.30615, 1.75, 5.63312],
			"rotation": {"angle": -22.5, "axis": "z", "origin": [0.93858, 4.5, 8.39236]},
			"faces": {
				"north": {"uv": [11, 9, 10, 12], "rotation": 270, "texture": "#1"},
				"east": {"uv": [11, 9, 12, 8], "texture": "#1"},
				"south": {"uv": [13, 9, 12, 12], "rotation": 90, "texture": "#1"},
				"west": {"uv": [12, 9, 13, 8], "rotation": 180, "texture": "#1"},
				"up": {"uv": [13, 12, 14, 9], "rotation": 270, "texture": "#1"},
				"down": {"uv": [11, 12, 12, 9], "rotation": 270, "texture": "#1"}
			}
		},
		{
			"from": [-6.06669, 2, 5.90161],
			"to": [7.93331, 7, 10.90161],
			"rotation": {"angle": -22.5, "axis": "z", "origin": [0.93858, 4.5, 8.39236]},
			"faces": {
				"north": {"uv": [10, 5, 11, 8], "rotation": 90, "texture": "#1"},
				"east": {"uv": [12, 4, 13, 5], "rotation": 180, "texture": "#1"},
				"south": {"uv": [10, 5, 11, 8], "rotation": 270, "texture": "#1"},
				"west": {"uv": [11, 4, 12, 5], "texture": "#1"},
				"up": {"uv": [11, 5, 12, 8], "rotation": 270, "texture": "#1"},
				"down": {"uv": [13, 5, 14, 8], "rotation": 270, "texture": "#1"}
			}
		},
		{
			"name": "iron_sword_0",
			"from": [13, 12, 7],
			"to": [17, 16, 9],
			"rotation": {"angle": 0, "axis": "y", "origin": [12, 8, 5]},
			"faces": {
				"north": {"uv": [16, 0, 12, 4], "texture": "#0"},
				"east": {"uv": [14, 0, 16, 4], "texture": "#0"},
				"south": {"uv": [12, 0, 16, 4], "texture": "#0"},
				"west": {"uv": [12, 0, 14, 4], "texture": "#0"},
				"up": {"uv": [12, 0, 16, 2], "texture": "#0"},
				"down": {"uv": [12, 2, 16, 4], "texture": "#0"}
			}
		},
		{
			"name": "iron_sword_1",
			"from": [11, 8, 7],
			"to": [13, 14, 9],
			"rotation": {"angle": 0, "axis": "y", "origin": [12, 8, 5]},
			"faces": {
				"north": {"uv": [12, 2, 10, 8], "texture": "#0"},
				"east": {"uv": [10, 2, 12, 8], "texture": "#0"},
				"south": {"uv": [10, 2, 12, 8], "texture": "#0"},
				"west": {"uv": [10, 2, 12, 8], "texture": "#0"},
				"up": {"uv": [10, 2, 12, 4], "texture": "#0"},
				"down": {"uv": [10, 6, 12, 8], "texture": "#0"}
			}
		},
		{
			"name": "iron_sword_2",
			"from": [9, 6, 7],
			"to": [11, 12, 9],
			"rotation": {"angle": 0, "axis": "y", "origin": [12, 8, 5]},
			"faces": {
				"north": {"uv": [10, 4, 8, 10], "texture": "#0"},
				"east": {"uv": [8, 4, 10, 10], "texture": "#0"},
				"south": {"uv": [8, 4, 10, 10], "texture": "#0"},
				"west": {"uv": [8, 4, 10, 10], "texture": "#0"},
				"up": {"uv": [8, 4, 10, 6], "texture": "#0"},
				"down": {"uv": [8, 8, 10, 10], "texture": "#0"}
			}
		},
		{
			"name": "iron_sword_3",
			"from": [13, 10, 7],
			"to": [15, 12, 9],
			"rotation": {"angle": 0, "axis": "y", "origin": [12, 8, 5]},
			"faces": {
				"north": {"uv": [14, 4, 12, 6], "texture": "#0"},
				"east": {"uv": [12, 4, 14, 6], "texture": "#0"},
				"south": {"uv": [12, 4, 14, 6], "texture": "#0"},
				"west": {"uv": [12, 4, 14, 6], "texture": "#0"},
				"up": {"uv": [12, 4, 14, 6], "texture": "#0"},
				"down": {"uv": [12, 4, 14, 6], "texture": "#0"}
			}
		},
		{
			"name": "iron_sword_4",
			"from": [3, 6, 7],
			"to": [5, 10, 9],
			"rotation": {"angle": 0, "axis": "y", "origin": [12, 8, 5]},
			"faces": {
				"north": {"uv": [4, 6, 2, 10], "texture": "#0"},
				"east": {"uv": [2, 6, 4, 10], "texture": "#0"},
				"south": {"uv": [2, 6, 4, 10], "texture": "#0"},
				"west": {"uv": [2, 6, 4, 10], "texture": "#0"},
				"up": {"uv": [2, 6, 4, 8], "texture": "#0"},
				"down": {"uv": [2, 8, 4, 10], "texture": "#0"}
			}
		},
		{
			"name": "iron_sword_5",
			"from": [7, 2, 7],
			"to": [9, 10, 9],
			"rotation": {"angle": 0, "axis": "y", "origin": [12, 8, 5]},
			"faces": {
				"north": {"uv": [8, 6, 6, 14], "texture": "#0"},
				"east": {"uv": [6, 6, 8, 14], "texture": "#0"},
				"south": {"uv": [6, 6, 8, 14], "texture": "#0"},
				"west": {"uv": [6, 6, 8, 14], "texture": "#0"},
				"up": {"uv": [6, 6, 8, 8], "texture": "#0"},
				"down": {"uv": [6, 12, 8, 14], "texture": "#0"}
			}
		},
		{
			"name": "iron_sword_6",
			"from": [5, 4, 7],
			"to": [7, 8, 9],
			"rotation": {"angle": 0, "axis": "y", "origin": [12, 8, 5]},
			"faces": {
				"north": {"uv": [6, 8, 4, 12], "texture": "#0"},
				"east": {"uv": [4, 8, 6, 12], "texture": "#0"},
				"south": {"uv": [4, 8, 6, 12], "texture": "#0"},
				"west": {"uv": [4, 8, 6, 12], "texture": "#0"},
				"up": {"uv": [4, 8, 6, 10], "texture": "#0"},
				"down": {"uv": [4, 10, 6, 12], "texture": "#0"}
			}
		},
		{
			"name": "iron_sword_7",
			"from": [1, 0, 7],
			"to": [5, 4, 9],
			"rotation": {"angle": 0, "axis": "y", "origin": [12, 8, 5]},
			"faces": {
				"north": {"uv": [4, 12, 0, 16], "texture": "#0"},
				"east": {"uv": [2, 12, 4, 16], "texture": "#0"},
				"south": {"uv": [0, 12, 4, 16], "texture": "#0"},
				"west": {"uv": [0, 12, 2, 16], "texture": "#0"},
				"up": {"uv": [0, 12, 4, 14], "texture": "#0"},
				"down": {"uv": [0, 14, 4, 16], "texture": "#0"}
			}
		},
		{
			"name": "iron_sword_8",
			"from": [9, 2, 7],
			"to": [11, 4, 9],
			"rotation": {"angle": 0, "axis": "y", "origin": [12, 8, 5]},
			"faces": {
				"north": {"uv": [10, 12, 8, 14], "texture": "#0"},
				"east": {"uv": [8, 12, 10, 14], "texture": "#0"},
				"south": {"uv": [8, 12, 10, 14], "texture": "#0"},
				"west": {"uv": [8, 12, 10, 14], "texture": "#0"},
				"up": {"uv": [8, 12, 10, 14], "texture": "#0"},
				"down": {"uv": [8, 12, 10, 14], "texture": "#0"}
			}
		},
		{
			"from": [-14, -5, 8],
			"to": [18, 27, 8],
			"faces": {
				"north": {"uv": [0, 0, 16, 16], "texture": "#2"},
				"east": {"uv": [0, 0, 0, 16], "texture": "#missing"},
				"south": {"uv": [0, 0, 16, 16], "texture": "#2"},
				"west": {"uv": [0, 0, 0, 16], "texture": "#missing"},
				"up": {"uv": [0, 0, 16, 0], "texture": "#missing"},
				"down": {"uv": [0, 0, 16, 0], "texture": "#missing"}
			}
		}
	],
	"gui_light": "front",
	"display": {
		"gui": {
			"rotation": [-172.59, 18.57, -174.6],
			"translation": [-2.25, -1.5, 0],
			"scale": [0.8, 0.8, 0.8]
		}
	},
	"groups": [
		{
			"name": "group",
			"origin": [16, 16, 16],
			"color": 0,
			"nbt": "{}",
			"children": [
				0,
				1,
				2,
				{
					"name": "iron_sword",
					"origin": [8, 8, 8],
					"color": 0,
					"nbt": "{}",
					"children": [3, 4, 5, 6, 7, 8, 9, 10, 11]
				}
			]
		},
		12
	]
}