{
	"credit": "Made by Bret06 using Blockbench",
	"texture_size": [32, 32],
	"textures": {
		"0": "lunareclipse.watching:item/renders/tardis",
		"particle": "lunareclipse.watching:item/renders/tardis"
	},
	"elements": [
		{
			"from": [5, 0, 6],
			"to": [10, 7, 11],
			"faces": {
				"north": {"uv": [0, 0, 2.5, 3.5], "texture": "#0"},
				"east": {"uv": [0, 0, 2.5, 3.5], "texture": "#0"},
				"south": {"uv": [0, 0, 2.5, 3.5], "texture": "#0"},
				"west": {"uv": [0, 0, 2.5, 3.5], "texture": "#0"},
				"up": {"uv": [7.5, 2.5, 5, 0], "texture": "#0"},
				"down": {"uv": [7.5, 2.5, 5, 5], "texture": "#0"}
			}
		},
		{
			"from": [5.5, 4, 6.5],
			"to": [9.5, 8, 10.5],
			"faces": {
				"north": {"uv": [5, 5, 7, 7], "texture": "#0"},
				"east": {"uv": [5, 5, 7, 7], "texture": "#0"},
				"south": {"uv": [5, 5, 7, 7], "texture": "#0"},
				"west": {"uv": [5, 5, 7, 7], "texture": "#0"},
				"up": {"uv": [9, 7, 7, 5], "texture": "#0"},
				"down": {"uv": [8, 7, 6, 9], "texture": "#0"}
			}
		},
		{
			"from": [7.35, 8, 8.35],
			"to": [8.35, 9, 8.35],
			"rotation": {"angle": -45, "axis": "y", "origin": [7.5, 8.5, 8]},
			"faces": {
				"north": {"uv": [10.5, 2.5, 11, 3], "texture": "#0"},
				"east": {"uv": [0, 0, 0, 0.5], "texture": "#0"},
				"south": {"uv": [10.5, 2.5, 11, 3], "texture": "#0"},
				"west": {"uv": [0, 0, 0, 0.5], "texture": "#0"},
				"up": {"uv": [0, 0, 0.5, 0], "texture": "#0"},
				"down": {"uv": [0, 0, 0.5, 0], "texture": "#0"}
			}
		},
		{
			"from": [7.5, 8, 7.99497],
			"to": [7.5, 9, 8.99497],
			"rotation": {"angle": -45, "axis": "y", "origin": [7.5, 8.5, 8.49497]},
			"faces": {
				"north": {"uv": [0, 0, 0, 0.5], "texture": "#0"},
				"east": {"uv": [10.5, 2.5, 11, 3], "texture": "#0"},
				"south": {"uv": [0, 0, 0, 0.5], "texture": "#0"},
				"west": {"uv": [10.5, 2.5, 11, 3], "texture": "#0"},
				"up": {"uv": [0, 0, 0.5, 0], "rotation": 90, "texture": "#0"},
				"down": {"uv": [0, 0, 0.5, 0], "rotation": 270, "texture": "#0"}
			}
		}
	],
	"display": {
		"gui": {
			"rotation": [30, 225, 0],
			"translation": [0, 4.75, 0],
			"scale": [1.5, 1.5, 1.5]
		}
	},
	"__credit": "Generated using Animated Java (https://animated-java.dev/)"
}