{
	"credit": "Made by Bret06 using Blockbench",
	"texture_size": [64, 64],
	"textures": {
		"skin": "lunareclipse.watching:item/herobrine/farlander/skin"
	},
	"elements": [
		{
			"name": "Box5",
			"from": [6, 12, 6],
			"to": [10, 24, 10],
			"rotation": {"angle": 0, "axis": "x", "origin": [8, 22, 8]},
			"faces": {
				"north": {"uv": [1, 5, 2, 8], "texture": "#skin"},
				"east": {"uv": [0, 5, 1, 8], "texture": "#skin"},
				"south": {"uv": [3, 5, 4, 8], "texture": "#skin"},
				"west": {"uv": [2, 5, 3, 8], "texture": "#skin"},
				"up": {"uv": [2, 5, 1, 4], "texture": "#skin"},
				"down": {"uv": [3, 4, 2, 5], "texture": "#skin"}
			}
		},
		{
			"name": "Box6",
			"from": [5.75, 11.75, 5.75],
			"to": [10.25, 24.25, 10.25],
			"rotation": {"angle": 0, "axis": "x", "origin": [8, 22, 8]},
			"faces": {
				"north": {"uv": [1, 9, 2, 12], "texture": "#skin"},
				"east": {"uv": [0, 9, 1, 12], "texture": "#skin"},
				"south": {"uv": [3, 9, 4, 12], "texture": "#skin"},
				"west": {"uv": [2, 9, 3, 12], "texture": "#skin"},
				"up": {"uv": [2, 9, 1, 8], "texture": "#skin"},
				"down": {"uv": [3, 8, 2, 9], "texture": "#skin"}
			}
		},
		{
			"name": "Box7",
			"from": [10.25, 24.25, 10.25],
			"to": [5.75, 11.75, 5.75],
			"rotation": {"angle": 0, "axis": "x", "origin": [8, -6, 8]},
			"faces": {
				"north": {"uv": [3, 12, 4, 9], "texture": "#skin"},
				"east": {"uv": [2, 12, 3, 9], "texture": "#skin"},
				"south": {"uv": [1, 12, 2, 9], "texture": "#skin"},
				"west": {"uv": [0, 12, 1, 9], "texture": "#skin"},
				"up": {"uv": [2, 8, 3, 9], "texture": "#skin"},
				"down": {"uv": [1, 9, 2, 8], "texture": "#skin"}
			}
		}
	],
	"display": {
		"thirdperson_righthand": {
			"rotation": [90, 0, 0],
			"translation": [-2.3, -2.06, -19.57],
			"scale": [1.892, 1.892, 1.892]
		},
		"thirdperson_lefthand": {
			"rotation": [90, 0, 0],
			"translation": [-0.6, -2, -4.44],
			"scale": [0.94, 0.94, 0.94]
		}
	}
}