{
	"textures": {
		"0": "lunareclipse.cosmetics:item/entity/webster"
	},
	"elements": [
		{
			"from": [
				8.18002,
				7.89949,
				8.0813
			],
			"to": [
				12.180019999999999,
				8.89949,
				9.0813
			],
			"rotation": {
				"angle": 0,
				"axis": "y",
				"origin": [
					8.92717,
					6.6861,
					7.96593
				]
			},
			"faces": {
				"north": {
					"uv": [
						5.5,
						1.5,
						7.5,
						2
					],
					"texture": "#0"
				},
				"east": {
					"uv": [
						5,
						1.5,
						5.5,
						2
					],
					"texture": "#0"
				},
				"south": {
					"uv": [
						8,
						1.5,
						10,
						2
					],
					"texture": "#0"
				},
				"west": {
					"uv": [
						7.5,
						1.5,
						8,
						2
					],
					"texture": "#0"
				},
				"up": {
					"uv": [
						7.5,
						1.5,
						5.5,
						1
					],
					"texture": "#0"
				},
				"down": {
					"uv": [
						9.5,
						1,
						7.5,
						1.5
					],
					"texture": "#0"
				}
			}
		}
	],
	"display": {
		"head": {
			"rotation": [
				0,
				180,
				0
			]
		}
	}
}