{
	"credit": "Made by Bret06 using Blockbench",
	"texture_size": [64, 64],
	"textures": {
		"skin": "lunareclipse.watching:item/herobrine/zombie/skin"
	},
	"elements": [
		{
			"name": "Box4",
			"from": [4, 12, 6],
			"to": [12, 24, 10],
			"faces": {
				"north": {"uv": [5, 5, 7, 8], "texture": "#skin"},
				"east": {"uv": [4, 5, 5, 8], "texture": "#skin"},
				"south": {"uv": [8, 5, 10, 8], "texture": "#skin"},
				"west": {"uv": [7, 5, 8, 8], "texture": "#skin"},
				"up": {"uv": [5, 4, 7, 5], "texture": "#skin"},
				"down": {"uv": [7, 4, 9, 5], "texture": "#skin"}
			}
		},
		{
			"name": "Box5",
			"from": [3.75, 11.75, 5.75],
			"to": [12.25, 24.25, 10.25],
			"faces": {
				"north": {"uv": [5, 9, 7, 12], "texture": "#skin"},
				"east": {"uv": [4, 9, 5, 12], "texture": "#skin"},
				"south": {"uv": [8, 9, 10, 12], "texture": "#skin"},
				"west": {"uv": [7, 9, 8, 12], "texture": "#skin"},
				"up": {"uv": [5, 8, 7, 9], "texture": "#skin"},
				"down": {"uv": [7, 8, 9, 9], "texture": "#skin"}
			}
		},
		{
			"name": "Box6",
			"from": [11.75, 19.75, -2.25],
			"to": [16.25, 24.25, 10.25],
			"rotation": {"angle": 0, "axis": "x", "origin": [8, 22, 8]},
			"faces": {
				"north": {"uv": [13, 8, 12, 9], "rotation": 180, "texture": "#skin"},
				"east": {"uv": [10, 9, 11, 12], "rotation": 270, "texture": "#skin"},
				"south": {"uv": [12, 9, 11, 8], "texture": "#skin"},
				"west": {"uv": [12, 9, 13, 12], "rotation": 90, "texture": "#skin"},
				"up": {"uv": [11, 9, 12, 12], "rotation": 180, "texture": "#skin"},
				"down": {"uv": [13, 9, 14, 12], "texture": "#skin"}
			}
		},
		{
			"name": "Box6",
			"from": [-0.25, 19.75, -2.25],
			"to": [4.25, 24.25, 10.25],
			"rotation": {"angle": 0, "axis": "x", "origin": [8, 22, 8]},
			"faces": {
				"north": {"uv": [15, 12, 14, 13], "rotation": 180, "texture": "#skin"},
				"east": {"uv": [12, 13, 13, 16], "rotation": 270, "texture": "#skin"},
				"south": {"uv": [14, 13, 13, 12], "texture": "#skin"},
				"west": {"uv": [14, 13, 15, 16], "rotation": 90, "texture": "#skin"},
				"up": {"uv": [13, 13, 14, 16], "rotation": 180, "texture": "#skin"},
				"down": {"uv": [15, 13, 16, 16], "texture": "#skin"}
			}
		},
		{
			"name": "Box5",
			"from": [0, 20, -2],
			"to": [4, 24, 10],
			"rotation": {"angle": 0, "axis": "x", "origin": [8, 22, 8]},
			"faces": {
				"north": {"uv": [11, 12, 10, 13], "rotation": 180, "texture": "#skin"},
				"east": {"uv": [8, 13, 9, 16], "rotation": 270, "texture": "#skin"},
				"south": {"uv": [10, 13, 9, 12], "texture": "#skin"},
				"west": {"uv": [10, 13, 11, 16], "rotation": 90, "texture": "#skin"},
				"up": {"uv": [9, 13, 10, 16], "rotation": 180, "texture": "#skin"},
				"down": {"uv": [11, 13, 12, 16], "texture": "#skin"}
			}
		},
		{
			"name": "Box5",
			"from": [12, 20, -2],
			"to": [16, 24, 10],
			"rotation": {"angle": 0, "axis": "x", "origin": [8, 22, 8]},
			"faces": {
				"north": {"uv": [13, 4, 12, 5], "rotation": 180, "texture": "#skin"},
				"east": {"uv": [10, 5, 11, 8], "rotation": 270, "texture": "#skin"},
				"south": {"uv": [12, 5, 11, 4], "texture": "#skin"},
				"west": {"uv": [12, 5, 13, 8], "rotation": 90, "texture": "#skin"},
				"up": {"uv": [11, 5, 12, 8], "rotation": 180, "texture": "#skin"},
				"down": {"uv": [13, 5, 14, 8], "texture": "#skin"}
			}
		}
	],
	"display": {
		"head": {
			"translation": [0, -31.04, 0],
			"scale": [1.5, 1.5, 1.5]
		}
	}
}