{
	"credit": "Made by Bret06 using Blockbench",
	"textures": {
		"0": "lunareclipse.architect:item/decorations/furniture/christmas/tree/branches",
		"1": "lunareclipse.architect:item/decorations/furniture/christmas/tree/log",
		"7": "lunareclipse.architect:item/decorations/furniture/christmas/tree/star",
		"particle": "lunareclipse.architect:item/decorations/furniture/christmas/tree/branches"
	},
	"elements": [
		{
			"from": [7, -14.9, 7],
			"to": [10, 1.1, 10],
			"rotation": {"angle": 0, "axis": "y", "origin": [0, -14.9, 0]},
			"faces": {
				"north": {"uv": [0, 0, 3, 16], "texture": "#1"},
				"east": {"uv": [0, 0, 3, 16], "texture": "#1"},
				"south": {"uv": [0, 0, 3, 16], "texture": "#1"},
				"west": {"uv": [4, 0, 7, 16], "texture": "#1"},
				"up": {"uv": [0, 0, 3, 3], "texture": "#1"},
				"down": {"uv": [0, 0, 3, 3], "texture": "#1"}
			}
		},
		{
			"from": [-3, -15, 16],
			"to": [20, 4, 16],
			"rotation": {"angle": -45, "axis": "x", "origin": [8.5, -7.5, 11]},
			"faces": {
				"north": {"uv": [5.75, 7.75, 0, 12.5], "texture": "#0"},
				"east": {"uv": [0, 0, 0, 19], "texture": "#missing"},
				"south": {"uv": [5.75, 7.75, 0, 12.5], "texture": "#0"},
				"west": {"uv": [0, 0, 0, 19], "texture": "#missing"},
				"up": {"uv": [0, 0, 23, 0], "texture": "#missing"},
				"down": {"uv": [0, 0, 23, 0], "texture": "#missing"}
			}
		},
		{
			"from": [-3, -15, 0],
			"to": [20, 4, 0],
			"rotation": {"angle": 45, "axis": "x", "origin": [8.5, -7.5, 5]},
			"faces": {
				"north": {"uv": [0, 7.75, 5.75, 12.5], "texture": "#0"},
				"east": {"uv": [0, 0, 0, 19], "texture": "#missing"},
				"south": {"uv": [0, 7.75, 5.75, 12.5], "texture": "#0"},
				"west": {"uv": [0, 0, 0, 19], "texture": "#missing"},
				"up": {"uv": [0, 0, 23, 0], "texture": "#missing"},
				"down": {"uv": [0, 0, 23, 0], "texture": "#missing"}
			}
		},
		{
			"from": [2, 8, 6],
			"to": [14, 22, 6],
			"rotation": {"angle": 22.5, "axis": "x", "origin": [8, 15, 6]},
			"faces": {
				"north": {"uv": [1.25, 0, 4.25, 3.5], "texture": "#0"},
				"south": {"uv": [1.25, 0, 4.25, 3.5], "texture": "#0"}
			}
		},
		{
			"from": [2, 8, 10],
			"to": [14, 22, 10],
			"rotation": {"angle": -22.5, "axis": "x", "origin": [8, 15, 10]},
			"faces": {
				"north": {"uv": [4.25, 0, 1.25, 3.5], "texture": "#0"},
				"south": {"uv": [4.25, 0, 1.25, 3.5], "texture": "#0"}
			}
		},
		{
			"from": [-1, -2, 4],
			"to": [17, 13, 4],
			"rotation": {"angle": 22.5, "axis": "x", "origin": [8, 3.5, 6]},
			"faces": {
				"north": {"uv": [0.5, 3.75, 5, 7.5], "texture": "#0"},
				"south": {"uv": [0.5, 3.75, 5, 7.5], "texture": "#0"}
			}
		},
		{
			"from": [-1, -2, 12],
			"to": [17, 13, 12],
			"rotation": {"angle": -22.5, "axis": "x", "origin": [8, 3.5, 10]},
			"faces": {
				"north": {"uv": [5, 3.75, 0.5, 7.5], "texture": "#0"},
				"south": {"uv": [5, 3.75, 0.5, 7.5], "texture": "#0"}
			}
		},
		{
			"from": [10, 8, 2],
			"to": [10, 22, 14],
			"rotation": {"angle": 22.5, "axis": "z", "origin": [10, 15, 8]},
			"faces": {
				"east": {"uv": [1.25, 0, 4.25, 3.5], "texture": "#0"},
				"west": {"uv": [1.25, 0, 4.25, 3.5], "texture": "#0"}
			}
		},
		{
			"from": [6, 8, 2],
			"to": [6, 22, 14],
			"rotation": {"angle": -22.5, "axis": "z", "origin": [6, 15, 8]},
			"faces": {
				"east": {"uv": [4.25, 0, 1.25, 3.5], "texture": "#0"},
				"west": {"uv": [4.25, 0, 1.25, 3.5], "texture": "#0"}
			}
		},
		{
			"from": [4, -2, -1],
			"to": [4, 13, 17],
			"rotation": {"angle": -22.5, "axis": "z", "origin": [6, 3.5, 8]},
			"faces": {
				"east": {"uv": [5, 3.75, 0.5, 7.5], "texture": "#0"},
				"west": {"uv": [5, 3.75, 0.5, 7.5], "texture": "#0"}
			}
		},
		{
			"from": [12, -2, -1],
			"to": [12, 13, 17],
			"rotation": {"angle": 22.5, "axis": "z", "origin": [10, 3.5, 8]},
			"faces": {
				"east": {"uv": [0.5, 3.75, 5, 7.5], "texture": "#0"},
				"west": {"uv": [0.5, 3.75, 5, 7.5], "texture": "#0"}
			}
		},
		{
			"from": [0, -15, -3],
			"to": [0, 4, 20],
			"rotation": {"angle": -45, "axis": "z", "origin": [5, -7.5, 8.5]},
			"faces": {
				"north": {"uv": [0, 0, 0, 19], "texture": "#missing"},
				"east": {"uv": [5.75, 7.75, 0, 12.5], "texture": "#0"},
				"south": {"uv": [0, 0, 0, 19], "texture": "#missing"},
				"west": {"uv": [5.75, 7.75, 0, 12.5], "texture": "#0"},
				"up": {"uv": [0, 0, 23, 0], "rotation": 90, "texture": "#missing"},
				"down": {"uv": [0, 0, 23, 0], "rotation": 270, "texture": "#missing"}
			}
		},
		{
			"from": [16, -15, -3],
			"to": [16, 4, 20],
			"rotation": {"angle": 45, "axis": "z", "origin": [11, -7.5, 8.5]},
			"faces": {
				"north": {"uv": [0, 0, 0, 19], "texture": "#missing"},
				"east": {"uv": [0, 7.75, 5.75, 12.5], "texture": "#0"},
				"south": {"uv": [0, 0, 0, 19], "texture": "#missing"},
				"west": {"uv": [0, 7.75, 5.75, 12.5], "texture": "#0"},
				"up": {"uv": [0, 0, 23, 0], "rotation": 90, "texture": "#missing"},
				"down": {"uv": [0, 0, 23, 0], "rotation": 270, "texture": "#missing"}
			}
		},
		{
			"from": [5, 20, 8],
			"to": [11, 26, 8],
			"rotation": {"angle": -45, "axis": "y", "origin": [8, 23, 8]},
			"faces": {
				"north": {"uv": [0, 0, 6, 6], "texture": "#7"},
				"east": {"uv": [0, 0, 0, 5.5], "texture": "#7"},
				"south": {"uv": [0, 0, 5.5, 5.5], "texture": "#7"},
				"west": {"uv": [0, 0, 0, 5.5], "texture": "#7"},
				"up": {"uv": [0, 5.5, 0, 0], "rotation": 90, "texture": "#7"},
				"down": {"uv": [0, 0, 0, 5.5], "rotation": 270, "texture": "#7"}
			}
		},
		{
			"from": [5, 20, 8],
			"to": [11, 26, 8],
			"rotation": {"angle": 45, "axis": "y", "origin": [8, 23, 8]},
			"faces": {
				"north": {"uv": [0, 0, 6, 6], "texture": "#7"},
				"east": {"uv": [0, 0, 0, 5.5], "texture": "#7"},
				"south": {"uv": [0, 0, 5.5, 5.5], "texture": "#7"},
				"west": {"uv": [0, 0, 0, 5.5], "texture": "#7"},
				"up": {"uv": [0, 5.5, 0, 0], "rotation": 90, "texture": "#7"},
				"down": {"uv": [0, 0, 0, 5.5], "rotation": 270, "texture": "#7"}
			}
		}
	],
	"gui_light": "front",
	"display": {
		"thirdperson_righthand": {
			"scale": [0.2, 0.2, 0.2]
		},
		"thirdperson_lefthand": {
			"scale": [0.2, 0.2, 0.2]
		},
		"firstperson_righthand": {
			"rotation": [-10.06, -2.02, 11.61],
			"scale": [0.5, 0.5, 0.5]
		},
		"firstperson_lefthand": {
			"rotation": [-10.06, -2.02, 11.61],
			"scale": [0.5, 0.5, 0.5]
		},
		"ground": {
			"translation": [0, 9.25, 0],
			"scale": [0.5, 0.5, 0.5]
		},
		"gui": {
			"rotation": [-161.2, 14.6, -180],
			"translation": [0, 2.25, 0],
			"scale": [0.5, 0.5, 0.5]
		},
		"fixed": {
			"rotation": [-90, 0, 0],
			"translation": [0, 0, -80],
			"scale": [4, 4, 4]
		}
	},
	"groups": [
		{
			"name": "group",
			"origin": [0, 0, 0],
			"color": 0,
			"children": [0, 1, 2, 3, 4, 5, 6, 7, 8, 9, 10, 11, 12, 13, 14]
		}
	]
}