{
	"credit": "Made by Bret06 using Blockbench",
	"texture_size": [64, 64],
	"textures": {
		"0": "lunareclipse.architect:item/decorations/furniture/christmas/santas_mailbox",
		"particle": "lunareclipse.architect:item/decorations/furniture/christmas/santas_mailbox"
	},
	"elements": [
		{
			"from": [1, 3, 2],
			"to": [15, 24, 14],
			"rotation": {"angle": 0, "axis": "y", "origin": [1, 0, 1]},
			"faces": {
				"north": {"uv": [0, 0, 1.75, 2.625], "texture": "#0"},
				"east": {"uv": [3.5, 0, 5, 2.625], "texture": "#0"},
				"south": {"uv": [1.75, 0, 3.5, 2.625], "texture": "#0"},
				"west": {"uv": [3.5, 2.625, 5, 5.25], "texture": "#0"},
				"up": {"uv": [5.25, 6.75, 3.5, 5.25], "texture": "#0"},
				"down": {"uv": [7, 5.25, 5.25, 6.75], "texture": "#0"}
			}
		},
		{
			"from": [0.85, 2.85, 1.85],
			"to": [15.15, 24.15, 14.15],
			"rotation": {"angle": 0, "axis": "y", "origin": [1, 0, 1]},
			"faces": {
				"north": {"uv": [0, 2.625, 1.75, 5.25], "texture": "#0"},
				"east": {"uv": [5, 0, 6.5, 2.625], "texture": "#0"},
				"south": {"uv": [1.75, 2.625, 3.5, 5.25], "texture": "#0"},
				"west": {"uv": [5, 2.625, 6.5, 5.25], "texture": "#0"},
				"up": {"uv": [8.25, 1.5, 6.5, 0], "texture": "#0"},
				"down": {"uv": [8.25, 1.5, 6.5, 3], "texture": "#0"}
			}
		},
		{
			"from": [1, 0, 2],
			"to": [15, 3, 14],
			"rotation": {"angle": 0, "axis": "y", "origin": [1, -3, 1]},
			"faces": {
				"north": {"uv": [6.5, 3, 8.25, 3.375], "texture": "#0"},
				"east": {"uv": [6.5, 3.75, 8, 4.125], "texture": "#0"},
				"south": {"uv": [6.5, 3.375, 8.25, 3.75], "texture": "#0"},
				"west": {"uv": [6.5, 4.125, 8, 4.5], "texture": "#0"},
				"up": {"uv": [1.75, 6.75, 0, 5.25], "texture": "#0"},
				"down": {"uv": [3.5, 5.25, 1.75, 6.75], "texture": "#0"}
			}
		},
		{
			"name": "cube inverted",
			"from": [15, 3, 14],
			"to": [1, 0, 2],
			"rotation": {"angle": 0, "axis": "y", "origin": [1, -3, 1]},
			"faces": {
				"north": {"uv": [6.5, 3.75, 8.25, 3.375], "texture": "#0"},
				"east": {"uv": [6.5, 4.5, 8, 4.125], "texture": "#0"},
				"south": {"uv": [6.5, 3.375, 8.25, 3], "texture": "#0"},
				"west": {"uv": [6.5, 4.125, 8, 3.75], "texture": "#0"},
				"up": {"uv": [1.75, 5.25, 3.5, 6.75], "texture": "#0"},
				"down": {"uv": [0, 6.75, 1.75, 5.25], "texture": "#0"}
			}
		}
	],
	"gui_light": "front",
	"display": {
		"thirdperson_righthand": {
			"rotation": [75, 45, 0],
			"translation": [0, 2.5, 0],
			"scale": [0.375, 0.375, 0.375]
		},
		"thirdperson_lefthand": {
			"rotation": [75, 45, 0],
			"translation": [0, 2.5, 0],
			"scale": [0.375, 0.375, 0.375]
		},
		"firstperson_righthand": {
			"rotation": [-180, 64.5, 180],
			"scale": [0.4, 0.4, 0.4]
		},
		"firstperson_lefthand": {
			"rotation": [-180, 64.5, 180],
			"scale": [0.4, 0.4, 0.4]
		},
		"ground": {
			"translation": [0, 3, 0],
			"scale": [0.25, 0.25, 0.25]
		},
		"gui": {
			"rotation": [30, 225, 0],
			"translation": [0, -1.75, 0],
			"scale": [0.5, 0.5, 0.5]
		},
		"head": {
			"translation": [0, 14.25, 0]
		},
		"fixed": {
			"rotation": [-90, 0, 0],
			"translation": [0, 0, -16],
			"scale": [2, 2, 2]
		}
	}
}