{
	"credit": "Made by Bret06 using Blockbench",
	"texture_size": [256, 256],
	"textures": {
		"1": "lunareclipse.architect:item/decorations/furniture/christmas/sleigh",
		"particle": "lunareclipse.architect:item/decorations/furniture/christmas/sleigh"
	},
	"elements": [
		{
			"from": [-5, 6, -4],
			"to": [19, 8, 15],
			"rotation": {"angle": 0, "axis": "y", "origin": [-5, 0, -8]},
			"faces": {
				"up": {"uv": [1.5, 4.0625, 0, 2.875], "texture": "#1"},
				"down": {"uv": [3.0625, 2.875, 1.5625, 4.0625], "texture": "#1"}
			}
		},
		{
			"from": [-5, 6.7, -4.6],
			"to": [19, 16.7, -0.6],
			"rotation": {"angle": -22.5, "axis": "x", "origin": [7, 7.7, -2.6]},
			"faces": {
				"north": {"uv": [0, 4.125, 1.5, 4.75], "texture": "#1"},
				"east": {"uv": [2.1875, 5.4375, 2.4375, 6.0625], "texture": "#1"},
				"south": {"uv": [1.5625, 4.125, 3.0625, 4.75], "texture": "#1"},
				"west": {"uv": [2.5, 5.4375, 2.75, 6.0625], "texture": "#1"},
				"up": {"uv": [3.0625, 5.0625, 1.5625, 4.8125], "texture": "#1"}
			}
		},
		{
			"from": [-5, 6, 15],
			"to": [19, 20, 20],
			"rotation": {"angle": 0, "axis": "y", "origin": [-5, 0, -8]},
			"faces": {
				"north": {"uv": [3.125, 2.875, 4.625, 3.75], "texture": "#1"},
				"south": {"uv": [3.125, 3.8125, 4.625, 4.6875], "texture": "#1"},
				"up": {"uv": [6.1875, 4.4375, 4.6875, 4.125], "texture": "#1"},
				"down": {"uv": [6.1875, 4.5, 4.6875, 4.8125], "texture": "#1"}
			}
		},
		{
			"from": [-5, 16, 20],
			"to": [19, 20, 24],
			"rotation": {"angle": 0, "axis": "y", "origin": [-5, 0, -8]},
			"faces": {
				"south": {"uv": [3.125, 5.125, 4.625, 5.375], "texture": "#1"},
				"up": {"uv": [1.5, 5.4375, 0, 5.1875], "texture": "#1"},
				"down": {"uv": [6.1875, 5.1875, 4.6875, 5.4375], "texture": "#1"}
			}
		},
		{
			"from": [-5, 7, 6],
			"to": [19, 12, 15],
			"rotation": {"angle": 0, "axis": "y", "origin": [-5, 0, -17]},
			"faces": {
				"north": {"uv": [3.125, 4.75, 4.625, 5.0625], "texture": "#1"},
				"up": {"uv": [6.1875, 3.4375, 4.6875, 2.875], "texture": "#1"}
			}
		},
		{
			"from": [19.1, 0, -16],
			"to": [19.1, 22, 26],
			"rotation": {"angle": 0, "axis": "y", "origin": [-4.9, -10, -8]},
			"faces": {
				"north": {"uv": [0, 5.5, 0, 6.875], "texture": "#1"},
				"east": {"uv": [0, 0, 2.625, 1.375], "texture": "#1"},
				"south": {"uv": [0.0625, 5.5, 0.0625, 6.875], "texture": "#1"},
				"west": {"uv": [0, 1.4375, 2.625, 2.8125], "texture": "#1"},
				"up": {"uv": [0.125, 8.125, 0.125, 5.5], "texture": "#1"},
				"down": {"uv": [0.1875, 5.5, 0.1875, 8.125], "texture": "#1"}
			}
		},
		{
			"from": [-5.1, 0, -16],
			"to": [-5.1, 22, 26],
			"rotation": {"angle": 0, "axis": "y", "origin": [-29.1, -10, -8]},
			"faces": {
				"north": {"uv": [0, 5.5, 0, 6.875], "texture": "#1"},
				"east": {"uv": [0, 0, 2.625, 1.375], "texture": "#1"},
				"south": {"uv": [0.0625, 5.5, 0.0625, 6.875], "texture": "#1"},
				"west": {"uv": [0, 1.4375, 2.625, 2.8125], "texture": "#1"},
				"up": {"uv": [0.125, 8.125, 0.125, 5.5], "texture": "#1"},
				"down": {"uv": [0.1875, 5.5, 0.1875, 8.125], "texture": "#1"}
			}
		}
	],
	"gui_light": "front",
	"display": {
		"thirdperson_righthand": {
			"rotation": [75, 45, 0],
			"translation": [0, 2.5, 0],
			"scale": [0.375, 0.375, 0.375]
		},
		"thirdperson_lefthand": {
			"rotation": [75, 45, 0],
			"translation": [0, 2.5, 0],
			"scale": [0.375, 0.375, 0.375]
		},
		"firstperson_righthand": {
			"rotation": [0, 45, 0],
			"scale": [0.4, 0.4, 0.4]
		},
		"firstperson_lefthand": {
			"rotation": [0, 45, 0],
			"scale": [0.4, 0.4, 0.4]
		},
		"ground": {
			"translation": [0, 3, 0],
			"scale": [0.25, 0.25, 0.25]
		},
		"gui": {
			"rotation": [30, 225, 0],
			"translation": [-0.75, -1, 0],
			"scale": [0.35, 0.35, 0.35]
		},
		"head": {
			"translation": [0, 8.25, 0]
		},
		"fixed": {
			"rotation": [-90, 0, 0],
			"translation": [0, 0, -32],
			"scale": [4, 4, 4]
		}
	}
}