{
	"credit": "Made by Bret06 using Blockbench",
	"textures": {
		"0": "lunareclipse.architect:item/decorations/furniture/christmas/tree/branches",
		"1": "lunareclipse.architect:item/decorations/furniture/christmas/tree/log",
		"4": "lunareclipse.architect:item/decorations/furniture/christmas/tree/candle_lit",
		"5": "lunareclipse.architect:item/decorations/furniture/christmas/tree/plate",
		"6": "lunareclipse.architect:item/decorations/furniture/christmas/tree/flame",
		"particle": "lunareclipse.architect:item/decorations/furniture/christmas/tree/branches"
	},
	"elements": [
		{
			"from": [7, -14.9, 7],
			"to": [10, 1.1, 10],
			"rotation": {"angle": 0, "axis": "y", "origin": [0, -14.9, 0]},
			"faces": {
				"north": {"uv": [0, 0, 3, 16], "texture": "#1"},
				"east": {"uv": [0, 0, 3, 16], "texture": "#1"},
				"south": {"uv": [0, 0, 3, 16], "texture": "#1"},
				"west": {"uv": [4, 0, 7, 16], "texture": "#1"},
				"up": {"uv": [0, 0, 3, 3], "texture": "#1"},
				"down": {"uv": [0, 0, 3, 3], "texture": "#1"}
			}
		},
		{
			"from": [-3, -15, 16],
			"to": [20, 4, 16],
			"rotation": {"angle": -45, "axis": "x", "origin": [8.5, -7.5, 11]},
			"faces": {
				"north": {"uv": [5.75, 7.75, 0, 12.5], "texture": "#0"},
				"east": {"uv": [0, 0, 0, 19], "texture": "#missing"},
				"south": {"uv": [5.75, 7.75, 0, 12.5], "texture": "#0"},
				"west": {"uv": [0, 0, 0, 19], "texture": "#missing"},
				"up": {"uv": [0, 0, 23, 0], "texture": "#missing"},
				"down": {"uv": [0, 0, 23, 0], "texture": "#missing"}
			}
		},
		{
			"from": [-3, -15, 0],
			"to": [20, 4, 0],
			"rotation": {"angle": 45, "axis": "x", "origin": [8.5, -7.5, 5]},
			"faces": {
				"north": {"uv": [0, 7.75, 5.75, 12.5], "texture": "#0"},
				"east": {"uv": [0, 0, 0, 19], "texture": "#missing"},
				"south": {"uv": [0, 7.75, 5.75, 12.5], "texture": "#0"},
				"west": {"uv": [0, 0, 0, 19], "texture": "#missing"},
				"up": {"uv": [0, 0, 23, 0], "texture": "#missing"},
				"down": {"uv": [0, 0, 23, 0], "texture": "#missing"}
			}
		},
		{
			"from": [2, 8, 6],
			"to": [14, 22, 6],
			"rotation": {"angle": 22.5, "axis": "x", "origin": [8, 15, 6]},
			"faces": {
				"north": {"uv": [1.25, 0, 4.25, 3.5], "texture": "#0"},
				"south": {"uv": [1.25, 0, 4.25, 3.5], "texture": "#0"}
			}
		},
		{
			"from": [2, 8, 10],
			"to": [14, 22, 10],
			"rotation": {"angle": -22.5, "axis": "x", "origin": [8, 15, 10]},
			"faces": {
				"north": {"uv": [4.25, 0, 1.25, 3.5], "texture": "#0"},
				"south": {"uv": [4.25, 0, 1.25, 3.5], "texture": "#0"}
			}
		},
		{
			"from": [-1, -2, 4],
			"to": [17, 13, 4],
			"rotation": {"angle": 22.5, "axis": "x", "origin": [8, 3.5, 6]},
			"faces": {
				"north": {"uv": [0.5, 3.75, 5, 7.5], "texture": "#0"},
				"south": {"uv": [0.5, 3.75, 5, 7.5], "texture": "#0"}
			}
		},
		{
			"from": [-1, -2, 12],
			"to": [17, 13, 12],
			"rotation": {"angle": -22.5, "axis": "x", "origin": [8, 3.5, 10]},
			"faces": {
				"north": {"uv": [5, 3.75, 0.5, 7.5], "texture": "#0"},
				"south": {"uv": [5, 3.75, 0.5, 7.5], "texture": "#0"}
			}
		},
		{
			"from": [10, 8, 2],
			"to": [10, 22, 14],
			"rotation": {"angle": 22.5, "axis": "z", "origin": [10, 15, 8]},
			"faces": {
				"east": {"uv": [1.25, 0, 4.25, 3.5], "texture": "#0"},
				"west": {"uv": [1.25, 0, 4.25, 3.5], "texture": "#0"}
			}
		},
		{
			"from": [6, 8, 2],
			"to": [6, 22, 14],
			"rotation": {"angle": -22.5, "axis": "z", "origin": [6, 15, 8]},
			"faces": {
				"east": {"uv": [4.25, 0, 1.25, 3.5], "texture": "#0"},
				"west": {"uv": [4.25, 0, 1.25, 3.5], "texture": "#0"}
			}
		},
		{
			"from": [4, -2, -1],
			"to": [4, 13, 17],
			"rotation": {"angle": -22.5, "axis": "z", "origin": [6, 3.5, 8]},
			"faces": {
				"east": {"uv": [5, 3.75, 0.5, 7.5], "texture": "#0"},
				"west": {"uv": [5, 3.75, 0.5, 7.5], "texture": "#0"}
			}
		},
		{
			"from": [12, -2, -1],
			"to": [12, 13, 17],
			"rotation": {"angle": 22.5, "axis": "z", "origin": [10, 3.5, 8]},
			"faces": {
				"east": {"uv": [0.5, 3.75, 5, 7.5], "texture": "#0"},
				"west": {"uv": [0.5, 3.75, 5, 7.5], "texture": "#0"}
			}
		},
		{
			"from": [0, -15, -3],
			"to": [0, 4, 20],
			"rotation": {"angle": -45, "axis": "z", "origin": [5, -7.5, 8.5]},
			"faces": {
				"north": {"uv": [0, 0, 0, 19], "texture": "#missing"},
				"east": {"uv": [5.75, 7.75, 0, 12.5], "texture": "#0"},
				"south": {"uv": [0, 0, 0, 19], "texture": "#missing"},
				"west": {"uv": [5.75, 7.75, 0, 12.5], "texture": "#0"},
				"up": {"uv": [0, 0, 23, 0], "rotation": 90, "texture": "#missing"},
				"down": {"uv": [0, 0, 23, 0], "rotation": 270, "texture": "#missing"}
			}
		},
		{
			"from": [16, -15, -3],
			"to": [16, 4, 20],
			"rotation": {"angle": 45, "axis": "z", "origin": [11, -7.5, 8.5]},
			"faces": {
				"north": {"uv": [0, 0, 0, 19], "texture": "#missing"},
				"east": {"uv": [0, 7.75, 5.75, 12.5], "texture": "#0"},
				"south": {"uv": [0, 0, 0, 19], "texture": "#missing"},
				"west": {"uv": [0, 7.75, 5.75, 12.5], "texture": "#0"},
				"up": {"uv": [0, 0, 23, 0], "rotation": 90, "texture": "#missing"},
				"down": {"uv": [0, 0, 23, 0], "rotation": 270, "texture": "#missing"}
			}
		},
		{
			"from": [7, 20, 7],
			"to": [9, 23, 9],
			"rotation": {"angle": 0, "axis": "y", "origin": [0, 20, 0]},
			"faces": {
				"north": {"uv": [0, 11, 2, 14], "texture": "#4"},
				"east": {"uv": [2, 11, 0, 14], "texture": "#4"},
				"south": {"uv": [0, 11, 2, 14], "texture": "#4"},
				"west": {"uv": [2, 11, 0, 14], "texture": "#4"},
				"up": {"uv": [0, 8, 2, 10], "texture": "#4"},
				"down": {"uv": [0, 14, 2, 16], "texture": "#4", "cullface": "down"}
			}
		},
		{
			"from": [6.85, 19.85, 6.85],
			"to": [9.15, 23.15, 9.15],
			"rotation": {"angle": 0, "axis": "y", "origin": [0, 20, 0]},
			"faces": {
				"north": {"uv": [4, 10, 2, 13], "texture": "#4"},
				"east": {"uv": [4, 10, 2, 13], "texture": "#4"},
				"south": {"uv": [4, 10, 2, 13], "texture": "#4"},
				"west": {"uv": [4, 10, 2, 13], "texture": "#4"},
				"up": {"uv": [0, 8, 2, 10], "texture": "#4"},
				"down": {"uv": [0, 14, 2, 16], "texture": "#4", "cullface": "down"}
			}
		},
		{
			"from": [7.5, 23, 8],
			"to": [8.5, 24, 8],
			"rotation": {"angle": 45, "axis": "y", "origin": [8, 23, 8]},
			"faces": {
				"north": {"uv": [0, 5, 1, 6], "texture": "#4"},
				"south": {"uv": [0, 5, 1, 6], "texture": "#4"}
			}
		},
		{
			"from": [7.5, 23, 8],
			"to": [8.5, 24, 8],
			"rotation": {"angle": -45, "axis": "y", "origin": [8, 23, 8]},
			"faces": {
				"north": {"uv": [0, 5, 1, 6], "texture": "#4"},
				"south": {"uv": [0, 5, 1, 6], "texture": "#4"}
			}
		},
		{
			"from": [6, 19.99, 6],
			"to": [10, 19.99, 10],
			"rotation": {"angle": 0, "axis": "y", "origin": [9, 20, 9]},
			"faces": {
				"north": {"uv": [0, 0, 6, 0], "texture": "#5"},
				"east": {"uv": [0, 0, 6, 0], "texture": "#5"},
				"south": {"uv": [0, 0, 6, 0], "texture": "#5"},
				"west": {"uv": [0, 0, 6, 0], "texture": "#5"},
				"up": {"uv": [5, 5, 1, 1], "texture": "#5"},
				"down": {"uv": [5, 1, 1, 5], "texture": "#5"}
			}
		},
		{
			"from": [6, 19.99, 5],
			"to": [10, 19.99, 6],
			"rotation": {"angle": 22.5, "axis": "x", "origin": [8, 19.99, 6]},
			"faces": {
				"north": {"uv": [0, 0, 6, 0], "texture": "#5"},
				"east": {"uv": [0, 0, 6, 0], "texture": "#5"},
				"south": {"uv": [0, 0, 6, 0], "texture": "#5"},
				"west": {"uv": [0, 0, 6, 0], "texture": "#5"},
				"up": {"uv": [5, 6, 1, 5], "texture": "#5"},
				"down": {"uv": [5, 5, 1, 6], "texture": "#5"}
			}
		},
		{
			"from": [6, 19.99, 10],
			"to": [10, 19.99, 11],
			"rotation": {"angle": -22.5, "axis": "x", "origin": [9, 20, 10]},
			"faces": {
				"north": {"uv": [0, 0, 6, 0], "texture": "#5"},
				"east": {"uv": [0, 0, 6, 0], "texture": "#5"},
				"south": {"uv": [0, 0, 6, 0], "texture": "#5"},
				"west": {"uv": [0, 0, 6, 0], "texture": "#5"},
				"up": {"uv": [5, 1, 1, 0], "texture": "#5"},
				"down": {"uv": [5, 0, 1, 1], "texture": "#5"}
			}
		},
		{
			"from": [10, 19.99, 6],
			"to": [11, 19.99, 10],
			"rotation": {"angle": 22.5, "axis": "z", "origin": [10, 19.99, 8]},
			"faces": {
				"north": {"uv": [0, 0, 6, 0], "texture": "#5"},
				"east": {"uv": [0, 0, 6, 0], "texture": "#5"},
				"south": {"uv": [0, 0, 6, 0], "texture": "#5"},
				"west": {"uv": [0, 0, 6, 0], "texture": "#5"},
				"up": {"uv": [1, 5, 0, 1], "texture": "#5"},
				"down": {"uv": [1, 1, 0, 5], "texture": "#5"}
			}
		},
		{
			"from": [5, 19.99, 6],
			"to": [6, 19.99, 10],
			"rotation": {"angle": -22.5, "axis": "z", "origin": [6, 19.99, 8]},
			"faces": {
				"north": {"uv": [0, 0, 6, 0], "texture": "#5"},
				"east": {"uv": [0, 0, 6, 0], "texture": "#5"},
				"south": {"uv": [0, 0, 6, 0], "texture": "#5"},
				"west": {"uv": [0, 0, 6, 0], "texture": "#5"},
				"up": {"uv": [6, 5, 5, 1], "texture": "#5"},
				"down": {"uv": [6, 1, 5, 5], "texture": "#5"}
			}
		},
		{
			"name": "cube inverted",
			"from": [9.15, 23.15, 9.15],
			"to": [6.85, 19.85, 6.85],
			"rotation": {"angle": 0, "axis": "y", "origin": [0, 20, 0]},
			"faces": {
				"north": {"uv": [4, 13, 2, 10], "texture": "#4"},
				"east": {"uv": [4, 13, 2, 10], "texture": "#4"},
				"south": {"uv": [4, 13, 2, 10], "texture": "#4"},
				"west": {"uv": [4, 13, 2, 10], "texture": "#4"},
				"up": {"uv": [2, 14, 0, 16], "texture": "#4", "cullface": "down"},
				"down": {"uv": [2, 8, 0, 10], "texture": "#4"}
			}
		},
		{
			"from": [4, 24, 8],
			"to": [12, 32, 8],
			"rotation": {"angle": 0, "axis": "y", "origin": [4, 24, 8]},
			"faces": {
				"north": {"uv": [0, 0, 16, 16], "texture": "#6"},
				"east": {"uv": [0, 0, 0, 10], "texture": "#6"},
				"south": {"uv": [0, 0, 16, 16], "texture": "#6"},
				"west": {"uv": [0, 0, 0, 10], "texture": "#6"},
				"up": {"uv": [8, 0, 0, 0], "texture": "#6"},
				"down": {"uv": [8, 0, 0, 0], "texture": "#6"}
			}
		},
		{
			"from": [8, 24, 4],
			"to": [8, 32, 12],
			"rotation": {"angle": 0, "axis": "y", "origin": [8, 29, 8]},
			"faces": {
				"north": {"uv": [0, 0, 0, 10], "texture": "#6"},
				"east": {"uv": [0, 0, 16, 16], "texture": "#6"},
				"south": {"uv": [0, 0, 0, 10], "texture": "#6"},
				"west": {"uv": [0, 0, 16, 16], "texture": "#6"},
				"up": {"uv": [0, 8, 0, 0], "texture": "#6"},
				"down": {"uv": [0, 0, 0, 8], "texture": "#6"}
			}
		}
	],
	"gui_light": "front",
	"display": {
		"thirdperson_righthand": {
			"scale": [0.2, 0.2, 0.2]
		},
		"thirdperson_lefthand": {
			"scale": [0.2, 0.2, 0.2]
		},
		"firstperson_righthand": {
			"rotation": [-10.06, -2.02, 11.61],
			"scale": [0.5, 0.5, 0.5]
		},
		"firstperson_lefthand": {
			"rotation": [-10.06, -2.02, 11.61],
			"scale": [0.5, 0.5, 0.5]
		},
		"ground": {
			"translation": [0, 9.25, 0],
			"scale": [0.5, 0.5, 0.5]
		},
		"gui": {
			"rotation": [-161.2, 14.6, -180],
			"translation": [0, 2.25, 0],
			"scale": [0.5, 0.5, 0.5]
		},
		"fixed": {
			"rotation": [-90, 0, 0],
			"translation": [0, 0, -80],
			"scale": [4, 4, 4]
		}
	},
	"groups": [
		{
			"name": "group",
			"origin": [0, 0, 0],
			"color": 0,
			"children": [0, 1, 2, 3, 4, 5, 6, 7, 8, 9, 10, 11, 12]
		},
		{
			"name": "group",
			"origin": [8, 6, 8],
			"color": 0,
			"children": [13, 14, 15, 16, 17, 18, 19, 20, 21, 22]
		},
		23,
		24
	]
}