{
	"credit": "Made by Bret06 using Blockbench",
	"texture_size": [32, 32],
	"textures": {
		"0": "lunareclipse.cosmetics:item/hats/atlas",
		"particle": "lunareclipse.cosmetics:item/hats/atlas"
	},
	"elements": [
		{
			"from": [3, -1, -4],
			"to": [6, 2, -1],
			"rotation": {"angle": 45, "axis": "y", "origin": [4.5, 0.5, -2.5]},
			"faces": {
				"north": {"uv": [10.5, 1.5, 12, 3], "texture": "#0"},
				"east": {"uv": [9, 1.5, 10.5, 3], "texture": "#0"},
				"south": {"uv": [13.5, 1.5, 15, 3], "texture": "#0"},
				"west": {"uv": [12, 1.5, 13.5, 3], "texture": "#0"},
				"up": {"uv": [12, 1.5, 10.5, 0], "texture": "#0"},
				"down": {"uv": [13.5, 0, 12, 1.5], "texture": "#0"}
			}
		},
		{
			"from": [9, 2, -4],
			"to": [12, 5, -1],
			"rotation": {"angle": -45, "axis": "y", "origin": [10.5, 3.5, -2.5]},
			"faces": {
				"north": {"uv": [1.5, 10.5, 3, 12], "texture": "#0"},
				"east": {"uv": [0, 10.5, 1.5, 12], "texture": "#0"},
				"south": {"uv": [4.5, 10.5, 6, 12], "texture": "#0"},
				"west": {"uv": [3, 10.5, 4.5, 12], "texture": "#0"},
				"up": {"uv": [3, 10.5, 1.5, 9], "texture": "#0"},
				"down": {"uv": [4.5, 9, 3, 10.5], "texture": "#0"}
			}
		},
		{
			"from": [12, 3, 3],
			"to": [15, 6, 6],
			"rotation": {"angle": -22.5, "axis": "y", "origin": [13.5, 4.5, 4.5]},
			"faces": {
				"north": {"uv": [6, 9, 7.5, 10.5], "texture": "#0"},
				"east": {"uv": [4.5, 9, 6, 10.5], "texture": "#0"},
				"south": {"uv": [9, 9, 10.5, 10.5], "texture": "#0"},
				"west": {"uv": [7.5, 9, 9, 10.5], "texture": "#0"},
				"up": {"uv": [7.5, 9, 6, 7.5], "texture": "#0"},
				"down": {"uv": [9, 7.5, 7.5, 9], "texture": "#0"}
			}
		},
		{
			"from": [15, -1, 7],
			"to": [18, 2, 10],
			"rotation": {"angle": 0, "axis": "y", "origin": [16.5, 0.5, 8.5]},
			"faces": {
				"north": {"uv": [1.5, 7.5, 3, 9], "texture": "#0"},
				"east": {"uv": [0, 7.5, 1.5, 9], "texture": "#0"},
				"south": {"uv": [4.5, 7.5, 6, 9], "texture": "#0"},
				"west": {"uv": [3, 7.5, 4.5, 9], "texture": "#0"},
				"up": {"uv": [3, 7.5, 1.5, 6], "texture": "#0"},
				"down": {"uv": [4.5, 6, 3, 7.5], "texture": "#0"}
			}
		},
		{
			"from": [12, -8, 11],
			"to": [15, -5, 14],
			"rotation": {"angle": 22.5, "axis": "y", "origin": [13.5, -6.5, 12.5]},
			"faces": {
				"north": {"uv": [6, 6, 7.5, 7.5], "texture": "#0"},
				"east": {"uv": [4.5, 6, 6, 7.5], "texture": "#0"},
				"south": {"uv": [9, 6, 10.5, 7.5], "texture": "#0"},
				"west": {"uv": [7.5, 6, 9, 7.5], "texture": "#0"},
				"up": {"uv": [7.5, 6, 6, 4.5], "texture": "#0"},
				"down": {"uv": [9, 4.5, 7.5, 6], "texture": "#0"}
			}
		},
		{
			"from": [4, -10, 12],
			"to": [7, -7, 15],
			"rotation": {"angle": 45, "axis": "y", "origin": [5.5, -8.5, 13.5]},
			"faces": {
				"north": {"uv": [6, 3, 7.5, 4.5], "texture": "#0"},
				"east": {"uv": [4.5, 3, 6, 4.5], "texture": "#0"},
				"south": {"uv": [9, 3, 10.5, 4.5], "texture": "#0"},
				"west": {"uv": [7.5, 3, 9, 4.5], "texture": "#0"},
				"up": {"uv": [7.5, 3, 6, 1.5], "texture": "#0"},
				"down": {"uv": [9, 1.5, 7.5, 3], "texture": "#0"}
			}
		},
		{
			"from": [-1, -8, 6],
			"to": [2, -5, 9],
			"rotation": {"angle": -22.5, "axis": "y", "origin": [0.5, -6.5, 7.5]},
			"faces": {
				"north": {"uv": [1.5, 4.5, 3, 6], "texture": "#0"},
				"east": {"uv": [0, 4.5, 1.5, 6], "texture": "#0"},
				"south": {"uv": [4.5, 4.5, 6, 6], "texture": "#0"},
				"west": {"uv": [3, 4.5, 4.5, 6], "texture": "#0"},
				"up": {"uv": [3, 4.5, 1.5, 3], "rotation": 270, "texture": "#0"},
				"down": {"uv": [4.5, 3, 3, 4.5], "rotation": 90, "texture": "#0"}
			}
		},
		{
			"from": [-1, -6, -1],
			"to": [2, -3, 2],
			"rotation": {"angle": 0, "axis": "y", "origin": [0.5, -4.5, 0.5]},
			"faces": {
				"north": {"uv": [1.5, 1.5, 3, 3], "texture": "#0"},
				"east": {"uv": [0, 1.5, 1.5, 3], "texture": "#0"},
				"south": {"uv": [4.5, 1.5, 6, 3], "texture": "#0"},
				"west": {"uv": [3, 1.5, 4.5, 3], "texture": "#0"},
				"up": {"uv": [3, 1.5, 1.5, 0], "texture": "#0"},
				"down": {"uv": [4.5, 0, 3, 1.5], "texture": "#0"}
			}
		}
	],
	"display": {
		"thirdperson_righthand": {
			"rotation": [-154.02, -7.61, 164.25],
			"translation": [-0.75, 4.25, 0.5],
			"scale": [0.55, 0.55, 0.55]
		},
		"thirdperson_lefthand": {
			"rotation": [-154.02, -7.61, 164.25],
			"translation": [-0.75, 4.25, 0.5],
			"scale": [0.55, 0.55, 0.55]
		},
		"firstperson_righthand": {
			"rotation": [0, -63, -25],
			"translation": [2.25, 7.85, 2.05],
			"scale": [0.68, 0.68, 0.68]
		},
		"firstperson_lefthand": {
			"rotation": [0, -63, -25],
			"translation": [2.25, 7.85, 2.05],
			"scale": [0.68, 0.68, 0.68]
		},
		"ground": {
			"translation": [0, 3.5, 0],
			"scale": [0.5, 0.5, 0.5]
		},
		"gui": {
			"rotation": [30, -30, 0],
			"translation": [-0.75, 6.25, 0],
			"scale": [0.75, 0.75, 0.75]
		},
		"head": {
			"rotation": [0, 180, 0],
			"translation": [-0.25, 17.25, -3.259],
			"scale": [1.55, 1.55, 1.55]
		},
		"fixed": {
			"rotation": [0, 180, 0]
		}
	}
}