{
	"credit": "Made by Bret06 using Blockbench",
	"textures": {
		"0": "lunareclipse.watching:item/ui/config/roadmap/dirt",
		"1": "lunareclipse.watching:item/ui/config/roadmap/grass_block_side",
		"2": "lunareclipse.watching:item/ui/config/roadmap/grass_block_top",
		"3": "lunareclipse.watching:item/ui/config/roadmap/oak_log",
		"4": "lunareclipse.watching:item/ui/config/roadmap/oak_log_top",
		"5": "lunareclipse.watching:item/ui/config/roadmap/torch",
		"6": "lunareclipse.watching:item/ui/config/roadmap/cobblestone",
		"7": "lunareclipse.watching:item/ui/config/roadmap/oak_planks",
		"8": "lunareclipse.watching:item/ui/config/roadmap/glass",
		"9": "lunareclipse.watching:item/ui/config/roadmap/8bit_herobrine",
		"10": "lunareclipse.watching:item/ui/config/roadmap/gravel",
		"11": "lunareclipse.watching:item/ui/config/roadmap/farmland_moist",
		"12": "lunareclipse.watching:item/ui/config/roadmap/oak_door_top",
		"13": "lunareclipse.watching:item/ui/config/roadmap/oak_door_bottom",
		"14": "lunareclipse.watching:item/ui/config/roadmap/water",
		"16": "lunareclipse.watching:item/ui/config/roadmap/dandelion",
		"particle": "lunareclipse.watching:item/ui/config/roadmap/dirt"
	},
	"elements": [
		{
			"from": [0, 0, 0],
			"to": [16, 2, 16],
			"rotation": {"angle": 0, "axis": "y", "origin": [-7, 0, -4]},
			"faces": {
				"north": {"uv": [0, 0, 16, 2], "texture": "#1"},
				"east": {"uv": [0, 0, 16, 2], "texture": "#1"},
				"south": {"uv": [0, 0, 16, 2], "texture": "#1"},
				"west": {"uv": [0, 0, 16, 2], "texture": "#1"},
				"up": {"uv": [0, 0, 16, 16], "texture": "#2"},
				"down": {"uv": [0, 0, 16, 16], "texture": "#0"}
			}
		},
		{
			"from": [-16, 0, 0],
			"to": [0, 2, 16],
			"rotation": {"angle": 0, "axis": "y", "origin": [-23, 0, -4]},
			"faces": {
				"north": {"uv": [0, 0, 16, 2], "texture": "#1"},
				"east": {"uv": [0, 0, 16, 2], "texture": "#1"},
				"south": {"uv": [0, 0, 16, 2], "texture": "#1"},
				"west": {"uv": [0, 0, 16, 2], "texture": "#1"},
				"up": {"uv": [0, 0, 16, 16], "texture": "#2"},
				"down": {"uv": [0, 0, 16, 16], "texture": "#0"}
			}
		},
		{
			"from": [2, 0, -16],
			"to": [16, 2, 0],
			"rotation": {"angle": 0, "axis": "y", "origin": [-7, 0, -20]},
			"faces": {
				"north": {"uv": [0, 0, 14, 2], "texture": "#1"},
				"east": {"uv": [0, 0, 16, 2], "texture": "#1"},
				"south": {"uv": [0, 0, 14, 2], "texture": "#1"},
				"west": {"uv": [0, 0, 16, 2], "texture": "#1"},
				"up": {"uv": [0, 0, 14, 16], "texture": "#2"},
				"down": {"uv": [0, 0, 14, 16], "texture": "#0"}
			}
		},
		{
			"from": [8, 2, -14],
			"to": [12, 4, -10],
			"rotation": {"angle": 0, "axis": "y", "origin": [10, 2, -14]},
			"faces": {
				"north": {"uv": [0, 0, 4, 2], "texture": "#1"},
				"east": {"uv": [0, 0, 4, 2], "texture": "#1"},
				"south": {"uv": [0, 0, 4, 2], "texture": "#1"},
				"west": {"uv": [0, 0, 4, 2], "texture": "#1"},
				"up": {"uv": [0, 0, 4, 4], "texture": "#2"},
				"down": {"uv": [0, 0, 4, 4], "texture": "#0"}
			}
		},
		{
			"from": [10, 2, -12],
			"to": [14, 4, -8],
			"rotation": {"angle": 0, "axis": "y", "origin": [12, 2, -12]},
			"faces": {
				"north": {"uv": [0, 0, 4, 2], "texture": "#1"},
				"east": {"uv": [0, 0, 4, 2], "texture": "#1"},
				"south": {"uv": [0, 0, 4, 2], "texture": "#1"},
				"west": {"uv": [0, 0, 4, 2], "texture": "#1"},
				"up": {"uv": [0, 0, 4, 4], "texture": "#2"},
				"down": {"uv": [0, 0, 4, 4], "texture": "#0"}
			}
		},
		{
			"from": [-16, 0, -16],
			"to": [0, 2, -14],
			"rotation": {"angle": 0, "axis": "y", "origin": [-2, 0, -16]},
			"faces": {
				"north": {"uv": [0, 0, 16, 2], "texture": "#1"},
				"east": {"uv": [0, 0, 2, 2], "texture": "#1"},
				"south": {"uv": [0, 0, 16, 2], "texture": "#1"},
				"west": {"uv": [0, 0, 2, 2], "texture": "#1"},
				"up": {"uv": [0, 0, 16, 2], "texture": "#2"},
				"down": {"uv": [0, 0, 16, 2], "texture": "#0"}
			}
		},
		{
			"from": [-16, 0, -14],
			"to": [-14, 2, 0],
			"rotation": {"angle": 0, "axis": "y", "origin": [-16, 0, -2]},
			"faces": {
				"north": {"uv": [0, 0, 2, 2], "texture": "#1"},
				"east": {"uv": [0, 0, 14, 2], "texture": "#1"},
				"south": {"uv": [0, 0, 2, 2], "texture": "#1"},
				"west": {"uv": [0, 0, 14, 2], "texture": "#1"},
				"up": {"uv": [0, 0, 2, 14], "texture": "#2"},
				"down": {"uv": [0, 0, 2, 14], "texture": "#0"}
			}
		},
		{
			"from": [0, 0, -16],
			"to": [2, 2, -12],
			"rotation": {"angle": 0, "axis": "y", "origin": [0, 0, -16]},
			"faces": {
				"north": {"uv": [0, 0, 2, 2], "texture": "#1"},
				"east": {"uv": [0, 0, 4, 2], "texture": "#1"},
				"south": {"uv": [0, 0, 2, 2], "texture": "#1"},
				"west": {"uv": [0, 0, 4, 2], "texture": "#1"},
				"up": {"uv": [0, 0, 2, 4], "texture": "#2"},
				"down": {"uv": [0, 0, 2, 4], "texture": "#0"}
			}
		},
		{
			"from": [0, 0, -6],
			"to": [2, 2, 0],
			"rotation": {"angle": 0, "axis": "y", "origin": [0, 0, -2]},
			"faces": {
				"north": {"uv": [0, 0, 2, 2], "texture": "#1"},
				"east": {"uv": [0, 0, 6, 2], "texture": "#1"},
				"south": {"uv": [0, 0, 2, 2], "texture": "#1"},
				"west": {"uv": [0, 0, 6, 2], "texture": "#1"},
				"up": {"uv": [0, 0, 2, 6], "texture": "#2"},
				"down": {"uv": [0, 0, 2, 6], "texture": "#0"}
			}
		},
		{
			"from": [-14, 0, -2],
			"to": [0, 2, 0],
			"rotation": {"angle": 0, "axis": "y", "origin": [-2, 0, -2]},
			"faces": {
				"north": {"uv": [0, 0, 14, 2], "texture": "#1"},
				"east": {"uv": [0, 0, 2, 2], "texture": "#1"},
				"south": {"uv": [0, 0, 14, 2], "texture": "#1"},
				"west": {"uv": [0, 0, 2, 2], "texture": "#1"},
				"up": {"uv": [0, 0, 14, 2], "texture": "#2"},
				"down": {"uv": [0, 0, 14, 2], "texture": "#0"}
			}
		},
		{
			"from": [-14, 0, -14],
			"to": [-12, 2, -12],
			"rotation": {"angle": 0, "axis": "y", "origin": [-14, 0, -14]},
			"faces": {
				"north": {"uv": [0, 0, 2, 2], "texture": "#1"},
				"east": {"uv": [0, 0, 2, 2], "texture": "#1"},
				"south": {"uv": [0, 0, 2, 2], "texture": "#1"},
				"west": {"uv": [0, 0, 2, 2], "texture": "#1"},
				"up": {"uv": [0, 0, 2, 2], "texture": "#2"},
				"down": {"uv": [0, 0, 2, 2], "texture": "#0"}
			}
		},
		{
			"from": [-14, 0, -6],
			"to": [-12, 2, -2],
			"rotation": {"angle": 0, "axis": "y", "origin": [-14, 0, -4]},
			"faces": {
				"north": {"uv": [0, 0, 2, 2], "texture": "#1"},
				"east": {"uv": [0, 0, 4, 2], "texture": "#1"},
				"south": {"uv": [0, 0, 2, 2], "texture": "#1"},
				"west": {"uv": [0, 0, 4, 2], "texture": "#1"},
				"up": {"uv": [0, 0, 2, 4], "texture": "#2"},
				"down": {"uv": [0, 0, 2, 4], "texture": "#0"}
			}
		},
		{
			"from": [0, 0, -12],
			"to": [2, 1.8, -6],
			"rotation": {"angle": 0, "axis": "y", "origin": [0, 0, -8]},
			"faces": {
				"north": {"uv": [0, 0, 2, 1.8], "texture": "#0"},
				"east": {"uv": [0, 0, 6, 1.8], "texture": "#0"},
				"south": {"uv": [0, 0, 2, 1.8], "texture": "#0"},
				"west": {"uv": [0, 0, 6, 1.8], "texture": "#0"},
				"up": {"uv": [0, 0, 2, 6], "texture": "#11"},
				"down": {"uv": [0, 0, 2, 6], "texture": "#0"}
			}
		},
		{
			"from": [-6, 0, -14],
			"to": [0, 1.8, -12],
			"rotation": {"angle": 0, "axis": "y", "origin": [-3, 0.9, -13]},
			"faces": {
				"north": {"uv": [0, 0, 6, 1.8], "texture": "#0"},
				"east": {"uv": [0, 0, 2, 1.8], "texture": "#0"},
				"south": {"uv": [0, 0, 6, 1.8], "texture": "#0"},
				"west": {"uv": [0, 0, 2, 1.8], "texture": "#0"},
				"up": {"uv": [0, 0, 2, 6], "rotation": 90, "texture": "#11"},
				"down": {"uv": [0, 0, 2, 6], "rotation": 270, "texture": "#0"}
			}
		},
		{
			"from": [-14, 0, -12],
			"to": [-12, 1.8, -6],
			"rotation": {"angle": 0, "axis": "y", "origin": [-14, 0, -8]},
			"faces": {
				"north": {"uv": [0, 0, 2, 1.8], "texture": "#0"},
				"east": {"uv": [0, 0, 6, 1.8], "texture": "#0"},
				"south": {"uv": [0, 0, 2, 1.8], "texture": "#0"},
				"west": {"uv": [0, 0, 6, 1.8], "texture": "#0"},
				"up": {"uv": [0, 0, 2, 6], "texture": "#11"},
				"down": {"uv": [0, 0, 2, 6], "texture": "#0"}
			}
		},
		{
			"from": [-2, 0, -12],
			"to": [0, 1.8, -10],
			"rotation": {"angle": 0, "axis": "y", "origin": [-2, 0, -12]},
			"faces": {
				"north": {"uv": [0, 0, 2, 1.8], "texture": "#0"},
				"east": {"uv": [0, 0, 2, 1.8], "texture": "#0"},
				"south": {"uv": [0, 0, 2, 1.8], "texture": "#0"},
				"west": {"uv": [0, 0, 2, 1.8], "texture": "#0"},
				"up": {"uv": [0, 0, 2, 2], "texture": "#11"},
				"down": {"uv": [0, 0, 2, 2], "texture": "#0"}
			}
		},
		{
			"from": [-12, 0, -14],
			"to": [-10, 1.8, -12],
			"rotation": {"angle": 0, "axis": "y", "origin": [-12, 0, -14]},
			"faces": {
				"north": {"uv": [0, 0, 2, 1.8], "texture": "#0"},
				"east": {"uv": [0, 0, 2, 1.8], "texture": "#0"},
				"south": {"uv": [0, 0, 2, 1.8], "texture": "#0"},
				"west": {"uv": [0, 0, 2, 1.8], "texture": "#0"},
				"up": {"uv": [0, 0, 2, 2], "texture": "#11"},
				"down": {"uv": [0, 0, 2, 2], "texture": "#0"}
			}
		},
		{
			"from": [-2, 0, -6],
			"to": [0, 1.8, -4],
			"rotation": {"angle": 0, "axis": "y", "origin": [-2, 0, -6]},
			"faces": {
				"north": {"uv": [0, 0, 2, 1.8], "texture": "#0"},
				"east": {"uv": [0, 0, 2, 1.8], "texture": "#0"},
				"south": {"uv": [0, 0, 2, 1.8], "texture": "#0"},
				"west": {"uv": [0, 0, 2, 1.8], "texture": "#0"},
				"up": {"uv": [0, 0, 2, 2], "texture": "#11"},
				"down": {"uv": [0, 0, 2, 2], "texture": "#0"}
			}
		},
		{
			"from": [-12, 0, -4],
			"to": [0, 1.8, -2],
			"rotation": {"angle": 0, "axis": "y", "origin": [-2, 0, -4]},
			"faces": {
				"north": {"uv": [0, 0, 12, 1.8], "texture": "#0"},
				"east": {"uv": [0, 0, 2, 1.8], "texture": "#0"},
				"south": {"uv": [0, 0, 12, 1.8], "texture": "#0"},
				"west": {"uv": [0, 0, 2, 1.8], "texture": "#0"},
				"up": {"uv": [0, 0, 12, 2], "texture": "#11"},
				"down": {"uv": [0, 0, 12, 2], "texture": "#0"}
			}
		},
		{
			"from": [-12, 0, -8],
			"to": [-10, 2, -4],
			"rotation": {"angle": 0, "axis": "y", "origin": [-12, 0, -6]},
			"faces": {
				"north": {"uv": [0, 0, 2, 2], "texture": "#0"},
				"east": {"uv": [0, 0, 4, 2], "texture": "#0"},
				"south": {"uv": [0, 0, 2, 2], "texture": "#0"},
				"west": {"uv": [0, 0, 4, 2], "texture": "#0"},
				"up": {"uv": [0, 0, 2, 4], "texture": "#11"},
				"down": {"uv": [0, 0, 2, 4], "texture": "#0"}
			}
		},
		{
			"from": [2, 8, 12],
			"to": [12, 10, 14],
			"rotation": {"angle": 0, "axis": "z", "origin": [11, 9, 13]},
			"faces": {
				"north": {"uv": [0, 0, 2, 10], "rotation": 270, "texture": "#3"},
				"east": {"uv": [0, 0, 16, 16], "rotation": 90, "texture": "#4"},
				"south": {"uv": [0, 0, 2, 10], "rotation": 90, "texture": "#3"},
				"west": {"uv": [0, 0, 16, 16], "rotation": 90, "texture": "#4"},
				"up": {"uv": [0, 0, 2, 10], "rotation": 90, "texture": "#3"},
				"down": {"uv": [0, 0, 2, 10], "rotation": 90, "texture": "#3"}
			}
		},
		{
			"from": [2, 8, 0],
			"to": [12, 10, 2],
			"rotation": {"angle": 0, "axis": "z", "origin": [11, 9, 1]},
			"faces": {
				"north": {"uv": [0, 0, 2, 10], "rotation": 270, "texture": "#3"},
				"east": {"uv": [0, 0, 16, 16], "rotation": 90, "texture": "#4"},
				"south": {"uv": [0, 0, 2, 10], "rotation": 90, "texture": "#3"},
				"west": {"uv": [0, 0, 16, 16], "rotation": 90, "texture": "#4"},
				"up": {"uv": [0, 0, 2, 10], "rotation": 90, "texture": "#3"},
				"down": {"uv": [0, 0, 2, 10], "rotation": 90, "texture": "#3"}
			}
		},
		{
			"from": [12, 8, 2],
			"to": [14, 10, 12],
			"rotation": {"angle": 0, "axis": "y", "origin": [13, 9, 7]},
			"faces": {
				"north": {"uv": [0, 0, 16, 16], "rotation": 90, "texture": "#4"},
				"east": {"uv": [0, 0, 2, 10], "rotation": 270, "texture": "#3"},
				"south": {"uv": [0, 0, 16, 16], "rotation": 90, "texture": "#4"},
				"west": {"uv": [0, 0, 2, 10], "rotation": 90, "texture": "#3"},
				"up": {"uv": [0, 0, 2, 10], "rotation": 180, "texture": "#3"},
				"down": {"uv": [0, 0, 2, 10], "texture": "#3"}
			}
		},
		{
			"from": [0, 8, 2],
			"to": [2, 10, 12],
			"rotation": {"angle": 0, "axis": "y", "origin": [1, 9, 7]},
			"faces": {
				"north": {"uv": [0, 0, 16, 16], "rotation": 90, "texture": "#4"},
				"east": {"uv": [0, 0, 2, 10], "rotation": 270, "texture": "#3"},
				"south": {"uv": [0, 0, 16, 16], "rotation": 90, "texture": "#4"},
				"west": {"uv": [0, 0, 2, 10], "rotation": 90, "texture": "#3"},
				"up": {"uv": [0, 0, 2, 10], "rotation": 180, "texture": "#3"},
				"down": {"uv": [0, 0, 2, 10], "texture": "#3"}
			}
		},
		{
			"from": [12, 2, 0],
			"to": [14, 10, 2],
			"rotation": {"angle": 0, "axis": "y", "origin": [7, 0, -4]},
			"faces": {
				"north": {"uv": [0, 0, 2, 8], "texture": "#3"},
				"east": {"uv": [0, 0, 2, 8], "texture": "#3"},
				"south": {"uv": [0, 0, 2, 8], "texture": "#3"},
				"west": {"uv": [0, 0, 2, 8], "texture": "#3"},
				"up": {"uv": [0, 0, 16, 16], "texture": "#4"},
				"down": {"uv": [0, 0, 16, 16], "texture": "#4"}
			}
		},
		{
			"from": [0, 2, 0],
			"to": [2, 10, 2],
			"rotation": {"angle": 0, "axis": "y", "origin": [-5, 0, -4]},
			"faces": {
				"north": {"uv": [0, 0, 2, 8], "texture": "#3"},
				"east": {"uv": [0, 0, 2, 8], "texture": "#3"},
				"south": {"uv": [0, 0, 2, 8], "texture": "#3"},
				"west": {"uv": [0, 0, 2, 8], "texture": "#3"},
				"up": {"uv": [0, 0, 16, 16], "texture": "#4"},
				"down": {"uv": [0, 0, 16, 16], "texture": "#4"}
			}
		},
		{
			"from": [0, 2, 12],
			"to": [2, 10, 14],
			"rotation": {"angle": 0, "axis": "y", "origin": [-5, 0, 8]},
			"faces": {
				"north": {"uv": [0, 0, 2, 8], "texture": "#3"},
				"east": {"uv": [0, 0, 2, 8], "texture": "#3"},
				"south": {"uv": [0, 0, 2, 8], "texture": "#3"},
				"west": {"uv": [0, 0, 2, 8], "texture": "#3"},
				"up": {"uv": [0, 0, 16, 16], "texture": "#4"},
				"down": {"uv": [0, 0, 16, 16], "texture": "#4"}
			}
		},
		{
			"from": [12, 2, 12],
			"to": [14, 10, 14],
			"rotation": {"angle": 0, "axis": "y", "origin": [7, 0, 8]},
			"faces": {
				"north": {"uv": [0, 0, 2, 8], "texture": "#3"},
				"east": {"uv": [0, 0, 2, 8], "texture": "#3"},
				"south": {"uv": [0, 0, 2, 8], "texture": "#3"},
				"west": {"uv": [0, 0, 2, 8], "texture": "#3"},
				"up": {"uv": [0, 0, 16, 16], "texture": "#4"},
				"down": {"uv": [0, 0, 16, 16], "texture": "#4"}
			}
		},
		{
			"from": [8, 2, 0],
			"to": [12, 4, 2],
			"rotation": {"angle": 0, "axis": "y", "origin": [5, 0, -4]},
			"faces": {
				"north": {"uv": [0, 0, 4, 2], "texture": "#6"},
				"east": {"uv": [0, 0, 4, 2], "texture": "#6"},
				"south": {"uv": [0, 0, 4, 2], "texture": "#6"},
				"west": {"uv": [0, 0, 2, 2], "texture": "#6"}
			}
		},
		{
			"from": [2, 2, 0],
			"to": [6, 4, 2],
			"rotation": {"angle": 0, "axis": "y", "origin": [-1, 0, -4]},
			"faces": {
				"north": {"uv": [0, 0, 4, 2], "texture": "#6"},
				"east": {"uv": [0, 0, 2, 2], "texture": "#6"},
				"south": {"uv": [0, 0, 4, 2], "texture": "#6"},
				"west": {"uv": [0, 0, 2, 2], "texture": "#6"}
			}
		},
		{
			"from": [8, 4, 0],
			"to": [12, 8, 2],
			"rotation": {"angle": 0, "axis": "y", "origin": [5, 2, -4]},
			"faces": {
				"north": {"uv": [0, 0, 4, 4], "texture": "#7"},
				"east": {"uv": [0, 0, 2, 4], "texture": "#7"},
				"south": {"uv": [0, 0, 4, 4], "texture": "#7"},
				"west": {"uv": [0, 0, 2, 4], "texture": "#7"},
				"up": {"uv": [0, 0, 4, 2], "texture": "#7"},
				"down": {"uv": [0, 0, 4, 2], "texture": "#7"}
			}
		},
		{
			"from": [2, 4, 0],
			"to": [6, 8, 2],
			"rotation": {"angle": 0, "axis": "y", "origin": [-1, 2, -4]},
			"faces": {
				"north": {"uv": [0, 0, 4, 4], "texture": "#7"},
				"east": {"uv": [0, 0, 2, 4], "texture": "#7"},
				"south": {"uv": [0, 0, 4, 4], "texture": "#7"},
				"west": {"uv": [0, 0, 2, 4], "texture": "#7"},
				"up": {"uv": [0, 0, 4, 2], "texture": "#7"},
				"down": {"uv": [0, 0, 4, 2], "texture": "#7"}
			}
		},
		{
			"from": [12, 4, 10],
			"to": [14, 8, 12],
			"rotation": {"angle": 0, "axis": "y", "origin": [7, 2, 6]},
			"faces": {
				"north": {"uv": [0, 0, 2, 4], "texture": "#7"},
				"east": {"uv": [0, 0, 2, 4], "texture": "#7"},
				"south": {"uv": [0, 0, 2, 4], "texture": "#7"},
				"west": {"uv": [0, 0, 2, 4], "texture": "#7"},
				"up": {"uv": [0, 0, 2, 4], "texture": "#7"},
				"down": {"uv": [0, 0, 2, 4], "texture": "#7"}
			}
		},
		{
			"from": [12, 4, 2],
			"to": [14, 8, 4],
			"rotation": {"angle": 0, "axis": "y", "origin": [7, 2, -2]},
			"faces": {
				"north": {"uv": [0, 0, 2, 4], "texture": "#7"},
				"east": {"uv": [0, 0, 2, 4], "texture": "#7"},
				"south": {"uv": [0, 0, 2, 4], "texture": "#7"},
				"west": {"uv": [0, 0, 2, 4], "texture": "#7"},
				"up": {"uv": [0, 0, 2, 4], "texture": "#7"},
				"down": {"uv": [0, 0, 2, 4], "texture": "#7"}
			}
		},
		{
			"from": [0, 4, 2],
			"to": [2, 8, 4],
			"rotation": {"angle": 0, "axis": "y", "origin": [-5, 2, -2]},
			"faces": {
				"north": {"uv": [0, 0, 2, 4], "texture": "#7"},
				"east": {"uv": [0, 0, 2, 4], "texture": "#7"},
				"south": {"uv": [0, 0, 2, 4], "texture": "#7"},
				"west": {"uv": [0, 0, 2, 4], "texture": "#7"},
				"up": {"uv": [0, 0, 2, 4], "texture": "#7"},
				"down": {"uv": [0, 0, 2, 4], "texture": "#7"}
			}
		},
		{
			"from": [0, 4, 10],
			"to": [2, 8, 12],
			"rotation": {"angle": 0, "axis": "y", "origin": [-5, 2, 6]},
			"faces": {
				"north": {"uv": [0, 0, 2, 4], "texture": "#7"},
				"east": {"uv": [0, 0, 2, 4], "texture": "#7"},
				"south": {"uv": [0, 0, 2, 4], "texture": "#7"},
				"west": {"uv": [0, 0, 2, 4], "texture": "#7"},
				"up": {"uv": [0, 0, 2, 4], "texture": "#7"},
				"down": {"uv": [0, 0, 2, 4], "texture": "#7"}
			}
		},
		{
			"from": [10, 4, 12],
			"to": [12, 8, 14],
			"rotation": {"angle": 0, "axis": "y", "origin": [5, 2, 8]},
			"faces": {
				"north": {"uv": [0, 0, 2, 4], "texture": "#7"},
				"east": {"uv": [0, 0, 2, 4], "texture": "#7"},
				"south": {"uv": [0, 0, 2, 4], "texture": "#7"},
				"west": {"uv": [0, 0, 2, 4], "texture": "#7"},
				"up": {"uv": [0, 0, 2, 4], "texture": "#7"},
				"down": {"uv": [0, 0, 2, 4], "texture": "#7"}
			}
		},
		{
			"from": [2, 4, 12],
			"to": [4, 8, 14],
			"rotation": {"angle": 0, "axis": "y", "origin": [-3, 2, 8]},
			"faces": {
				"north": {"uv": [0, 0, 2, 4], "texture": "#7"},
				"east": {"uv": [0, 0, 2, 4], "texture": "#7"},
				"south": {"uv": [0, 0, 2, 4], "texture": "#7"},
				"west": {"uv": [0, 0, 2, 4], "texture": "#7"},
				"up": {"uv": [0, 0, 2, 4], "texture": "#7"},
				"down": {"uv": [0, 0, 2, 4], "texture": "#7"}
			}
		},
		{
			"from": [2, 8, 2],
			"to": [12, 10, 12],
			"rotation": {"angle": 0, "axis": "y", "origin": [-1, 6, -2]},
			"faces": {
				"north": {"uv": [0, 0, 16, 16], "texture": "#7"},
				"east": {"uv": [0, 0, 16, 16], "texture": "#7"},
				"south": {"uv": [0, 0, 16, 16], "texture": "#7"},
				"west": {"uv": [0, 0, 16, 16], "texture": "#7"},
				"up": {"uv": [0, 0, 10, 10], "texture": "#7"},
				"down": {"uv": [0, 0, 16, 16], "texture": "#7"}
			}
		},
		{
			"from": [2, 0.01, 2],
			"to": [12, 2.01, 12],
			"rotation": {"angle": 0, "axis": "y", "origin": [-1, -2, -2]},
			"faces": {
				"north": {"uv": [0, 0, 16, 16], "texture": "#7"},
				"east": {"uv": [0, 0, 16, 16], "texture": "#7"},
				"south": {"uv": [0, 0, 16, 16], "texture": "#7"},
				"west": {"uv": [0, 0, 16, 16], "texture": "#7"},
				"up": {"uv": [0, 0, 10, 10], "texture": "#7"},
				"down": {"uv": [0, 0, 16, 16], "texture": "#7"}
			}
		},
		{
			"from": [0, 2, 2],
			"to": [2, 4, 12],
			"rotation": {"angle": 0, "axis": "y", "origin": [-5, 0, -2]},
			"faces": {
				"north": {"uv": [0, 0, 10, 2], "texture": "#6"},
				"east": {"uv": [0, 0, 10, 2], "texture": "#6"},
				"south": {"uv": [0, 0, 10, 2], "texture": "#6"},
				"west": {"uv": [0, 0, 10, 2], "texture": "#6"},
				"up": {"uv": [0, 0, 2, 10], "texture": "#6"}
			}
		},
		{
			"from": [12, 2, 2],
			"to": [14, 4, 12],
			"rotation": {"angle": 0, "axis": "y", "origin": [7, 0, -2]},
			"faces": {
				"north": {"uv": [0, 0, 10, 2], "texture": "#6"},
				"east": {"uv": [0, 0, 10, 2], "texture": "#6"},
				"south": {"uv": [0, 0, 10, 2], "texture": "#6"},
				"west": {"uv": [0, 0, 10, 2], "texture": "#6"},
				"up": {"uv": [0, 0, 2, 10], "texture": "#6"}
			}
		},
		{
			"from": [2, 2, 12],
			"to": [12, 4, 14],
			"rotation": {"angle": 0, "axis": "y", "origin": [7, 3, 13]},
			"faces": {
				"north": {"uv": [0, 0, 10, 2], "texture": "#6"},
				"east": {"uv": [0, 0, 10, 2], "texture": "#6"},
				"south": {"uv": [0, 0, 10, 2], "texture": "#6"},
				"west": {"uv": [0, 0, 10, 2], "texture": "#6"},
				"up": {"uv": [0, 0, 2, 10], "rotation": 90, "texture": "#6"}
			}
		},
		{
			"from": [6, 6, 0],
			"to": [8, 8, 2],
			"rotation": {"angle": 0, "axis": "y", "origin": [6, 6, 0]},
			"faces": {
				"north": {"uv": [0, 0, 2, 2], "texture": "#7"},
				"east": {"uv": [0, 0, 2, 2], "texture": "#7"},
				"south": {"uv": [0, 0, 2, 2], "texture": "#7"},
				"west": {"uv": [0, 0, 2, 2], "texture": "#7"},
				"up": {"uv": [0, 0, 2, 2], "texture": "#7"},
				"down": {"uv": [0, 0, 2, 2], "texture": "#7"}
			}
		},
		{
			"from": [6, 0.01, 0],
			"to": [8, 2.01, 2],
			"rotation": {"angle": 0, "axis": "y", "origin": [6, 0, 0]},
			"faces": {
				"north": {"uv": [0, 0, 2, 2], "texture": "#7"},
				"east": {"uv": [0, 0, 2, 2], "texture": "#7"},
				"south": {"uv": [0, 0, 2, 2], "texture": "#7"},
				"west": {"uv": [0, 0, 2, 2], "texture": "#7"},
				"up": {"uv": [0, 0, 2, 2], "texture": "#7"},
				"down": {"uv": [0, 0, 2, 2], "texture": "#7"}
			}
		},
		{
			"from": [0, 6, 4],
			"to": [2, 8, 10],
			"rotation": {"angle": 0, "axis": "y", "origin": [0, 6, 4]},
			"faces": {
				"north": {"uv": [0, 0, 2, 2], "texture": "#7"},
				"east": {"uv": [0, 0, 6, 2], "texture": "#7"},
				"south": {"uv": [0, 0, 2, 2], "texture": "#7"},
				"west": {"uv": [0, 0, 6, 2], "texture": "#7"},
				"up": {"uv": [0, 0, 2, 6], "texture": "#7"},
				"down": {"uv": [0, 0, 2, 6], "texture": "#7"}
			}
		},
		{
			"from": [0, 4, 4],
			"to": [2, 6, 10],
			"rotation": {"angle": 0, "axis": "y", "origin": [0, 4, 4]},
			"faces": {
				"north": {"uv": [0, 0, 2, 2], "texture": "#8"},
				"east": {"uv": [0, 0, 6, 2], "texture": "#8"},
				"south": {"uv": [0, 0, 2, 2], "texture": "#8"},
				"west": {"uv": [0, 0, 6, 2], "texture": "#8"},
				"up": {"uv": [0, 0, 2, 6], "texture": "#8"},
				"down": {"uv": [0, 0, 2, 6], "texture": "#8"}
			}
		},
		{
			"from": [12, 4, 4],
			"to": [14, 6, 10],
			"rotation": {"angle": 0, "axis": "y", "origin": [12, 4, 4]},
			"faces": {
				"north": {"uv": [0, 0, 2, 2], "texture": "#8"},
				"east": {"uv": [0, 0, 6, 2], "texture": "#8"},
				"south": {"uv": [0, 0, 2, 2], "texture": "#8"},
				"west": {"uv": [0, 0, 6, 2], "texture": "#8"},
				"up": {"uv": [0, 0, 2, 6], "texture": "#8"},
				"down": {"uv": [0, 0, 2, 6], "texture": "#8"}
			}
		},
		{
			"from": [4, 4, 12],
			"to": [10, 6, 14],
			"rotation": {"angle": 0, "axis": "y", "origin": [7, 5, 13]},
			"faces": {
				"north": {"uv": [0, 0, 6, 2], "texture": "#8"},
				"east": {"uv": [0, 0, 2, 2], "texture": "#8"},
				"south": {"uv": [0, 0, 6, 2], "texture": "#8"},
				"west": {"uv": [0, 0, 2, 2], "texture": "#8"},
				"up": {"uv": [0, 0, 2, 6], "rotation": 90, "texture": "#8"},
				"down": {"uv": [0, 0, 2, 6], "rotation": 270, "texture": "#8"}
			}
		},
		{
			"from": [12, 6, 4],
			"to": [14, 8, 10],
			"rotation": {"angle": 0, "axis": "y", "origin": [12, 6, 4]},
			"faces": {
				"north": {"uv": [0, 0, 2, 2], "texture": "#7"},
				"east": {"uv": [0, 0, 6, 2], "texture": "#7"},
				"south": {"uv": [0, 0, 2, 2], "texture": "#7"},
				"west": {"uv": [0, 0, 6, 2], "texture": "#7"},
				"up": {"uv": [0, 0, 2, 6], "texture": "#7"},
				"down": {"uv": [0, 0, 2, 6], "texture": "#7"}
			}
		},
		{
			"from": [4, 6, 12],
			"to": [10, 8, 14],
			"rotation": {"angle": 0, "axis": "y", "origin": [7, 7, 13]},
			"faces": {
				"north": {"uv": [0, 0, 6, 2], "texture": "#7"},
				"east": {"uv": [0, 0, 2, 2], "texture": "#7"},
				"south": {"uv": [0, 0, 6, 2], "texture": "#7"},
				"west": {"uv": [0, 0, 2, 2], "texture": "#7"},
				"up": {"uv": [0, 0, 2, 6], "rotation": 90, "texture": "#7"},
				"down": {"uv": [0, 0, 2, 6], "rotation": 270, "texture": "#7"}
			}
		},
		{
			"from": [8.87709, 4.24108, -0.4],
			"to": [9.12709, 5.49108, -0.15],
			"rotation": {"angle": -22.5, "axis": "x", "origin": [9.00209, 5.05358, -0.275]},
			"faces": {
				"up": {"uv": [7, 6, 9, 8], "rotation": 270, "texture": "#5"}
			}
		},
		{
			"from": [8.87709, 4.24108, -1.275],
			"to": [9.12709, 6.24108, 0.725],
			"rotation": {"angle": -22.5, "axis": "x", "origin": [9.00209, 5.05358, -0.275]},
			"faces": {
				"east": {"uv": [0, 0, 16, 16], "texture": "#5"},
				"west": {"uv": [0, 0, 16, 16], "texture": "#5"}
			}
		},
		{
			"from": [8.00209, 4.24108, -0.4],
			"to": [10.00209, 6.24108, -0.15],
			"rotation": {"angle": -22.5, "axis": "x", "origin": [9.00209, 5.05358, -0.275]},
			"faces": {
				"north": {"uv": [0, 0, 16, 16], "texture": "#5"},
				"south": {"uv": [0, 0, 16, 16], "texture": "#5"},
				"down": {"uv": [7, 6, 9, 16], "texture": "#5"}
			}
		},
		{
			"from": [4.87709, 4.24108, -0.4],
			"to": [5.12709, 5.49108, -0.15],
			"rotation": {"angle": -22.5, "axis": "x", "origin": [5.00209, 5.05358, -0.275]},
			"faces": {
				"up": {"uv": [7, 6, 9, 8], "rotation": 270, "texture": "#5"}
			}
		},
		{
			"from": [4.87709, 4.24108, -1.275],
			"to": [5.12709, 6.24108, 0.725],
			"rotation": {"angle": -22.5, "axis": "x", "origin": [5.00209, 5.05358, -0.275]},
			"faces": {
				"east": {"uv": [0, 0, 16, 16], "texture": "#5"},
				"west": {"uv": [0, 0, 16, 16], "texture": "#5"}
			}
		},
		{
			"from": [4.00209, 4.24108, -0.4],
			"to": [6.00209, 6.24108, -0.15],
			"rotation": {"angle": -22.5, "axis": "x", "origin": [5.00209, 5.05358, -0.275]},
			"faces": {
				"north": {"uv": [0, 0, 16, 16], "texture": "#5"},
				"south": {"uv": [0, 0, 16, 16], "texture": "#5"},
				"down": {"uv": [7, 6, 9, 16], "texture": "#5"}
			}
		},
		{
			"name": "Box4",
			"from": [-10.61, 3.5, -0.28629],
			"to": [-10.11001, 5, 0.71371],
			"rotation": {"angle": 22.5, "axis": "y", "origin": [-10.385, 4.125, 0.22871]},
			"faces": {
				"north": {"uv": [7, 5, 8, 8], "texture": "#9"},
				"east": {"uv": [5, 5, 7, 8], "texture": "#9"},
				"south": {"uv": [4, 5, 5, 8], "texture": "#9"},
				"west": {"uv": [8, 5, 10, 8], "texture": "#9"},
				"up": {"uv": [7, 5, 5, 4], "rotation": 90, "texture": "#9"},
				"down": {"uv": [7, 4, 9, 5], "rotation": 270, "texture": "#9"}
			}
		},
		{
			"name": "Box7",
			"from": [-10.61, 2, -0.28629],
			"to": [-10.11001, 3.5, 0.21371],
			"rotation": {"angle": 22.5, "axis": "y", "origin": [-10.385, 4.125, 0.22871]},
			"faces": {
				"north": {"uv": [2, 5, 3, 8], "texture": "#9"},
				"east": {"uv": [1, 5, 2, 8], "texture": "#9"},
				"south": {"uv": [0, 5, 1, 8], "texture": "#9"},
				"west": {"uv": [3, 5, 4, 8], "texture": "#9"},
				"up": {"uv": [2, 5, 1, 4], "rotation": 90, "texture": "#9"},
				"down": {"uv": [3, 4, 2, 5], "rotation": 270, "texture": "#9"}
			}
		},
		{
			"name": "Box8",
			"from": [-10.61, 2, 0.21371],
			"to": [-10.11001, 3.5, 0.71371],
			"rotation": {"angle": 22.5, "axis": "y", "origin": [-10.385, 4.125, 0.22871]},
			"faces": {
				"north": {"uv": [6, 13, 7, 16], "texture": "#9"},
				"east": {"uv": [5, 13, 6, 16], "texture": "#9"},
				"south": {"uv": [4, 13, 5, 16], "texture": "#9"},
				"west": {"uv": [7, 13, 8, 16], "texture": "#9"},
				"up": {"uv": [6, 13, 5, 12], "rotation": 90, "texture": "#9"},
				"down": {"uv": [7, 12, 6, 13], "rotation": 270, "texture": "#9"}
			}
		},
		{
			"name": "Box8",
			"from": [-10.61, 3.5, -0.75629],
			"to": [-10.11001, 5, -0.25629],
			"rotation": {"angle": 22.5, "axis": "y", "origin": [-10.385, 4.125, 0.22871]},
			"faces": {
				"north": {"uv": [10, 13, 11, 16], "texture": "#9"},
				"east": {"uv": [9, 13, 10, 16], "texture": "#9"},
				"south": {"uv": [8, 13, 9, 16], "texture": "#9"},
				"west": {"uv": [11, 13, 12, 16], "texture": "#9"},
				"up": {"uv": [10, 13, 9, 12], "rotation": 90, "texture": "#9"},
				"down": {"uv": [11, 12, 10, 13], "rotation": 270, "texture": "#9"}
			}
		},
		{
			"name": "Box9",
			"from": [-10.64125, 3.46875, -0.78754],
			"to": [-10.07876, 5.03125, -0.22504],
			"rotation": {"angle": 22.5, "axis": "y", "origin": [-10.385, 4.125, 0.22871]},
			"faces": {
				"north": {"uv": [14, 13, 15, 16], "texture": "#9"},
				"east": {"uv": [13, 13, 14, 16], "texture": "#9"},
				"south": {"uv": [12, 13, 13, 16], "texture": "#9"},
				"west": {"uv": [15, 13, 16, 16], "texture": "#9"},
				"up": {"uv": [14, 13, 13, 12], "rotation": 90, "texture": "#9"},
				"down": {"uv": [15, 12, 14, 13], "rotation": 270, "texture": "#9"}
			}
		},
		{
			"name": "Box9",
			"from": [-10.61, 3.5, 0.71371],
			"to": [-10.11001, 5, 1.21371],
			"rotation": {"angle": 22.5, "axis": "y", "origin": [-10.385, 4.125, 0.22871]},
			"faces": {
				"north": {"uv": [12, 5, 13, 8], "texture": "#9"},
				"east": {"uv": [11, 5, 12, 8], "texture": "#9"},
				"south": {"uv": [10, 5, 11, 8], "texture": "#9"},
				"west": {"uv": [13, 5, 14, 8], "texture": "#9"},
				"up": {"uv": [12, 5, 11, 4], "rotation": 90, "texture": "#9"},
				"down": {"uv": [13, 4, 12, 5], "rotation": 270, "texture": "#9"}
			}
		},
		{
			"name": "Box10",
			"from": [-10.64125, 3.46875, 0.68246],
			"to": [-10.07876, 5.03125, 1.24496],
			"rotation": {"angle": 22.5, "axis": "y", "origin": [-10.385, 4.125, 0.22871]},
			"faces": {
				"north": {"uv": [12, 9, 13, 12], "texture": "#9"},
				"east": {"uv": [11, 9, 12, 12], "texture": "#9"},
				"south": {"uv": [10, 9, 11, 12], "texture": "#9"},
				"west": {"uv": [13, 9, 14, 12], "texture": "#9"},
				"up": {"uv": [12, 9, 11, 8], "rotation": 90, "texture": "#9"},
				"down": {"uv": [13, 8, 12, 9], "rotation": 270, "texture": "#9"}
			}
		},
		{
			"name": "Box6",
			"from": [-10.91, 5, -0.28629],
			"to": [-9.91, 6, 0.71371],
			"rotation": {"angle": 22.5, "axis": "y", "origin": [-10.385, 4.125, 0.22871]},
			"faces": {
				"north": {"uv": [4, 2, 6, 4], "texture": "#9"},
				"east": {"uv": [2, 2, 4, 4], "texture": "#9"},
				"south": {"uv": [0, 2, 2, 4], "texture": "#9"},
				"west": {"uv": [6, 2, 8, 4], "texture": "#9"},
				"up": {"uv": [4, 2, 2, 0], "rotation": 90, "texture": "#9"},
				"down": {"uv": [6, 0, 4, 2], "rotation": 270, "texture": "#9"}
			}
		},
		{
			"from": [12, 2, -8],
			"to": [14, 4, -6],
			"rotation": {"angle": 0, "axis": "y", "origin": [12, 2, -8]},
			"faces": {
				"north": {"uv": [0, 0, 2, 2], "texture": "#1"},
				"east": {"uv": [0, 0, 2, 2], "texture": "#1"},
				"south": {"uv": [0, 0, 2, 2], "texture": "#1"},
				"west": {"uv": [0, 0, 2, 2], "texture": "#1"},
				"up": {"uv": [0, 0, 2, 2], "texture": "#2"},
				"down": {"uv": [0, 0, 2, 2], "texture": "#0"}
			}
		},
		{
			"from": [6, 0.01, -8],
			"to": [8, 2.01, 0],
			"rotation": {"angle": 0, "axis": "y", "origin": [6, 0, -2]},
			"faces": {
				"north": {"uv": [0, 0, 2, 2], "texture": "#10"},
				"east": {"uv": [0, 0, 8, 2], "texture": "#10"},
				"south": {"uv": [0, 0, 2, 2], "texture": "#10"},
				"west": {"uv": [0, 0, 8, 2], "texture": "#10"},
				"up": {"uv": [0, 0, 2, 8], "texture": "#10"},
				"down": {"uv": [0, 0, 2, 8], "texture": "#10"}
			}
		},
		{
			"from": [2, 0.01, -10],
			"to": [6, 2.01, -8],
			"rotation": {"angle": 0, "axis": "y", "origin": [4, 0, -10]},
			"faces": {
				"north": {"uv": [0, 0, 4, 2], "texture": "#10"},
				"east": {"uv": [0, 0, 2, 2], "texture": "#10"},
				"south": {"uv": [0, 0, 4, 2], "texture": "#10"},
				"west": {"uv": [0, 0, 2, 2], "texture": "#10"},
				"up": {"uv": [0, 0, 4, 2], "texture": "#10"},
				"down": {"uv": [0, 0, 4, 2], "texture": "#10"}
			}
		},
		{
			"from": [4, 0.01, -8],
			"to": [6, 2.01, -6],
			"rotation": {"angle": 0, "axis": "y", "origin": [4, 0, -8]},
			"faces": {
				"north": {"uv": [0, 0, 2, 2], "texture": "#10"},
				"east": {"uv": [0, 0, 2, 2], "texture": "#10"},
				"south": {"uv": [0, 0, 2, 2], "texture": "#10"},
				"west": {"uv": [0, 0, 2, 2], "texture": "#10"},
				"up": {"uv": [0, 0, 2, 2], "texture": "#10"},
				"down": {"uv": [0, 0, 2, 2], "texture": "#10"}
			}
		},
		{
			"from": [6, 2, 0],
			"to": [8, 4, 2],
			"rotation": {"angle": 0, "axis": "y", "origin": [6, 2, 0]},
			"faces": {
				"north": {"uv": [0, 0, 16, 16], "texture": "#13"}
			}
		},
		{
			"from": [6, 4, 0],
			"to": [8, 6, 2],
			"rotation": {"angle": 0, "axis": "y", "origin": [6, 4, 0]},
			"faces": {
				"north": {"uv": [0, 0, 16, 16], "texture": "#12"}
			}
		},
		{
			"from": [-12, -2, -14],
			"to": [0, 0, -2],
			"rotation": {"angle": 0, "axis": "y", "origin": [-2, -2, -4]},
			"faces": {
				"up": {"uv": [0, 0, 12, 12], "texture": "#0"}
			}
		},
		{
			"from": [-12, -0.3, -14],
			"to": [0, 1.7, -4],
			"rotation": {"angle": 0, "axis": "y", "origin": [-2, -0.3, -10]},
			"faces": {
				"up": {"uv": [0, 0, 12, 10], "texture": "#14"}
			}
		},
		{
			"from": [3, 2, -8],
			"to": [3, 4, -6],
			"rotation": {"angle": -45, "axis": "y", "origin": [3, 3, -7]},
			"faces": {
				"north": {"uv": [0, 0, 16, 16], "texture": "#16"},
				"east": {"uv": [0, 0, 16, 16], "texture": "#16"},
				"south": {"uv": [0, 0, 16, 16], "texture": "#16"},
				"west": {"uv": [0, 0, 16, 16], "texture": "#16"},
				"up": {"uv": [0, 0, 16, 16], "rotation": 270, "texture": "#16"},
				"down": {"uv": [0, 0, 16, 16], "rotation": 90, "texture": "#16"}
			}
		},
		{
			"from": [2, 2, -7],
			"to": [4, 4, -7],
			"rotation": {"angle": -45, "axis": "y", "origin": [3, 3, -7]},
			"faces": {
				"north": {"uv": [0, 0, 16, 16], "texture": "#16"},
				"east": {"uv": [0, 0, 16, 16], "texture": "#16"},
				"south": {"uv": [0, 0, 16, 16], "texture": "#16"},
				"west": {"uv": [0, 0, 16, 16], "texture": "#16"},
				"up": {"uv": [0, 0, 16, 16], "texture": "#16"},
				"down": {"uv": [0, 0, 16, 16], "texture": "#16"}
			}
		}
	],
	"display": {
		"gui": {
			"rotation": [-150.86, -26.24, -179.06],
			"translation": [-0.5, 4, 0],
			"scale": [1.25, 1.25, 1.25]
		}
	},
	"groups": [
		{
			"name": "group",
			"origin": [0, 0, 0],
			"color": 0,
			"children": [0, 1, 2, 3, 4, 5, 6, 7, 8, 9, 10, 11, 12, 13, 14, 15, 16, 17, 18, 19]
		},
		{
			"name": "group",
			"origin": [0, 0, 0],
			"color": 0,
			"children": [
				20,
				21,
				22,
				23,
				24,
				25,
				26,
				27,
				28,
				29,
				30,
				31,
				32,
				33,
				34,
				35,
				36,
				37,
				38,
				39,
				40,
				41,
				42,
				43,
				44,
				45,
				46,
				47,
				48,
				49,
				50,
				{
					"name": "group",
					"origin": [0, 0, 0],
					"color": 0,
					"children": [51, 52, 53]
				},
				{
					"name": "group",
					"origin": [0, 0, 0],
					"color": 0,
					"children": [54, 55, 56]
				}
			]
		},
		{
			"name": "bone7",
			"origin": [-7, 0, -7],
			"color": 0,
			"children": [
				{
					"name": "bone6",
					"origin": [-7, 0, -7],
					"color": 0,
					"children": [57]
				},
				{
					"name": "bone3",
					"origin": [-5, -6, 1],
					"color": 0,
					"children": [58]
				},
				{
					"name": "bone3",
					"origin": [-5, -6, 1],
					"color": 0,
					"children": [59]
				},
				{
					"name": "bone3",
					"origin": [-5, -6, 1],
					"color": 0,
					"children": [60, 61]
				},
				{
					"name": "bone3",
					"origin": [-5, -6, 1],
					"color": 0,
					"children": [62, 63]
				},
				{
					"name": "bone",
					"origin": [-7, 1, -7],
					"color": 0,
					"children": [64]
				}
			]
		},
		65,
		66,
		67,
		68,
		69,
		70,
		71,
		72,
		{
			"name": "group",
			"origin": [2, 0, -8],
			"color": 0,
			"children": [73, 74]
		}
	]
}