{
	"textures": {
		"0": "lunareclipse.cosmetics:item/entity/webster"
	},
	"elements": [
		{
			"from": [
				4.51558,
				6.48662,
				7.36023
			],
			"to": [
				8.51558,
				7.48662,
				8.36023
			],
			"rotation": {
				"angle": 0,
				"axis": "y",
				"origin": [
					6.76843,
					5.27323,
					7.24486
				]
			},
			"faces": {
				"north": {
					"uv": [
						5.5,
						1.5,
						7.5,
						2
					],
					"texture": "#0"
				},
				"east": {
					"uv": [
						5,
						1.5,
						5.5,
						2
					],
					"texture": "#0"
				},
				"south": {
					"uv": [
						8,
						1.5,
						10,
						2
					],
					"texture": "#0"
				},
				"west": {
					"uv": [
						7.5,
						1.5,
						8,
						2
					],
					"texture": "#0"
				},
				"up": {
					"uv": [
						7.5,
						1.5,
						5.5,
						1
					],
					"texture": "#0"
				},
				"down": {
					"uv": [
						9.5,
						1,
						7.5,
						1.5
					],
					"texture": "#0"
				}
			}
		}
	],
	"display": {
		"head": {
			"rotation": [
				0,
				180,
				0
			]
		}
	}
}