{
	"music_disc.herobrine_lullaby": {
		"sounds": [
			{
				"name": "lunareclipse.ftfsmp:music_disc/herobrine_lullaby",
				"volume": 1,
				"pitch": 1,
				"weight": 1
			}
		]
	},
	"music_disc.trick_or_treat": {
		"sounds": [
			{
				"name": "lunareclipse.ftfsmp:music_disc/trick_or_treat",
				"volume": 1,
				"pitch": 1,
				"weight": 1
			}
		]
	},
	"music_disc.the_legend_of_herobrine": {
		"sounds": [
			{
				"name": "lunareclipse.ftfsmp:music_disc/the_legend_of_herobrine",
				"volume": 1,
				"pitch": 1,
				"weight": 1
			}
		]
	},
	"music_disc.nowhere": {
		"sounds": [
			{
				"name": "lunareclipse.ftfsmp:music_disc/nowhere",
				"volume": 1,
				"pitch": 1,
				"weight": 1
			}
		]
	},
	"music_disc.diagonal_ballad": {
		"sounds": [
			{
				"name": "lunareclipse.ftfsmp:music_disc/diagonal_ballad",
				"volume": 1,
				"pitch": 1,
				"weight": 1
			}
		]
	},
	"music_disc.libets_delay": {
		"sounds": [
			{
				"name": "lunareclipse.ftfsmp:music_disc/libets_delay",
				"volume": 1,
				"pitch": 1,
				"weight": 1
			}
		]
	},
	"music_disc.its_wizard_time_mf": {
		"sounds": [
			{
				"name": "lunareclipse.ftfsmp:music_disc/its_wizard_time_mf",
				"volume": 1,
				"pitch": 1,
				"weight": 1
			}
		]
	},
	"music.bret_boss": {
		"sounds": [
			{
				"name": "lunareclipse.ftfsmp:music/bret_boss",
				"volume": 1,
				"pitch": 1,
				"weight": 1
			}
		]
	},
	"misc.lalala": {
		"sounds": [
			{
				"name": "lunareclipse.ftfsmp:misc/lalala",
				"volume": 1,
				"pitch": 1,
				"weight": 1
			}
		]
	}
}