{
	"credit": "Made with Blockbench",
	"textures": {
		"1": "lunareclipse.watching:item/herobrine/nullified/half_null",
		"skin": "lunareclipse.watching:item/herobrine/nullified/skin"
	},
	"elements": [
		{
			"name": "Box4",
			"from": [4, 12, 6],
			"to": [12, 24, 10],
			"faces": {
				"north": {"uv": [5, 5, 7, 8], "texture": "#skin"},
				"east": {"uv": [4, 5, 5, 8], "texture": "#skin"},
				"south": {"uv": [8, 5, 10, 8], "texture": "#skin"},
				"west": {"uv": [7, 5, 8, 8], "texture": "#skin"},
				"up": {"uv": [5, 4, 7, 5], "texture": "#skin"},
				"down": {"uv": [7, 4, 9, 5], "texture": "#skin"}
			}
		},
		{
			"name": "Box4_outline",
			"from": [12.25, 24.25, 10.25],
			"to": [3.75, 11.75, 5.75],
			"faces": {
				"north": {"uv": [8, 5, 10, 8], "rotation": 180, "texture": "#1"},
				"east": {"uv": [7, 5, 8, 8], "rotation": 180, "texture": "#1"},
				"south": {"uv": [5, 5, 7, 8], "rotation": 180, "texture": "#1"},
				"west": {"uv": [4, 5, 5, 8], "rotation": 180, "texture": "#1"},
				"up": {"uv": [7, 4, 9, 5], "rotation": 180, "texture": "#1"},
				"down": {"uv": [5, 4, 7, 5], "rotation": 180, "texture": "#1"}
			}
		}
	],
	"display": {
		"head": {
			"translation": [0, -31.04, 0],
			"scale": [1.5, 1.5, 1.5]
		}
	}
}