{
	"credit": "Made with Blockbench",
	"textures": {
		"1": "lunareclipse.watching:item/herobrine/nullified/half_null",
		"skin": "lunareclipse.watching:item/herobrine/nullified/skin"
	},
	"elements": [
		{
			"name": "Box4",
			"from": [4, 21.3, 4],
			"to": [12, 29.3, 12],
			"faces": {
				"north": {"uv": [2, 2, 4, 4], "texture": "#skin"},
				"east": {"uv": [0, 2, 2, 4], "texture": "#skin"},
				"south": {"uv": [6, 2, 8, 4], "texture": "#skin"},
				"west": {"uv": [4, 2, 6, 4], "texture": "#skin"},
				"up": {"uv": [2, 0, 4, 2], "rotation": 180, "texture": "#skin"},
				"down": {"uv": [6, 0, 4, 2], "texture": "#skin"}
			}
		},
		{
			"name": "Box4_outline",
			"from": [12.25, 29.55, 12.25],
			"to": [3.75, 21.05, 3.75],
			"faces": {
				"north": {"uv": [6, 2, 8, 4], "rotation": 180, "texture": "#1"},
				"east": {"uv": [4, 2, 6, 4], "rotation": 180, "texture": "#1"},
				"south": {"uv": [2, 2, 4, 4], "rotation": 180, "texture": "#1"},
				"west": {"uv": [0, 2, 2, 4], "rotation": 180, "texture": "#1"},
				"up": {"uv": [6, 0, 4, 2], "rotation": 180, "texture": "#1"},
				"down": {"uv": [2, 0, 4, 2], "rotation": 180, "texture": "#1"}
			}
		}
	],
	"display": {
		"head": {
			"translation": [0, -27, 0],
			"scale": [1.5, 1.5, 1.5]
		}
	}
}