{
	"credit": "Made by Bret06 using Blockbench",
	"textures": {
		"1": "lunareclipse.watching:item/herobrine/nullified/half_null",
		"skin": "lunareclipse.watching:item/herobrine/nullified/skin"
	},
	"elements": [
		{
			"name": "Box5",
			"from": [6, 12, 6],
			"to": [10, 24, 10],
			"rotation": {"angle": 0, "axis": "x", "origin": [8, 22, 8]},
			"faces": {
				"north": {"uv": [1, 5, 2, 8], "texture": "#skin"},
				"east": {"uv": [0, 5, 1, 8], "texture": "#skin"},
				"south": {"uv": [3, 5, 4, 8], "texture": "#skin"},
				"west": {"uv": [2, 5, 3, 8], "texture": "#skin"},
				"up": {"uv": [2, 5, 1, 4], "texture": "#skin"},
				"down": {"uv": [3, 4, 2, 5], "texture": "#skin"}
			}
		},
		{
			"name": "leg_outline",
			"from": [10.25, 24.25, 10.25],
			"to": [5.75, 11.75, 5.75],
			"faces": {
				"north": {"uv": [3, 5, 4, 8], "rotation": 180, "texture": "#1"},
				"east": {"uv": [2, 5, 3, 8], "rotation": 180, "texture": "#1"},
				"south": {"uv": [1, 5, 2, 8], "rotation": 180, "texture": "#1"},
				"west": {"uv": [0, 5, 1, 8], "rotation": 180, "texture": "#1"},
				"up": {"uv": [2, 4, 3, 5], "rotation": 180, "texture": "#1"},
				"down": {"uv": [1, 4, 2, 5], "rotation": 180, "texture": "#1"}
			}
		}
	],
	"display": {
		"thirdperson_righthand": {
			"rotation": [90, 0, 0],
			"translation": [-2.3, -2.06, -19.57],
			"scale": [1.892, 1.892, 1.892]
		},
		"thirdperson_lefthand": {
			"rotation": [90, 0, 0],
			"translation": [-0.6, -2, -4.44],
			"scale": [0.94, 0.94, 0.94]
		}
	}
}