{
	"texture_size": [64, 64],
	"textures": {
		"1": "lunareclipse.cosmetics:item/tools/adventurer/axe",
		"particle": "lunareclipse.cosmetics:item/tools/adventurer/axe"
	},
	"elements": [
		{
			"from": [6.48, -10.02, 6.98],
			"to": [9.52, -6.98, 9.02],
			"rotation": {"angle": 45, "axis": "z", "origin": [8, -8.5, 8]},
			"faces": {
				"north": {"uv": [12.75, 12.5, 12, 13.25], "texture": "#1"},
				"east": {"uv": [12.75, 12.5, 12.5, 13.25], "texture": "#1"},
				"south": {"uv": [12, 12.5, 12.75, 13.25], "texture": "#1"},
				"west": {"uv": [12, 12.5, 12.25, 13.25], "texture": "#1"},
				"up": {"uv": [12, 12.5, 12.75, 12.75], "texture": "#1"},
				"down": {"uv": [12, 13, 12.75, 13.25], "texture": "#1"}
			}
		},
		{
			"from": [7, -8, 7],
			"to": [9, 10, 9],
			"rotation": {"angle": 0, "axis": "y", "origin": [0, 21.8, 0]},
			"faces": {
				"north": {"uv": [12.75, 8, 12.25, 12.5], "texture": "#1"},
				"east": {"uv": [12.5, 8, 12.75, 12.5], "texture": "#1"},
				"south": {"uv": [12.25, 8, 12.75, 12.5], "texture": "#1"},
				"west": {"uv": [12.25, 8, 12.5, 12.5], "texture": "#1"}
			}
		},
		{
			"from": [7, 14, 7],
			"to": [9, 15, 9],
			"rotation": {"angle": 0, "axis": "y", "origin": [0, 21.8, 0]},
			"faces": {
				"north": {"uv": [12.75, 6.75, 12.25, 7], "texture": "#1"},
				"east": {"uv": [12.5, 6.75, 12.75, 7], "texture": "#1"},
				"south": {"uv": [12.25, 6.75, 12.75, 7], "texture": "#1"},
				"west": {"uv": [12.25, 6.75, 12.5, 7], "texture": "#1"},
				"up": {"uv": [12.25, 6.75, 12.75, 7], "texture": "#1"}
			}
		},
		{
			"from": [10, 12, 7],
			"to": [12, 14, 9],
			"rotation": {"angle": 0, "axis": "y", "origin": [10, 11.8, 8]},
			"faces": {
				"north": {"uv": [13.5, 7, 13, 7.5], "texture": "#1"},
				"east": {"uv": [13.25, 7, 13.5, 7.5], "texture": "#1"},
				"south": {"uv": [13, 7, 13.5, 7.5], "texture": "#1"},
				"up": {"uv": [13, 7, 13.5, 7.25], "texture": "#1"},
				"down": {"uv": [13, 7.25, 13.5, 7.5], "texture": "#1"}
			}
		},
		{
			"from": [4, 10, 7],
			"to": [10, 14, 9],
			"rotation": {"angle": 0, "axis": "y", "origin": [9.5, 9.8, 8]},
			"faces": {
				"north": {"uv": [13, 7, 11.5, 8], "texture": "#1"},
				"east": {"uv": [12.75, 7, 13, 8], "texture": "#1"},
				"south": {"uv": [11.5, 7, 13, 8], "texture": "#1"},
				"west": {"uv": [11.5, 7, 11.75, 8], "texture": "#1"},
				"up": {"uv": [11.5, 7, 13, 7.25], "texture": "#1"},
				"down": {"uv": [11.5, 7.75, 13, 8], "texture": "#1"}
			}
		},
		{
			"from": [-1.76, 10.94, 7.44],
			"to": [6.36, 14.06, 8.56],
			"rotation": {"angle": -22.5, "axis": "z", "origin": [6.3, 11, 7.5]},
			"faces": {
				"north": {"uv": [11.5, 7, 9.5, 7.75], "texture": "#1"},
				"south": {"uv": [9.5, 7, 11.5, 7.75], "texture": "#1"},
				"west": {"uv": [9.5, 7, 9.75, 7.75], "texture": "#1"},
				"up": {"uv": [9.5, 7, 11.5, 7.25], "texture": "#1"}
			}
		},
		{
			"from": [2.35, 10.5, 7.5],
			"to": [6.35, 14.5, 8.5],
			"rotation": {"angle": 45, "axis": "z", "origin": [6.3, 10.5, 7]},
			"faces": {
				"north": {"uv": [11.5, 7.75, 10.5, 8.75], "texture": "#1"},
				"south": {"uv": [10.5, 7.75, 11.5, 8.75], "texture": "#1"},
				"down": {"uv": [10.5, 8.5, 11.5, 8.75], "texture": "#1"}
			}
		},
		{
			"from": [-1.16943, 8.949, 7.46],
			"to": [2.91057, 14.029, 8.54],
			"rotation": {"angle": 0, "axis": "y", "origin": [-1.12943, 13.889, 7.52]},
			"faces": {
				"north": {"uv": [10.5, 7.75, 9.5, 9], "texture": "#1"},
				"south": {"uv": [9.5, 7.75, 10.5, 9], "texture": "#1"},
				"west": {"uv": [9.5, 7.75, 9.75, 9], "texture": "#1"}
			}
		},
		{
			"from": [-1.13264, 3.96405, 7.48],
			"to": [2.90736, 9.00405, 8.52],
			"rotation": {"angle": 22.5, "axis": "z", "origin": [-1.01264, 8.88405, 7.54]},
			"faces": {
				"north": {"uv": [10.5, 8.75, 9.5, 10], "texture": "#1"},
				"east": {"uv": [10.25, 8.75, 10.5, 10], "texture": "#1"},
				"south": {"uv": [9.5, 8.75, 10.5, 10], "texture": "#1"},
				"west": {"uv": [9.5, 8.75, 9.75, 10], "texture": "#1"},
				"down": {"uv": [9.5, 9.75, 10.5, 10], "texture": "#1"}
			}
		}
	],
	"gui_light": "front",
	"display": {
		"thirdperson_righthand": {
			"rotation": [-10, -90, 0],
			"translation": [0, 3, 0.25],
			"scale": [0.6, 0.6, 0.6]
		},
		"thirdperson_lefthand": {
			"rotation": [-10, 90, 0],
			"translation": [0, 3, 0.25],
			"scale": [0.6, 0.6, 0.6]
		},
		"firstperson_righthand": {
			"rotation": [20, -90, 0],
			"translation": [2, 3.25, 0],
			"scale": [0.6, 0.6, 0.6]
		},
		"firstperson_lefthand": {
			"rotation": [20, 90, 0],
			"translation": [2, 3.25, 0],
			"scale": [0.6, 0.6, 0.6]
		},
		"ground": {
			"rotation": [0, 0, -45],
			"translation": [0, 3, 0],
			"scale": [0.35, 0.35, 0.35]
		},
		"gui": {
			"rotation": [0, 0, -45],
			"translation": [2, 0.35, 0],
			"scale": [0.635, 0.635, 0.635]
		},
		"head": {
			"rotation": [0, 0, 45],
			"translation": [9.75, 7.5, 0.75],
			"scale": [0.6, 0.6, 0.6]
		},
		"fixed": {
			"rotation": [0, -180, -45],
			"translation": [-1.75, 0.5, 0.75],
			"scale": [0.575, 0.575, 0.575]
		}
	},
	"groups": [
		{
			"name": "axe",
			"origin": [8, 8, 8],
			"color": 0,
			"children": [0, 1, 2, 3, 4, 5, 6, 7, 8]
		}
	]
}