{
	"texture_size": [64, 64],
	"textures": {
		"1": "lunareclipse.cosmetics:item/tools/adventurer/hoe",
		"particle": "lunareclipse.cosmetics:item/tools/adventurer/hoe"
	},
	"elements": [
		{
			"from": [-2.48, 11.62, 7.02],
			"to": [4.48, 13.58, 8.98],
			"rotation": {"angle": 22.5, "axis": "z", "origin": [3.5, 13.6, 7.5]},
			"faces": {
				"north": {"uv": [11.25, 7, 9.75, 7.5], "texture": "#1"},
				"south": {"uv": [9.75, 7, 11.25, 7.5], "texture": "#1"},
				"west": {"uv": [9.75, 7, 10, 7.5], "texture": "#1"},
				"up": {"uv": [9.75, 7, 11.25, 7.25], "texture": "#1"},
				"down": {"uv": [9.75, 7.25, 11.25, 7.5], "texture": "#1"}
			}
		},
		{
			"from": [9.5, 12, 7],
			"to": [11.5, 14, 9],
			"rotation": {"angle": 0, "axis": "y", "origin": [13.5, 10.75, 8]},
			"faces": {
				"north": {"uv": [13.25, 7, 12.75, 7.5], "texture": "#1"},
				"east": {"uv": [13, 7, 13.25, 7.5], "texture": "#1"},
				"south": {"uv": [12.75, 7, 13.25, 7.5], "texture": "#1"},
				"up": {"uv": [12.75, 7, 13.25, 7.25], "texture": "#1"},
				"down": {"uv": [12.75, 7.25, 13.25, 7.5], "texture": "#1"}
			}
		},
		{
			"from": [3.5, 11, 7],
			"to": [9.5, 14, 9],
			"rotation": {"angle": 0, "axis": "y", "origin": [7.5, 10.75, 8]},
			"faces": {
				"north": {"uv": [12.75, 7, 11.25, 7.75], "texture": "#1"},
				"east": {"uv": [12.5, 7, 12.75, 7.75], "texture": "#1"},
				"south": {"uv": [11.25, 7, 12.75, 7.75], "texture": "#1"},
				"west": {"uv": [11.25, 7, 11.5, 7.75], "texture": "#1"},
				"up": {"uv": [11.25, 7, 12.75, 7.25], "texture": "#1"},
				"down": {"uv": [11.25, 7.5, 12.75, 7.75], "texture": "#1"}
			}
		},
		{
			"from": [7, -8, 7],
			"to": [9, 11, 9],
			"rotation": {"angle": 0, "axis": "y", "origin": [0, 21.8, 0]},
			"faces": {
				"north": {"uv": [12.75, 7.75, 12.25, 12.5], "texture": "#1"},
				"east": {"uv": [12.5, 7.75, 12.75, 12.5], "texture": "#1"},
				"south": {"uv": [12.25, 7.75, 12.75, 12.5], "texture": "#1"},
				"west": {"uv": [12.25, 7.75, 12.5, 12.5], "texture": "#1"}
			}
		},
		{
			"from": [7, 14, 7],
			"to": [9, 15, 9],
			"rotation": {"angle": 0, "axis": "y", "origin": [0, 21.8, 0]},
			"faces": {
				"north": {"uv": [12.75, 6.75, 12.25, 7], "texture": "#1"},
				"east": {"uv": [12.5, 6.75, 12.75, 7], "texture": "#1"},
				"south": {"uv": [12.25, 6.75, 12.75, 7], "texture": "#1"},
				"west": {"uv": [12.25, 6.75, 12.5, 7], "texture": "#1"},
				"up": {"uv": [12.25, 6.75, 12.75, 7], "texture": "#1"}
			}
		},
		{
			"from": [6.48, -10.02, 6.98],
			"to": [9.52, -6.98, 9.02],
			"rotation": {"angle": 45, "axis": "z", "origin": [8, -8.5, 8]},
			"faces": {
				"north": {"uv": [12.75, 12.5, 12, 13.25], "texture": "#1"},
				"east": {"uv": [12.75, 12.5, 12.5, 13.25], "texture": "#1"},
				"south": {"uv": [12, 12.5, 12.75, 13.25], "texture": "#1"},
				"west": {"uv": [12, 12.5, 12.25, 13.25], "texture": "#1"},
				"up": {"uv": [12, 12.5, 12.75, 12.75], "texture": "#1"},
				"down": {"uv": [12, 13, 12.75, 13.25], "texture": "#1"}
			}
		}
	],
	"gui_light": "front",
	"display": {
		"thirdperson_righthand": {
			"rotation": [-10, -90, 0],
			"translation": [0, 3, 0.25],
			"scale": [0.6, 0.6, 0.6]
		},
		"thirdperson_lefthand": {
			"rotation": [-10, 90, 0],
			"translation": [0, 3, 0.25],
			"scale": [0.6, 0.6, 0.6]
		},
		"firstperson_righthand": {
			"rotation": [20, -90, 0],
			"translation": [2, 3.25, 0],
			"scale": [0.6, 0.6, 0.6]
		},
		"firstperson_lefthand": {
			"rotation": [20, 90, 0],
			"translation": [2, 3.25, 0],
			"scale": [0.6, 0.6, 0.6]
		},
		"ground": {
			"rotation": [0, 0, -45],
			"translation": [0, 3, 0],
			"scale": [0.35, 0.35, 0.35]
		},
		"gui": {
			"rotation": [0, 0, -45],
			"translation": [2.25, 1.35, 0],
			"scale": [0.7, 0.7, 0.7]
		},
		"head": {
			"rotation": [0, 0, 45],
			"translation": [9.75, 7.5, 0.75],
			"scale": [0.6, 0.6, 0.6]
		},
		"fixed": {
			"rotation": [0, -180, -45],
			"translation": [-2, 1, 0.75],
			"scale": [0.575, 0.575, 0.575]
		}
	},
	"groups": [
		{
			"name": "axe",
			"origin": [8, 8, 8],
			"color": 0,
			"children": [0, 1, 2, 3, 4, 5]
		}
	]
}