{
	"credit": "Made by Bret06 using Blockbench",
	"texture_size": [64, 64],
	"textures": {
		"1": "lunareclipse.cosmetics:item/tools/adventurer/axe",
		"particle": "lunareclipse.cosmetics:item/tools/adventurer/axe"
	},
	"elements": [
		{
			"from": [6.48, -10.02, 6.98],
			"to": [9.52, -6.98, 9.02],
			"rotation": {"angle": 45, "axis": "z", "origin": [8, -8.5, 8]},
			"faces": {
				"north": {"uv": [12.75, 12.5, 12, 13.25], "texture": "#1"},
				"east": {"uv": [12.75, 12.5, 12.5, 13.25], "texture": "#1"},
				"south": {"uv": [12, 12.5, 12.75, 13.25], "texture": "#1"},
				"west": {"uv": [12, 12.5, 12.25, 13.25], "texture": "#1"},
				"up": {"uv": [12, 12.5, 12.75, 12.75], "texture": "#1"},
				"down": {"uv": [12, 13, 12.75, 13.25], "texture": "#1"}
			}
		},
		{
			"from": [7, -8, 7],
			"to": [9, 10, 9],
			"rotation": {"angle": 0, "axis": "y", "origin": [0, 21.8, 0]},
			"faces": {
				"north": {"uv": [12.75, 8, 12.25, 12.5], "texture": "#1"},
				"east": {"uv": [12.5, 8, 12.75, 12.5], "texture": "#1"},
				"south": {"uv": [12.25, 8, 12.75, 12.5], "texture": "#1"},
				"west": {"uv": [12.25, 8, 12.5, 12.5], "texture": "#1"}
			}
		},
		{
			"from": [7, 14, 7],
			"to": [9, 15, 9],
			"rotation": {"angle": 0, "axis": "y", "origin": [0, 21.8, 0]},
			"faces": {
				"north": {"uv": [12.75, 6.75, 12.25, 7], "texture": "#1"},
				"east": {"uv": [12.5, 6.75, 12.75, 7], "texture": "#1"},
				"south": {"uv": [12.25, 6.75, 12.75, 7], "texture": "#1"},
				"west": {"uv": [12.25, 6.75, 12.5, 7], "texture": "#1"},
				"up": {"uv": [12.25, 6.75, 12.75, 7], "texture": "#1"}
			}
		},
		{
			"from": [5, 10, 6.5],
			"to": [11, 14.1, 9.5],
			"rotation": {"angle": 0, "axis": "y", "origin": [10.5, 9.8, 7.5]},
			"faces": {
				"north": {"uv": [13, 7, 11.5, 8], "texture": "#1"},
				"east": {"uv": [12.75, 7, 13, 8], "texture": "#1"},
				"south": {"uv": [11.5, 7, 13, 8], "texture": "#1"},
				"west": {"uv": [11.5, 7, 11.75, 8], "texture": "#1"},
				"up": {"uv": [11.5, 7, 13, 7.25], "texture": "#1"},
				"down": {"uv": [11.5, 7.75, 13, 8], "texture": "#1"}
			}
		},
		{
			"from": [5, 8.95, 6.5],
			"to": [11, 10.05, 9.5],
			"rotation": {"angle": 0, "axis": "y", "origin": [10.5, 5.7, 7.5]},
			"faces": {
				"north": {"uv": [13, 7.75, 11.5, 8], "texture": "#1"},
				"east": {"uv": [12.75, 7.75, 13, 8], "texture": "#1"},
				"south": {"uv": [11.5, 7.75, 13, 8], "texture": "#1"},
				"west": {"uv": [11.5, 7.75, 11.75, 8], "texture": "#1"},
				"up": {"uv": [11.5, 7, 13, 7.25], "texture": "#1"},
				"down": {"uv": [11.5, 7.75, 13, 8], "texture": "#1"}
			}
		},
		{
			"from": [10.95, 8.95, 6.5],
			"to": [15.2, 10.05, 9.5],
			"rotation": {"angle": 0, "axis": "y", "origin": [9.2, 10, 7]},
			"faces": {
				"north": {"uv": [9.5, 7.75, 10.5, 8], "texture": "#1"},
				"east": {"uv": [10, 7.75, 9.5, 7.75], "texture": "#1"},
				"south": {"uv": [10.5, 7.75, 9.5, 8], "texture": "#1"},
				"up": {"uv": [11.5, 7, 9.5, 7.25], "texture": "#1"},
				"down": {"uv": [10.5, 7.75, 9.5, 8], "texture": "#1"}
			}
		},
		{
			"from": [10.98, 10, 6.5],
			"to": [14.1, 14.1, 9.5],
			"rotation": {"angle": 0, "axis": "y", "origin": [9.1, 11.1, 7]},
			"faces": {
				"north": {"uv": [9.75, 7, 10.5, 8], "texture": "#1"},
				"east": {"uv": [9.75, 7, 9.5, 7.75], "texture": "#1"},
				"south": {"uv": [10.5, 7, 9.75, 8], "texture": "#1"},
				"up": {"uv": [11.5, 7, 9.5, 7.25], "texture": "#1"},
				"down": {"uv": [10.5, 7.75, 9.75, 8], "texture": "#1"}
			}
		},
		{
			"from": [13.51, 12.664, 6.5],
			"to": [15.06, 13.664, 9.5],
			"rotation": {"angle": -45, "axis": "z", "origin": [14.34391, 13.16089, 8]},
			"faces": {
				"north": {"uv": [9.5, 7.25, 9.75, 8], "rotation": 90, "texture": "#1"},
				"east": {"uv": [9.75, 7.75, 9.5, 8], "rotation": 270, "texture": "#1"},
				"south": {"uv": [9.75, 7.25, 9.5, 8], "rotation": 270, "texture": "#1"},
				"west": {"uv": [11.5, 7, 9.5, 7.25], "rotation": 270, "texture": "#1"},
				"up": {"uv": [9.75, 7, 9.5, 7.75], "rotation": 270, "texture": "#1"}
			}
		},
		{
			"from": [14.08, 10, 6.5],
			"to": [15.2, 13.02, 9.5],
			"rotation": {"angle": 0, "axis": "y", "origin": [9.2, 11.1, 7]},
			"faces": {
				"north": {"uv": [9.5, 7.25, 9.75, 8], "texture": "#1"},
				"east": {"uv": [9.75, 7, 9.5, 7.75], "texture": "#1"},
				"south": {"uv": [9.75, 7.25, 9.5, 8], "texture": "#1"},
				"up": {"uv": [11.5, 7, 9.5, 7.25], "texture": "#1"},
				"down": {"uv": [9.75, 7.75, 9.5, 8], "texture": "#1"}
			}
		},
		{
			"from": [0.8, 8.95, 6.5],
			"to": [5.05, 10.05, 9.5],
			"rotation": {"angle": 0, "axis": "y", "origin": [6.8, 10, 7]},
			"faces": {
				"north": {"uv": [10.5, 7.75, 9.5, 8], "texture": "#1"},
				"south": {"uv": [9.5, 7.75, 10.5, 8], "texture": "#1"},
				"west": {"uv": [9.5, 7.75, 10, 7.75], "texture": "#1"},
				"up": {"uv": [9.5, 7, 11.5, 7.25], "texture": "#1"},
				"down": {"uv": [9.5, 7.75, 10.5, 8], "texture": "#1"}
			}
		},
		{
			"from": [1.9, 10, 6.5],
			"to": [5.02, 14.1, 9.5],
			"rotation": {"angle": 0, "axis": "y", "origin": [6.9, 11.1, 7]},
			"faces": {
				"north": {"uv": [10.5, 7, 9.75, 8], "texture": "#1"},
				"south": {"uv": [9.75, 7, 10.5, 8], "texture": "#1"},
				"west": {"uv": [9.5, 7, 9.75, 7.75], "texture": "#1"},
				"up": {"uv": [9.5, 7, 11.5, 7.25], "texture": "#1"},
				"down": {"uv": [9.75, 7.75, 10.5, 8], "texture": "#1"}
			}
		},
		{
			"from": [0.94, 12.664, 6.5],
			"to": [2.49, 13.664, 9.5],
			"rotation": {"angle": 45, "axis": "z", "origin": [1.65609, 13.16089, 8]},
			"faces": {
				"north": {"uv": [9.5, 8, 9.75, 7.25], "rotation": 90, "texture": "#1"},
				"east": {"uv": [11.5, 7.25, 9.5, 7], "rotation": 270, "texture": "#1"},
				"south": {"uv": [9.75, 8, 9.5, 7.25], "rotation": 270, "texture": "#1"},
				"west": {"uv": [9.75, 8, 9.5, 7.75], "rotation": 270, "texture": "#1"},
				"up": {"uv": [9.75, 7.75, 9.5, 7], "rotation": 270, "texture": "#1"}
			}
		},
		{
			"from": [0.8, 10, 6.5],
			"to": [1.92, 13.02, 9.5],
			"rotation": {"angle": 0, "axis": "y", "origin": [6.8, 11.1, 7]},
			"faces": {
				"north": {"uv": [9.75, 7.25, 9.5, 8], "texture": "#1"},
				"south": {"uv": [9.5, 7.25, 9.75, 8], "texture": "#1"},
				"west": {"uv": [9.5, 7, 9.75, 7.75], "texture": "#1"},
				"up": {"uv": [9.5, 7, 11.5, 7.25], "texture": "#1"},
				"down": {"uv": [9.5, 7.75, 9.75, 8], "texture": "#1"}
			}
		}
	],
	"gui_light": "front",
	"display": {
		"thirdperson_righthand": {
			"rotation": [3.75, 90, 0],
			"translation": [0, 5.5, 1.5],
			"scale": [0.6, 0.6, 0.6]
		},
		"thirdperson_lefthand": {
			"rotation": [3.75, 90, 0],
			"translation": [0, 5.5, 1.5],
			"scale": [0.6, 0.6, 0.6]
		},
		"firstperson_righthand": {
			"rotation": [9.25, 90, 0],
			"translation": [2, 7, 1],
			"scale": [0.75, 0.75, 0.75]
		},
		"firstperson_lefthand": {
			"rotation": [9.25, 90, 0],
			"translation": [2, 7, 1],
			"scale": [0.75, 0.75, 0.75]
		},
		"ground": {
			"rotation": [0, 0, -45],
			"translation": [0, 3, 0],
			"scale": [0.35, 0.35, 0.35]
		},
		"gui": {
			"rotation": [0, 0, -45],
			"translation": [2, 1.1, 0],
			"scale": [0.635, 0.635, 0.635]
		},
		"head": {
			"rotation": [0, 0, 45],
			"translation": [9.75, 7.5, 0.75],
			"scale": [0.6, 0.6, 0.6]
		},
		"fixed": {
			"rotation": [0, -180, -45],
			"translation": [-1.75, 0.5, 0.75],
			"scale": [0.575, 0.575, 0.575]
		}
	},
	"groups": [
		{
			"name": "axe",
			"origin": [8, 8, 8],
			"color": 0,
			"children": [
				0,
				1,
				2,
				3,
				4,
				{
					"name": "group",
					"origin": [9.2, 11.1, 7],
					"color": 0,
					"children": [5, 6, 7, 8]
				},
				{
					"name": "group",
					"origin": [9.2, 11.1, 7],
					"color": 0,
					"children": [9, 10, 11, 12]
				}
			]
		}
	]
}