{
	"texture_size": [64, 64],
	"textures": {
		"1": "lunareclipse.cosmetics:item/tools/adventurer/shield",
		"particle": "lunareclipse.cosmetics:item/tools/adventurer/shield"
	},
	"elements": [
		{
			"name": "shield",
			"from": [1, 3.5, 12],
			"to": [15, 18.5, 13],
			"rotation": {"angle": 0, "axis": "y", "origin": [8, 11, 12.5]},
			"faces": {
				"north": {"uv": [9, 6.75, 12.5, 10.5], "texture": "#1"},
				"east": {"uv": [9, 6.75, 9.25, 10.5], "texture": "#1"},
				"south": {"uv": [12.5, 6.75, 9, 10.5], "texture": "#1"},
				"west": {"uv": [12.25, 6.75, 12.5, 10.5], "texture": "#1"},
				"up": {"uv": [12.5, 6.75, 9, 7], "texture": "#1"},
				"down": {"uv": [12.5, 10.25, 9, 10.5], "texture": "#1"}
			}
		},
		{
			"name": "shield",
			"from": [7, 8, 13],
			"to": [9, 14, 19],
			"rotation": {"angle": 0, "axis": "y", "origin": [14, 15.5, 13.5]},
			"faces": {
				"east": {"uv": [12.5, 9.25, 14, 10.75], "texture": "#1"},
				"south": {"uv": [12.75, 9.25, 12.5, 10.75], "texture": "#1"},
				"west": {"uv": [14, 9.25, 12.5, 10.75], "texture": "#1"},
				"up": {"uv": [12.5, 9.25, 12.75, 10.75], "texture": "#1"},
				"down": {"uv": [13.75, 9.25, 14, 10.75], "texture": "#1"}
			}
		},
		{
			"from": [6, 8.95, 11.5],
			"to": [10, 12.95, 12.5],
			"rotation": {"angle": 0, "axis": "y", "origin": [7.5, 10.45, 12.5]},
			"faces": {
				"north": {"uv": [12.5, 8.25, 13.5, 9.25], "texture": "#1"},
				"east": {"uv": [13.25, 8.25, 13.5, 9.25], "texture": "#1"},
				"west": {"uv": [12.5, 8.25, 12.75, 9.25], "texture": "#1"},
				"up": {"uv": [12.5, 8.25, 13.5, 8.5], "texture": "#1"},
				"down": {"uv": [12.5, 9, 13.5, 9.25], "texture": "#1"}
			}
		}
	],
	"display": {
		"thirdperson_righthand": {
			"rotation": [90, -90, 90],
			"translation": [8, -5, 3]
		},
		"thirdperson_lefthand": {
			"rotation": [90, -90, 90],
			"translation": [8, -5, 3]
		},
		"firstperson_righthand": {
			"rotation": [75, -90, 90],
			"translation": [8, -7, 3]
		},
		"firstperson_lefthand": {
			"rotation": [75, -90, 90],
			"translation": [8, -7, 3]
		},
		"ground": {
			"rotation": [45, 0, 0],
			"translation": [0, 3, 0],
			"scale": [0.3, 0.3, 0.3]
		},
		"gui": {
			"rotation": [-22.25, 152.25, 30.5],
			"translation": [-3, -1, 0],
			"scale": [0.89, 0.89, 0.89]
		},
		"head": {
			"rotation": [90, 0, 0],
			"translation": [0, 11.75, -3]
		},
		"fixed": {
			"translation": [0, -2.25, -3],
			"scale": [0.8, 0.8, 0.8]
		}
	},
	"groups": [
		{
			"name": "shield",
			"origin": [0, 11, 1],
			"color": 0,
			"children": [0, 1, 2]
		}
	]
}