{
	"credit": "Made by Bret06 using Blockbench",
	"texture_size": [32, 32],
	"textures": {
		"texture": "lunareclipse.architect:item/decorations/furniture/christmas/toys/train/unpainted"
	},
	"elements": [
		{
			"from": [6, 2, 8],
			"to": [10, 7, 12],
			"rotation": {"angle": 0, "axis": "y", "origin": [6, 2, 8]},
			"faces": {
				"north": {"uv": [0, 4.5, 2, 7], "texture": "#texture"},
				"east": {"uv": [2, 4.5, 4, 7], "texture": "#texture"},
				"south": {"uv": [4, 4.5, 6, 7], "texture": "#texture"},
				"west": {"uv": [5, 0, 7, 2.5], "texture": "#texture"},
				"up": {"uv": [4, 9, 2, 7], "texture": "#texture"}
			}
		},
		{
			"from": [5.75, 1.75, 7.75],
			"to": [10.25, 7.25, 12.25],
			"rotation": {"angle": 0, "axis": "y", "origin": [6, 2, 8]},
			"faces": {
				"north": {"uv": [6, 2.5, 8, 5], "texture": "#texture"},
				"east": {"uv": [6, 5, 8, 7.5], "texture": "#texture"},
				"south": {"uv": [0, 7, 2, 9.5], "texture": "#texture"},
				"west": {"uv": [7, 0, 9, 2.5], "texture": "#texture"},
				"up": {"uv": [8, 9.5, 6, 7.5], "texture": "#texture"},
				"down": {"uv": [10, 2.5, 8, 4.5], "texture": "#texture"}
			}
		},
		{
			"from": [6.5, 2, 4],
			"to": [9.5, 5, 8],
			"rotation": {"angle": 0, "axis": "y", "origin": [5.5, 2, 4]},
			"faces": {
				"north": {"uv": [10, 2, 11.5, 3.5], "texture": "#texture"},
				"east": {"uv": [2, 9, 4, 10.5], "texture": "#texture"},
				"west": {"uv": [4, 9, 6, 10.5], "texture": "#texture"},
				"up": {"uv": [1.5, 11.5, 0, 9.5], "texture": "#texture"}
			}
		},
		{
			"from": [5.65, 0, 4],
			"to": [5.65, 3, 7],
			"rotation": {"angle": 0, "axis": "y", "origin": [5, 0, 4.5]},
			"faces": {
				"north": {"uv": [0, 0, 0, 1.5], "texture": "#texture"},
				"east": {"uv": [12.5, 14.5, 14, 16], "texture": "#texture"},
				"south": {"uv": [0, 0, 0, 1.5], "texture": "#texture"},
				"west": {"uv": [12.5, 14.5, 14, 16], "texture": "#texture"},
				"up": {"uv": [0, 1.5, 0, 0], "texture": "#texture"},
				"down": {"uv": [0, 0, 0, 1.5], "texture": "#texture"}
			}
		},
		{
			"from": [10.35, 0, 4],
			"to": [10.35, 3, 7],
			"rotation": {"angle": 0, "axis": "y", "origin": [9.7, 0, 4.5]},
			"faces": {
				"north": {"uv": [0, 0, 0, 1.5], "texture": "#texture"},
				"east": {"uv": [12.5, 14.5, 14, 16], "texture": "#texture"},
				"south": {"uv": [0, 0, 0, 1.5], "texture": "#texture"},
				"west": {"uv": [12.5, 14.5, 14, 16], "texture": "#texture"},
				"up": {"uv": [0, 1.5, 0, 0], "texture": "#texture"},
				"down": {"uv": [0, 0, 0, 1.5], "texture": "#texture"}
			}
		},
		{
			"from": [5.65, 0, 8.3],
			"to": [5.65, 4, 12.3],
			"rotation": {"angle": 0, "axis": "y", "origin": [5, 0, 9.8]},
			"faces": {
				"north": {"uv": [0, 0, 0, 2], "texture": "#texture"},
				"east": {"uv": [14, 14, 16, 16], "texture": "#texture"},
				"south": {"uv": [0, 0, 0, 2], "texture": "#texture"},
				"west": {"uv": [14, 14, 16, 16], "texture": "#texture"},
				"up": {"uv": [0, 2, 0, 0], "texture": "#texture"},
				"down": {"uv": [0, 0, 0, 2], "texture": "#texture"}
			}
		},
		{
			"from": [10.35, 0, 8.3],
			"to": [10.35, 4, 12.3],
			"rotation": {"angle": 0, "axis": "y", "origin": [9.7, 0, 9.8]},
			"faces": {
				"north": {"uv": [0, 0, 0, 2], "texture": "#texture"},
				"east": {"uv": [14, 14, 16, 16], "texture": "#texture"},
				"south": {"uv": [0, 0, 0, 2], "texture": "#texture"},
				"west": {"uv": [14, 14, 16, 16], "texture": "#texture"},
				"up": {"uv": [0, 2, 0, 0], "texture": "#texture"},
				"down": {"uv": [0, 0, 0, 2], "texture": "#texture"}
			}
		},
		{
			"from": [5.75, 1, 3.5],
			"to": [10.25, 2, 12.5],
			"rotation": {"angle": 0, "axis": "y", "origin": [5.1, -1, 4]},
			"faces": {
				"north": {"uv": [7.5, 10.5, 10, 11], "texture": "#texture"},
				"east": {"uv": [1.5, 10.5, 6, 11], "texture": "#texture"},
				"south": {"uv": [11, 0.5, 13.5, 1], "texture": "#texture"},
				"west": {"uv": [11, 0, 15.5, 0.5], "texture": "#texture"},
				"up": {"uv": [2.5, 4.5, 0, 0], "texture": "#texture"},
				"down": {"uv": [5, 0, 2.5, 4.5], "texture": "#texture"}
			}
		},
		{
			"from": [7.5, 5, 5],
			"to": [8.5, 7, 6],
			"rotation": {"angle": 0, "axis": "y", "origin": [4.5, 5, 5]},
			"faces": {
				"north": {"uv": [5, 2.5, 5.5, 3.5], "texture": "#texture"},
				"east": {"uv": [5, 3.5, 5.5, 4.5], "texture": "#texture"},
				"south": {"uv": [5.5, 2.5, 6, 3.5], "texture": "#texture"},
				"west": {"uv": [5.5, 3.5, 6, 4.5], "texture": "#texture"},
				"up": {"uv": [9.5, 2.5, 9, 2], "texture": "#texture"}
			}
		},
		{
			"from": [7.375, 6.375, 4.875],
			"to": [8.625, 7.125, 6.125],
			"rotation": {"angle": 0, "axis": "y", "origin": [4.5, 5, 5]},
			"faces": {
				"north": {"uv": [5, 2.5, 5.5, 3], "texture": "#texture"},
				"east": {"uv": [5, 3.5, 5.5, 4], "texture": "#texture"},
				"south": {"uv": [5.5, 2.5, 6, 3], "texture": "#texture"},
				"west": {"uv": [5.5, 3.5, 6, 4], "texture": "#texture"},
				"up": {"uv": [9.5, 2.5, 9, 2], "texture": "#texture"}
			}
		}
	],
	"gui_light": "front",
	"display": {
		"thirdperson_righthand": {
			"rotation": [75, 45, 0],
			"translation": [0, 2.5, 0],
			"scale": [0.375, 0.375, 0.375]
		},
		"thirdperson_lefthand": {
			"rotation": [75, 45, 0],
			"translation": [0, 2.5, 0],
			"scale": [0.375, 0.375, 0.375]
		},
		"firstperson_righthand": {
			"rotation": [0, 45, 0],
			"translation": [0, 2.75, 0],
			"scale": [0.4, 0.4, 0.4]
		},
		"firstperson_lefthand": {
			"rotation": [0, 45, 0],
			"translation": [0, 2.75, 0],
			"scale": [0.4, 0.4, 0.4]
		},
		"ground": {
			"translation": [0, 3, 0],
			"scale": [0.5, 0.5, 0.5]
		},
		"gui": {
			"rotation": [30, 225, 0],
			"translation": [0.5, 4.5, 0],
			"scale": [1.25, 1.25, 1.25]
		},
		"head": {
			"translation": [0, 22.25, 0],
			"scale": [2, 2, 2]
		},
		"fixed": {
			"rotation": [-90, 0, 0],
			"translation": [0, 0, -16],
			"scale": [2, 2, 2]
		}
	},
	"groups": [
		{
			"name": "train",
			"origin": [4.5, 5, 5],
			"color": 0,
			"children": [0, 1, 2, 3, 4, 5, 6, 7, 8, 9]
		}
	]
}