{
  "parent": "minecraft:item/generated",
  "textures": {
    "layer0": "minecraft:item/paper"
  },
  "overrides": [
    {
      "model": "lunareclipse.cosmetics:item/hats/basic_cap",
      "predicate": {
        "custom_model_data": 1350001
      }
    },
    {
      "model": "lunareclipse.cosmetics:item/hats/atlas",
      "predicate": {
        "custom_model_data": 1350002
      }
    },
    {
      "model": "lunareclipse.cosmetics:item/hats/straw_hat",
      "predicate": {
        "custom_model_data": 1350003
      }
    },
    {
      "model": "lunareclipse.cosmetics:item/blank",
      "predicate": {
        "custom_model_data": 1351000
      }
    }
  ]
}