{
	"credit": "Made with Blockbench",
	"textures": {
		"2": "lunareclipse.cosmetics:item/tools/midnight/flame",
		"3": "lunareclipse.cosmetics:item/tools/midnight/bow_pulling_0",
		"particle": "lunareclipse.cosmetics:item/tools/midnight/pickaxe"
	},
	"elements": [
		{
			"from": [5.1, 1.1, 7.5],
			"to": [21.1, 17.1, 7.5],
			"rotation": {"angle": -45, "axis": "z", "origin": [18, 7, 0]},
			"faces": {
				"north": {"uv": [0, 16, 16, 0], "texture": "#2"},
				"east": {"uv": [16, 0, 0, 0], "rotation": 90, "texture": "#missing"},
				"south": {"uv": [16, 16, 0, 0], "texture": "#2"},
				"west": {"uv": [16, 0, 0, 0], "rotation": 90, "texture": "#missing"},
				"up": {"uv": [0, 16, 0, 0], "rotation": 90, "texture": "#missing"},
				"down": {"uv": [0, 16, 0, 0], "rotation": 90, "texture": "#missing"}
			}
		},
		{
			"from": [0.3, 8.9, 7.5],
			"to": [16.3, 24.9, 7.5],
			"rotation": {"angle": 45, "axis": "z", "origin": [18, 7, 0]},
			"faces": {
				"north": {"uv": [0, 16, 16, 0], "texture": "#2"},
				"east": {"uv": [16, 0, 0, 0], "rotation": 90, "texture": "#missing"},
				"south": {"uv": [16, 16, 0, 0], "texture": "#2"},
				"west": {"uv": [16, 0, 0, 0], "rotation": 90, "texture": "#missing"},
				"up": {"uv": [0, 16, 0, 0], "rotation": 90, "texture": "#missing"},
				"down": {"uv": [0, 16, 0, 0], "rotation": 90, "texture": "#missing"}
			}
		},
		{
			"name": "bow_pulling_0_0",
			"from": [1, 14, 7],
			"to": [2, 16, 8],
			"faces": {
				"north": {"uv": [1, 2, 2, 0], "rotation": 180, "texture": "#3"},
				"east": {"uv": [1, 0, 2, 2], "texture": "#3"},
				"south": {"uv": [1, 0, 2, 2], "texture": "#3"},
				"west": {"uv": [1, 0, 2, 2], "texture": "#3"},
				"up": {"uv": [2, 0, 1, 1], "rotation": 180, "texture": "#3"},
				"down": {"uv": [1, 1, 2, 2], "texture": "#3"}
			}
		},
		{
			"name": "bow_pulling_0_1",
			"from": [2, 13, 7],
			"to": [3, 15, 8],
			"faces": {
				"north": {"uv": [2, 3, 3, 1], "rotation": 180, "texture": "#3"},
				"east": {"uv": [2, 1, 3, 3], "texture": "#3"},
				"south": {"uv": [2, 1, 3, 3], "texture": "#3"},
				"west": {"uv": [2, 1, 3, 3], "texture": "#3"},
				"up": {"uv": [3, 1, 2, 2], "rotation": 180, "texture": "#3"},
				"down": {"uv": [2, 2, 3, 3], "texture": "#3"}
			}
		},
		{
			"name": "bow_pulling_0_2",
			"from": [9, 11, 7],
			"to": [10, 15, 8],
			"faces": {
				"north": {"uv": [9, 5, 10, 1], "rotation": 180, "texture": "#3"},
				"east": {"uv": [9, 1, 10, 5], "texture": "#3"},
				"south": {"uv": [9, 1, 10, 5], "texture": "#3"},
				"west": {"uv": [9, 1, 10, 5], "texture": "#3"},
				"up": {"uv": [10, 1, 9, 2], "rotation": 180, "texture": "#3"},
				"down": {"uv": [9, 4, 10, 5], "texture": "#3"}
			}
		},
		{
			"name": "bow_pulling_0_3",
			"from": [11, 12, 7],
			"to": [15, 15, 8],
			"faces": {
				"north": {"uv": [11, 4, 15, 1], "rotation": 180, "texture": "#3"},
				"east": {"uv": [14, 1, 15, 4], "texture": "#3"},
				"south": {"uv": [11, 1, 15, 4], "texture": "#3"},
				"west": {"uv": [11, 1, 12, 4], "texture": "#3"},
				"up": {"uv": [15, 1, 11, 2], "rotation": 180, "texture": "#3"},
				"down": {"uv": [11, 3, 15, 4], "texture": "#3"}
			}
		},
		{
			"name": "bow_pulling_0_4",
			"from": [3, 12, 7],
			"to": [4, 14, 8],
			"faces": {
				"north": {"uv": [3, 4, 4, 2], "rotation": 180, "texture": "#3"},
				"east": {"uv": [3, 2, 4, 4], "texture": "#3"},
				"south": {"uv": [3, 2, 4, 4], "texture": "#3"},
				"west": {"uv": [3, 2, 4, 4], "texture": "#3"},
				"up": {"uv": [4, 2, 3, 3], "rotation": 180, "texture": "#3"},
				"down": {"uv": [3, 3, 4, 4], "texture": "#3"}
			}
		},
		{
			"name": "bow_pulling_0_5",
			"from": [8, 7, 7],
			"to": [9, 14, 8],
			"faces": {
				"north": {"uv": [8, 9, 9, 2], "rotation": 180, "texture": "#3"},
				"east": {"uv": [8, 2, 9, 9], "texture": "#3"},
				"south": {"uv": [8, 2, 9, 9], "texture": "#3"},
				"west": {"uv": [8, 2, 9, 9], "texture": "#3"},
				"up": {"uv": [9, 2, 8, 3], "rotation": 180, "texture": "#3"},
				"down": {"uv": [8, 8, 9, 9], "texture": "#3"}
			}
		},
		{
			"name": "bow_pulling_0_6",
			"from": [10, 11, 7],
			"to": [11, 14, 8],
			"faces": {
				"north": {"uv": [10, 5, 11, 2], "rotation": 180, "texture": "#3"},
				"east": {"uv": [10, 2, 11, 5], "texture": "#3"},
				"south": {"uv": [10, 2, 11, 5], "texture": "#3"},
				"west": {"uv": [10, 2, 11, 5], "texture": "#3"},
				"up": {"uv": [11, 2, 10, 3], "rotation": 180, "texture": "#3"},
				"down": {"uv": [10, 4, 11, 5], "texture": "#3"}
			}
		},
		{
			"name": "bow_pulling_0_7",
			"from": [15, 13, 7],
			"to": [16, 14, 8],
			"faces": {
				"north": {"uv": [15, 3, 16, 2], "rotation": 180, "texture": "#3"},
				"east": {"uv": [15, 2, 16, 3], "texture": "#3"},
				"south": {"uv": [15, 2, 16, 3], "texture": "#3"},
				"west": {"uv": [15, 2, 16, 3], "texture": "#3"},
				"up": {"uv": [16, 2, 15, 3], "rotation": 180, "texture": "#3"},
				"down": {"uv": [15, 2, 16, 3], "texture": "#3"}
			}
		},
		{
			"name": "bow_pulling_0_8",
			"from": [4, 11, 7],
			"to": [5, 13, 8],
			"faces": {
				"north": {"uv": [4, 5, 5, 3], "rotation": 180, "texture": "#3"},
				"east": {"uv": [4, 3, 5, 5], "texture": "#3"},
				"south": {"uv": [4, 3, 5, 5], "texture": "#3"},
				"west": {"uv": [4, 3, 5, 5], "texture": "#3"},
				"up": {"uv": [5, 3, 4, 4], "rotation": 180, "texture": "#3"},
				"down": {"uv": [4, 4, 5, 5], "texture": "#3"}
			}
		},
		{
			"name": "bow_pulling_0_9",
			"from": [5, 10, 7],
			"to": [6, 12, 8],
			"faces": {
				"north": {"uv": [5, 6, 6, 4], "rotation": 180, "texture": "#3"},
				"east": {"uv": [5, 4, 6, 6], "texture": "#3"},
				"south": {"uv": [5, 4, 6, 6], "texture": "#3"},
				"west": {"uv": [5, 4, 6, 6], "texture": "#3"},
				"up": {"uv": [6, 4, 5, 5], "rotation": 180, "texture": "#3"},
				"down": {"uv": [5, 5, 6, 6], "texture": "#3"}
			}
		},
		{
			"name": "bow_pulling_0_10",
			"from": [7, 8, 7],
			"to": [8, 12, 8],
			"faces": {
				"north": {"uv": [7, 8, 8, 4], "rotation": 180, "texture": "#3"},
				"east": {"uv": [7, 4, 8, 8], "texture": "#3"},
				"south": {"uv": [7, 4, 8, 8], "texture": "#3"},
				"west": {"uv": [7, 4, 8, 8], "texture": "#3"},
				"up": {"uv": [8, 4, 7, 5], "rotation": 180, "texture": "#3"},
				"down": {"uv": [7, 7, 8, 8], "texture": "#3"}
			}
		},
		{
			"name": "bow_pulling_0_11",
			"from": [14, 11, 7],
			"to": [15, 12, 8],
			"faces": {
				"north": {"uv": [14, 5, 15, 4], "rotation": 180, "texture": "#3"},
				"east": {"uv": [14, 4, 15, 5], "texture": "#3"},
				"south": {"uv": [14, 4, 15, 5], "texture": "#3"},
				"west": {"uv": [14, 4, 15, 5], "texture": "#3"},
				"up": {"uv": [15, 4, 14, 5], "rotation": 180, "texture": "#3"},
				"down": {"uv": [14, 4, 15, 5], "texture": "#3"}
			}
		},
		{
			"name": "bow_pulling_0_12",
			"from": [6, 7, 7],
			"to": [7, 11, 8],
			"faces": {
				"north": {"uv": [6, 9, 7, 5], "rotation": 180, "texture": "#3"},
				"east": {"uv": [6, 5, 7, 9], "texture": "#3"},
				"south": {"uv": [6, 5, 7, 9], "texture": "#3"},
				"west": {"uv": [6, 5, 7, 9], "texture": "#3"},
				"up": {"uv": [7, 5, 6, 6], "rotation": 180, "texture": "#3"},
				"down": {"uv": [6, 8, 7, 9], "texture": "#3"}
			}
		},
		{
			"name": "bow_pulling_0_13",
			"from": [13, 9, 7],
			"to": [14, 11, 8],
			"faces": {
				"north": {"uv": [13, 7, 14, 5], "rotation": 180, "texture": "#3"},
				"east": {"uv": [13, 5, 14, 7], "texture": "#3"},
				"south": {"uv": [13, 5, 14, 7], "texture": "#3"},
				"west": {"uv": [13, 5, 14, 7], "texture": "#3"},
				"up": {"uv": [14, 5, 13, 6], "rotation": 180, "texture": "#3"},
				"down": {"uv": [13, 6, 14, 7], "texture": "#3"}
			}
		},
		{
			"name": "bow_pulling_0_14",
			"from": [4, 7, 7],
			"to": [6, 9, 8],
			"faces": {
				"north": {"uv": [4, 9, 6, 7], "rotation": 180, "texture": "#3"},
				"east": {"uv": [5, 7, 6, 9], "texture": "#3"},
				"south": {"uv": [4, 7, 6, 9], "texture": "#3"},
				"west": {"uv": [4, 7, 5, 9], "texture": "#3"},
				"up": {"uv": [6, 7, 4, 8], "rotation": 180, "texture": "#3"},
				"down": {"uv": [4, 8, 6, 9], "texture": "#3"}
			}
		},
		{
			"name": "bow_pulling_0_15",
			"from": [12, 8, 7],
			"to": [13, 9, 8],
			"faces": {
				"north": {"uv": [12, 8, 13, 7], "rotation": 180, "texture": "#3"},
				"east": {"uv": [12, 7, 13, 8], "texture": "#3"},
				"south": {"uv": [12, 7, 13, 8], "texture": "#3"},
				"west": {"uv": [12, 7, 13, 8], "texture": "#3"},
				"up": {"uv": [13, 7, 12, 8], "rotation": 180, "texture": "#3"},
				"down": {"uv": [12, 7, 13, 8], "texture": "#3"}
			}
		},
		{
			"name": "bow_pulling_0_16",
			"from": [2, 1, 7],
			"to": [4, 8, 8],
			"faces": {
				"north": {"uv": [2, 15, 4, 8], "rotation": 180, "texture": "#3"},
				"east": {"uv": [3, 8, 4, 15], "texture": "#3"},
				"south": {"uv": [2, 8, 4, 15], "texture": "#3"},
				"west": {"uv": [2, 8, 3, 15], "texture": "#3"},
				"up": {"uv": [4, 8, 2, 9], "rotation": 180, "texture": "#3"},
				"down": {"uv": [2, 14, 4, 15], "texture": "#3"}
			}
		},
		{
			"name": "bow_pulling_0_17",
			"from": [9, 6, 7],
			"to": [10, 8, 8],
			"faces": {
				"north": {"uv": [9, 10, 10, 8], "rotation": 180, "texture": "#3"},
				"east": {"uv": [9, 8, 10, 10], "texture": "#3"},
				"south": {"uv": [9, 8, 10, 10], "texture": "#3"},
				"west": {"uv": [9, 8, 10, 10], "texture": "#3"},
				"up": {"uv": [10, 8, 9, 9], "rotation": 180, "texture": "#3"},
				"down": {"uv": [9, 9, 10, 10], "texture": "#3"}
			}
		},
		{
			"name": "bow_pulling_0_18",
			"from": [11, 6, 7],
			"to": [12, 8, 8],
			"faces": {
				"north": {"uv": [11, 10, 12, 8], "rotation": 180, "texture": "#3"},
				"east": {"uv": [11, 8, 12, 10], "texture": "#3"},
				"south": {"uv": [11, 8, 12, 10], "texture": "#3"},
				"west": {"uv": [11, 8, 12, 10], "texture": "#3"},
				"up": {"uv": [12, 8, 11, 9], "rotation": 180, "texture": "#3"},
				"down": {"uv": [11, 9, 12, 10], "texture": "#3"}
			}
		},
		{
			"name": "bow_pulling_0_19",
			"from": [1, 6, 7],
			"to": [2, 7, 8],
			"faces": {
				"north": {"uv": [1, 10, 2, 9], "rotation": 180, "texture": "#3"},
				"east": {"uv": [1, 9, 2, 10], "texture": "#3"},
				"south": {"uv": [1, 9, 2, 10], "texture": "#3"},
				"west": {"uv": [1, 9, 2, 10], "texture": "#3"},
				"up": {"uv": [2, 9, 1, 10], "rotation": 180, "texture": "#3"},
				"down": {"uv": [1, 9, 2, 10], "texture": "#3"}
			}
		},
		{
			"name": "bow_pulling_0_20",
			"from": [4, 5, 7],
			"to": [5, 7, 8],
			"faces": {
				"north": {"uv": [4, 11, 5, 9], "rotation": 180, "texture": "#3"},
				"east": {"uv": [4, 9, 5, 11], "texture": "#3"},
				"south": {"uv": [4, 9, 5, 11], "texture": "#3"},
				"west": {"uv": [4, 9, 5, 11], "texture": "#3"},
				"up": {"uv": [5, 9, 4, 10], "rotation": 180, "texture": "#3"},
				"down": {"uv": [4, 10, 5, 11], "texture": "#3"}
			}
		},
		{
			"name": "bow_pulling_0_21",
			"from": [10, 5, 7],
			"to": [11, 7, 8],
			"faces": {
				"north": {"uv": [10, 11, 11, 9], "rotation": 180, "texture": "#3"},
				"east": {"uv": [10, 9, 11, 11], "texture": "#3"},
				"south": {"uv": [10, 9, 11, 11], "texture": "#3"},
				"west": {"uv": [10, 9, 11, 11], "texture": "#3"},
				"up": {"uv": [11, 9, 10, 10], "rotation": 180, "texture": "#3"},
				"down": {"uv": [10, 10, 11, 11], "texture": "#3"}
			}
		},
		{
			"name": "bow_pulling_0_22",
			"from": [1, 1, 7],
			"to": [2, 5, 8],
			"faces": {
				"north": {"uv": [1, 15, 2, 11], "rotation": 180, "texture": "#3"},
				"east": {"uv": [1, 11, 2, 15], "texture": "#3"},
				"south": {"uv": [1, 11, 2, 15], "texture": "#3"},
				"west": {"uv": [1, 11, 2, 15], "texture": "#3"},
				"up": {"uv": [2, 11, 1, 12], "rotation": 180, "texture": "#3"},
				"down": {"uv": [1, 14, 2, 15], "texture": "#3"}
			}
		},
		{
			"name": "bow_pulling_0_23",
			"from": [8, 4, 7],
			"to": [10, 5, 8],
			"faces": {
				"north": {"uv": [8, 12, 10, 11], "rotation": 180, "texture": "#3"},
				"east": {"uv": [9, 11, 10, 12], "texture": "#3"},
				"south": {"uv": [8, 11, 10, 12], "texture": "#3"},
				"west": {"uv": [8, 11, 9, 12], "texture": "#3"},
				"up": {"uv": [10, 11, 8, 12], "rotation": 180, "texture": "#3"},
				"down": {"uv": [8, 11, 10, 12], "texture": "#3"}
			}
		},
		{
			"name": "bow_pulling_0_24",
			"from": [7, 3, 7],
			"to": [8, 4, 8],
			"faces": {
				"north": {"uv": [7, 13, 8, 12], "rotation": 180, "texture": "#3"},
				"east": {"uv": [7, 12, 8, 13], "texture": "#3"},
				"south": {"uv": [7, 12, 8, 13], "texture": "#3"},
				"west": {"uv": [7, 12, 8, 13], "texture": "#3"},
				"up": {"uv": [8, 12, 7, 13], "rotation": 180, "texture": "#3"},
				"down": {"uv": [7, 12, 8, 13], "texture": "#3"}
			}
		},
		{
			"name": "bow_pulling_0_25",
			"from": [5, 2, 7],
			"to": [7, 3, 8],
			"faces": {
				"north": {"uv": [5, 14, 7, 13], "rotation": 180, "texture": "#3"},
				"east": {"uv": [6, 13, 7, 14], "texture": "#3"},
				"south": {"uv": [5, 13, 7, 14], "texture": "#3"},
				"west": {"uv": [5, 13, 6, 14], "texture": "#3"},
				"up": {"uv": [7, 13, 5, 14], "rotation": 180, "texture": "#3"},
				"down": {"uv": [5, 13, 7, 14], "texture": "#3"}
			}
		},
		{
			"name": "bow_pulling_0_26",
			"from": [4, 1, 7],
			"to": [5, 2, 8],
			"faces": {
				"north": {"uv": [4, 15, 5, 14], "rotation": 180, "texture": "#3"},
				"east": {"uv": [4, 14, 5, 15], "texture": "#3"},
				"south": {"uv": [4, 14, 5, 15], "texture": "#3"},
				"west": {"uv": [4, 14, 5, 15], "texture": "#3"},
				"up": {"uv": [5, 14, 4, 15], "rotation": 180, "texture": "#3"},
				"down": {"uv": [4, 14, 5, 15], "texture": "#3"}
			}
		},
		{
			"name": "bow_pulling_0_27",
			"from": [2, 0, 7],
			"to": [3, 1, 8],
			"faces": {
				"north": {"uv": [2, 16, 3, 15], "rotation": 180, "texture": "#3"},
				"east": {"uv": [2, 15, 3, 16], "texture": "#3"},
				"south": {"uv": [2, 15, 3, 16], "texture": "#3"},
				"west": {"uv": [2, 15, 3, 16], "texture": "#3"},
				"up": {"uv": [3, 15, 2, 16], "rotation": 180, "texture": "#3"},
				"down": {"uv": [2, 15, 3, 16], "texture": "#3"}
			}
		}
	],
	"gui_light": "front",
	"display": {
		"thirdperson_righthand": {
			"rotation": [-80, 260, -40],
			"translation": [-1, -2, 2.5],
			"scale": [0.9, 0.9, 0.9]
		},
		"thirdperson_lefthand": {
			"rotation": [-80, -280, 40],
			"translation": [-1, -2, 2.5],
			"scale": [0.9, 0.9, 0.9]
		},
		"firstperson_righthand": {
			"rotation": [0, -90, 25],
			"translation": [1.13, 3.2, 1.13],
			"scale": [0.68, 0.68, 0.68]
		},
		"firstperson_lefthand": {
			"rotation": [0, 90, -25],
			"translation": [1.13, 3.2, 1.13],
			"scale": [0.68, 0.68, 0.68]
		},
		"ground": {
			"translation": [0, 2, 0],
			"scale": [0.5, 0.5, 0.5]
		}
	},
	"groups": [
		0,
		1,
		{
			"name": "bow_pulling_0",
			"origin": [8, 8, 8],
			"color": 0,
			"children": [2, 3, 4, 5, 6, 7, 8, 9, 10, 11, 12, 13, 14, 15, 16, 17, 18, 19, 20, 21, 22, 23, 24, 25, 26, 27, 28, 29]
		}
	]
}