{
	"credit": "Made by Bret06 using Blockbench",
	"textures": {
		"0": "lunareclipse.cosmetics:item/tools/midnight/mace",
		"1": "lunareclipse.cosmetics:item/tools/midnight/flame",
		"particle": "lunareclipse.cosmetics:item/tools/midnight/mace"
	},
	"elements": [
		{
			"name": "mace_0",
			"from": [9, 9, 8],
			"to": [11, 16, 9],
			"rotation": {"angle": 0, "axis": "y", "origin": [0, 0, 8]},
			"faces": {
				"north": {"uv": [11, 0, 9, 7], "texture": "#0"},
				"east": {"uv": [10, 0, 11, 7], "texture": "#0"},
				"south": {"uv": [9, 0, 11, 7], "texture": "#0"},
				"west": {"uv": [9, 0, 10, 7], "texture": "#0"},
				"up": {"uv": [9, 0, 11, 1], "texture": "#0"},
				"down": {"uv": [9, 6, 11, 7], "texture": "#0"}
			}
		},
		{
			"name": "mace_1",
			"from": [8, 11, 8],
			"to": [9, 15, 9],
			"rotation": {"angle": 0, "axis": "y", "origin": [0, 0, 8]},
			"faces": {
				"north": {"uv": [9, 1, 8, 5], "texture": "#0"},
				"east": {"uv": [8, 1, 9, 5], "texture": "#0"},
				"south": {"uv": [8, 1, 9, 5], "texture": "#0"},
				"west": {"uv": [8, 1, 9, 5], "texture": "#0"},
				"up": {"uv": [8, 1, 9, 2], "texture": "#0"},
				"down": {"uv": [8, 4, 9, 5], "texture": "#0"}
			}
		},
		{
			"name": "mace_2",
			"from": [11, 8, 8],
			"to": [12, 15, 9],
			"rotation": {"angle": 0, "axis": "y", "origin": [0, 0, 8]},
			"faces": {
				"north": {"uv": [12, 1, 11, 8], "texture": "#0"},
				"east": {"uv": [11, 1, 12, 8], "texture": "#0"},
				"south": {"uv": [11, 1, 12, 8], "texture": "#0"},
				"west": {"uv": [11, 1, 12, 8], "texture": "#0"},
				"up": {"uv": [11, 1, 12, 2], "texture": "#0"},
				"down": {"uv": [11, 7, 12, 8], "texture": "#0"}
			}
		},
		{
			"name": "mace_3",
			"from": [7, 12, 8],
			"to": [8, 14, 9],
			"rotation": {"angle": 0, "axis": "y", "origin": [0, 0, 8]},
			"faces": {
				"north": {"uv": [8, 2, 7, 4], "texture": "#0"},
				"east": {"uv": [7, 2, 8, 4], "texture": "#0"},
				"south": {"uv": [7, 2, 8, 4], "texture": "#0"},
				"west": {"uv": [7, 2, 8, 4], "texture": "#0"},
				"up": {"uv": [7, 2, 8, 3], "texture": "#0"},
				"down": {"uv": [7, 3, 8, 4], "texture": "#0"}
			}
		},
		{
			"name": "mace_4",
			"from": [12, 7, 8],
			"to": [14, 14, 9],
			"rotation": {"angle": 0, "axis": "y", "origin": [0, 0, 8]},
			"faces": {
				"north": {"uv": [14, 2, 12, 9], "texture": "#0"},
				"east": {"uv": [13, 2, 14, 9], "texture": "#0"},
				"south": {"uv": [12, 2, 14, 9], "texture": "#0"},
				"west": {"uv": [12, 2, 13, 9], "texture": "#0"},
				"up": {"uv": [12, 2, 14, 3], "texture": "#0"},
				"down": {"uv": [12, 8, 14, 9], "texture": "#0"}
			}
		},
		{
			"name": "mace_5",
			"from": [14, 8, 8],
			"to": [15, 12, 9],
			"rotation": {"angle": 0, "axis": "y", "origin": [0, 0, 8]},
			"faces": {
				"north": {"uv": [15, 4, 14, 8], "texture": "#0"},
				"east": {"uv": [14, 4, 15, 8], "texture": "#0"},
				"south": {"uv": [14, 4, 15, 8], "texture": "#0"},
				"west": {"uv": [14, 4, 15, 8], "texture": "#0"},
				"up": {"uv": [14, 4, 15, 5], "texture": "#0"},
				"down": {"uv": [14, 7, 15, 8], "texture": "#0"}
			}
		},
		{
			"name": "mace_6",
			"from": [15, 9, 8],
			"to": [16, 11, 9],
			"rotation": {"angle": 0, "axis": "y", "origin": [0, 0, 8]},
			"faces": {
				"north": {"uv": [16, 5, 15, 7], "texture": "#0"},
				"east": {"uv": [15, 5, 16, 7], "texture": "#0"},
				"south": {"uv": [15, 5, 16, 7], "texture": "#0"},
				"west": {"uv": [15, 5, 16, 7], "texture": "#0"},
				"up": {"uv": [15, 5, 16, 6], "texture": "#0"},
				"down": {"uv": [15, 6, 16, 7], "texture": "#0"}
			}
		},
		{
			"name": "mace_7",
			"from": [8, 7, 8],
			"to": [9, 10, 9],
			"rotation": {"angle": 0, "axis": "y", "origin": [0, 0, 8]},
			"faces": {
				"north": {"uv": [9, 6, 8, 9], "texture": "#0"},
				"east": {"uv": [8, 6, 9, 9], "texture": "#0"},
				"south": {"uv": [8, 6, 9, 9], "texture": "#0"},
				"west": {"uv": [8, 6, 9, 9], "texture": "#0"},
				"up": {"uv": [8, 6, 9, 7], "texture": "#0"},
				"down": {"uv": [8, 8, 9, 9], "texture": "#0"}
			}
		},
		{
			"name": "mace_8",
			"from": [7, 6, 8],
			"to": [8, 9, 9],
			"rotation": {"angle": 0, "axis": "y", "origin": [0, 0, 8]},
			"faces": {
				"north": {"uv": [8, 7, 7, 10], "texture": "#0"},
				"east": {"uv": [7, 7, 8, 10], "texture": "#0"},
				"south": {"uv": [7, 7, 8, 10], "texture": "#0"},
				"west": {"uv": [7, 7, 8, 10], "texture": "#0"},
				"up": {"uv": [7, 7, 8, 8], "texture": "#0"},
				"down": {"uv": [7, 9, 8, 10], "texture": "#0"}
			}
		},
		{
			"name": "mace_9",
			"from": [9, 8, 8],
			"to": [10, 9, 9],
			"rotation": {"angle": 0, "axis": "y", "origin": [0, 0, 8]},
			"faces": {
				"north": {"uv": [10, 7, 9, 8], "texture": "#0"},
				"east": {"uv": [9, 7, 10, 8], "texture": "#0"},
				"south": {"uv": [9, 7, 10, 8], "texture": "#0"},
				"west": {"uv": [9, 7, 10, 8], "texture": "#0"},
				"up": {"uv": [9, 7, 10, 8], "texture": "#0"},
				"down": {"uv": [9, 7, 10, 8], "texture": "#0"}
			}
		},
		{
			"name": "mace_10",
			"from": [6, 5, 8],
			"to": [7, 8, 9],
			"rotation": {"angle": 0, "axis": "y", "origin": [0, 0, 8]},
			"faces": {
				"north": {"uv": [7, 8, 6, 11], "texture": "#0"},
				"east": {"uv": [6, 8, 7, 11], "texture": "#0"},
				"south": {"uv": [6, 8, 7, 11], "texture": "#0"},
				"west": {"uv": [6, 8, 7, 11], "texture": "#0"},
				"up": {"uv": [6, 8, 7, 9], "texture": "#0"},
				"down": {"uv": [6, 10, 7, 11], "texture": "#0"}
			}
		},
		{
			"name": "mace_11",
			"from": [5, 4, 8],
			"to": [6, 7, 9],
			"rotation": {"angle": 0, "axis": "y", "origin": [0, 0, 8]},
			"faces": {
				"north": {"uv": [6, 9, 5, 12], "texture": "#0"},
				"east": {"uv": [5, 9, 6, 12], "texture": "#0"},
				"south": {"uv": [5, 9, 6, 12], "texture": "#0"},
				"west": {"uv": [5, 9, 6, 12], "texture": "#0"},
				"up": {"uv": [5, 9, 6, 10], "texture": "#0"},
				"down": {"uv": [5, 11, 6, 12], "texture": "#0"}
			}
		},
		{
			"name": "mace_12",
			"from": [4, 3, 8],
			"to": [5, 6, 9],
			"rotation": {"angle": 0, "axis": "y", "origin": [0, 0, 8]},
			"faces": {
				"north": {"uv": [5, 10, 4, 13], "texture": "#0"},
				"east": {"uv": [4, 10, 5, 13], "texture": "#0"},
				"south": {"uv": [4, 10, 5, 13], "texture": "#0"},
				"west": {"uv": [4, 10, 5, 13], "texture": "#0"},
				"up": {"uv": [4, 10, 5, 11], "texture": "#0"},
				"down": {"uv": [4, 12, 5, 13], "texture": "#0"}
			}
		},
		{
			"name": "mace_13",
			"from": [3, 2, 8],
			"to": [4, 5, 9],
			"rotation": {"angle": 0, "axis": "y", "origin": [0, 0, 8]},
			"faces": {
				"north": {"uv": [4, 11, 3, 14], "texture": "#0"},
				"east": {"uv": [3, 11, 4, 14], "texture": "#0"},
				"south": {"uv": [3, 11, 4, 14], "texture": "#0"},
				"west": {"uv": [3, 11, 4, 14], "texture": "#0"},
				"up": {"uv": [3, 11, 4, 12], "texture": "#0"},
				"down": {"uv": [3, 13, 4, 14], "texture": "#0"}
			}
		},
		{
			"name": "mace_14",
			"from": [2, 1, 8],
			"to": [3, 4, 9],
			"rotation": {"angle": 0, "axis": "y", "origin": [0, 0, 8]},
			"faces": {
				"north": {"uv": [3, 12, 2, 15], "texture": "#0"},
				"east": {"uv": [2, 12, 3, 15], "texture": "#0"},
				"south": {"uv": [2, 12, 3, 15], "texture": "#0"},
				"west": {"uv": [2, 12, 3, 15], "texture": "#0"},
				"up": {"uv": [2, 12, 3, 13], "texture": "#0"},
				"down": {"uv": [2, 14, 3, 15], "texture": "#0"}
			}
		},
		{
			"name": "mace_15",
			"from": [1, 0, 8],
			"to": [2, 3, 9],
			"rotation": {"angle": 0, "axis": "y", "origin": [0, 0, 8]},
			"faces": {
				"north": {"uv": [2, 13, 1, 16], "texture": "#0"},
				"east": {"uv": [1, 13, 2, 16], "texture": "#0"},
				"south": {"uv": [1, 13, 2, 16], "texture": "#0"},
				"west": {"uv": [1, 13, 2, 16], "texture": "#0"},
				"up": {"uv": [1, 13, 2, 14], "texture": "#0"},
				"down": {"uv": [1, 15, 2, 16], "texture": "#0"}
			}
		},
		{
			"name": "mace_16",
			"from": [0, 0, 8],
			"to": [1, 2, 9],
			"rotation": {"angle": 0, "axis": "y", "origin": [0, 0, 8]},
			"faces": {
				"north": {"uv": [1, 14, 0, 16], "texture": "#0"},
				"east": {"uv": [0, 14, 1, 16], "texture": "#0"},
				"south": {"uv": [0, 14, 1, 16], "texture": "#0"},
				"west": {"uv": [0, 14, 1, 16], "texture": "#0"},
				"up": {"uv": [0, 14, 1, 15], "texture": "#0"},
				"down": {"uv": [0, 15, 1, 16], "texture": "#0"}
			}
		},
		{
			"from": [7, 0.9, 8.5],
			"to": [23, 16.9, 8.5],
			"rotation": {"angle": 0, "axis": "z", "origin": [15, 8.9, 8.5]},
			"faces": {
				"north": {"uv": [16, 0, 0, 16], "rotation": 90, "texture": "#1"},
				"east": {"uv": [0, 0, 0, 16], "texture": "#1"},
				"south": {"uv": [0, 0, 16, 16], "rotation": 270, "texture": "#1"},
				"west": {"uv": [0, 0, 0, 16], "texture": "#1"},
				"up": {"uv": [0, 0, 16, 0], "texture": "#1"},
				"down": {"uv": [0, 0, 16, 0], "texture": "#1"}
			}
		}
	],
	"gui_light": "front",
	"display": {
		"thirdperson_righthand": {
			"rotation": [-47.25, -90, 0],
			"translation": [0, 5, 1]
		},
		"thirdperson_lefthand": {
			"rotation": [-50, 90, 0],
			"translation": [0, 5.25, 1]
		},
		"firstperson_righthand": {
			"rotation": [0, -90, 25],
			"translation": [0, 3, 0.8],
			"scale": [0.9, 0.9, 0.9]
		},
		"firstperson_lefthand": {
			"rotation": [0, 90, -25],
			"translation": [0, 3, 0.8],
			"scale": [0.9, 0.9, 0.9]
		},
		"ground": {
			"translation": [0, 1, 0],
			"scale": [0.5, 0.5, 0.5]
		}
	},
	"groups": [
		{
			"name": "mace",
			"origin": [8, 8, 8],
			"color": 0,
			"children": [0, 1, 2, 3, 4, 5, 6, 7, 8, 9, 10, 11, 12, 13, 14, 15, 16]
		},
		17
	]
}