{
	"credit": "Made with Blockbench",
	"textures": {
		"2": "lunareclipse.cosmetics:item/tools/midnight/flame",
		"3": "lunareclipse.cosmetics:item/tools/midnight/shovel",
		"particle": "lunareclipse.cosmetics:item/tools/midnight/pickaxe"
	},
	"elements": [
		{
			"from": [1, 5, 7.5],
			"to": [17, 21, 7.5],
			"rotation": {"angle": 0, "axis": "z", "origin": [1, 1, 0]},
			"faces": {
				"north": {"uv": [0, 0, 16, 16], "rotation": 180, "texture": "#2"},
				"east": {"uv": [0, 0, 0, 16], "texture": "#missing"},
				"south": {"uv": [0, 16, 16, 0], "texture": "#2"},
				"west": {"uv": [0, 0, 0, 16], "texture": "#missing"},
				"up": {"uv": [0, 0, 16, 0], "texture": "#missing"},
				"down": {"uv": [0, 0, 16, 0], "texture": "#missing"}
			}
		},
		{
			"from": [5, 5, 7.5],
			"to": [21, 21, 7.5],
			"rotation": {"angle": 0, "axis": "z", "origin": [1, 17, 0]},
			"faces": {
				"north": {"uv": [0, 0, 16, 16], "rotation": 90, "texture": "#2"},
				"east": {"uv": [0, 16, 0, 0], "texture": "#missing"},
				"south": {"uv": [16, 0, 0, 16], "rotation": 270, "texture": "#2"},
				"west": {"uv": [0, 16, 0, 0], "texture": "#missing"},
				"up": {"uv": [0, 0, 16, 0], "texture": "#missing"},
				"down": {"uv": [0, 0, 16, 0], "texture": "#missing"}
			}
		},
		{
			"name": "shovel_0",
			"from": [10, 9, 7],
			"to": [13, 14, 8],
			"faces": {
				"north": {"uv": [11, 7, 14, 2], "rotation": 180, "texture": "#3"},
				"east": {"uv": [13, 2, 14, 7], "texture": "#3"},
				"south": {"uv": [11, 2, 14, 7], "texture": "#3"},
				"west": {"uv": [11, 2, 12, 7], "texture": "#3"},
				"up": {"uv": [14, 2, 11, 3], "rotation": 180, "texture": "#3"},
				"down": {"uv": [11, 6, 14, 7], "texture": "#3"}
			}
		},
		{
			"name": "shovel_1",
			"from": [9, 8, 7],
			"to": [10, 13, 8],
			"faces": {
				"north": {"uv": [10, 8, 11, 3], "rotation": 180, "texture": "#3"},
				"east": {"uv": [10, 3, 11, 8], "texture": "#3"},
				"south": {"uv": [10, 3, 11, 8], "texture": "#3"},
				"west": {"uv": [10, 3, 11, 8], "texture": "#3"},
				"up": {"uv": [11, 3, 10, 4], "rotation": 180, "texture": "#3"},
				"down": {"uv": [10, 7, 11, 8], "texture": "#3"}
			}
		},
		{
			"name": "shovel_2",
			"from": [13, 10, 7],
			"to": [14, 13, 8],
			"faces": {
				"north": {"uv": [14, 6, 15, 3], "rotation": 180, "texture": "#3"},
				"east": {"uv": [14, 3, 15, 6], "texture": "#3"},
				"south": {"uv": [14, 3, 15, 6], "texture": "#3"},
				"west": {"uv": [14, 3, 15, 6], "texture": "#3"},
				"up": {"uv": [15, 3, 14, 4], "rotation": 180, "texture": "#3"},
				"down": {"uv": [14, 5, 15, 6], "texture": "#3"}
			}
		},
		{
			"name": "shovel_3",
			"from": [8, 7, 7],
			"to": [9, 12, 8],
			"faces": {
				"north": {"uv": [9, 9, 10, 4], "rotation": 180, "texture": "#3"},
				"east": {"uv": [9, 4, 10, 9], "texture": "#3"},
				"south": {"uv": [9, 4, 10, 9], "texture": "#3"},
				"west": {"uv": [9, 4, 10, 9], "texture": "#3"},
				"up": {"uv": [10, 4, 9, 5], "rotation": 180, "texture": "#3"},
				"down": {"uv": [9, 8, 10, 9], "texture": "#3"}
			}
		},
		{
			"name": "shovel_4",
			"from": [7, 10, 7],
			"to": [8, 11, 8],
			"faces": {
				"north": {"uv": [8, 6, 9, 5], "rotation": 180, "texture": "#3"},
				"east": {"uv": [8, 5, 9, 6], "texture": "#3"},
				"south": {"uv": [8, 5, 9, 6], "texture": "#3"},
				"west": {"uv": [8, 5, 9, 6], "texture": "#3"},
				"up": {"uv": [9, 5, 8, 6], "rotation": 180, "texture": "#3"},
				"down": {"uv": [8, 5, 9, 6], "texture": "#3"}
			}
		},
		{
			"name": "shovel_5",
			"from": [7, 6, 7],
			"to": [8, 9, 8],
			"faces": {
				"north": {"uv": [8, 10, 9, 7], "rotation": 180, "texture": "#3"},
				"east": {"uv": [8, 7, 9, 10], "texture": "#3"},
				"south": {"uv": [8, 7, 9, 10], "texture": "#3"},
				"west": {"uv": [8, 7, 9, 10], "texture": "#3"},
				"up": {"uv": [9, 7, 8, 8], "rotation": 180, "texture": "#3"},
				"down": {"uv": [8, 9, 9, 10], "texture": "#3"}
			}
		},
		{
			"name": "shovel_6",
			"from": [10, 8, 7],
			"to": [12, 9, 8],
			"faces": {
				"north": {"uv": [11, 8, 13, 7], "rotation": 180, "texture": "#3"},
				"east": {"uv": [12, 7, 13, 8], "texture": "#3"},
				"south": {"uv": [11, 7, 13, 8], "texture": "#3"},
				"west": {"uv": [11, 7, 12, 8], "texture": "#3"},
				"up": {"uv": [13, 7, 11, 8], "rotation": 180, "texture": "#3"},
				"down": {"uv": [11, 7, 13, 8], "texture": "#3"}
			}
		},
		{
			"name": "shovel_7",
			"from": [6, 5, 7],
			"to": [7, 8, 8],
			"faces": {
				"north": {"uv": [7, 11, 8, 8], "rotation": 180, "texture": "#3"},
				"east": {"uv": [7, 8, 8, 11], "texture": "#3"},
				"south": {"uv": [7, 8, 8, 11], "texture": "#3"},
				"west": {"uv": [7, 8, 8, 11], "texture": "#3"},
				"up": {"uv": [8, 8, 7, 9], "rotation": 180, "texture": "#3"},
				"down": {"uv": [7, 10, 8, 11], "texture": "#3"}
			}
		},
		{
			"name": "shovel_8",
			"from": [10, 7, 7],
			"to": [11, 8, 8],
			"faces": {
				"north": {"uv": [11, 9, 12, 8], "rotation": 180, "texture": "#3"},
				"east": {"uv": [11, 8, 12, 9], "texture": "#3"},
				"south": {"uv": [11, 8, 12, 9], "texture": "#3"},
				"west": {"uv": [11, 8, 12, 9], "texture": "#3"},
				"up": {"uv": [12, 8, 11, 9], "rotation": 180, "texture": "#3"},
				"down": {"uv": [11, 8, 12, 9], "texture": "#3"}
			}
		},
		{
			"name": "shovel_9",
			"from": [5, 4, 7],
			"to": [6, 7, 8],
			"faces": {
				"north": {"uv": [6, 12, 7, 9], "rotation": 180, "texture": "#3"},
				"east": {"uv": [6, 9, 7, 12], "texture": "#3"},
				"south": {"uv": [6, 9, 7, 12], "texture": "#3"},
				"west": {"uv": [6, 9, 7, 12], "texture": "#3"},
				"up": {"uv": [7, 9, 6, 10], "rotation": 180, "texture": "#3"},
				"down": {"uv": [6, 11, 7, 12], "texture": "#3"}
			}
		},
		{
			"name": "shovel_10",
			"from": [4, 3, 7],
			"to": [5, 6, 8],
			"faces": {
				"north": {"uv": [5, 13, 6, 10], "rotation": 180, "texture": "#3"},
				"east": {"uv": [5, 10, 6, 13], "texture": "#3"},
				"south": {"uv": [5, 10, 6, 13], "texture": "#3"},
				"west": {"uv": [5, 10, 6, 13], "texture": "#3"},
				"up": {"uv": [6, 10, 5, 11], "rotation": 180, "texture": "#3"},
				"down": {"uv": [5, 12, 6, 13], "texture": "#3"}
			}
		},
		{
			"name": "shovel_11",
			"from": [3, 1, 7],
			"to": [4, 5, 8],
			"faces": {
				"north": {"uv": [4, 15, 5, 11], "rotation": 180, "texture": "#3"},
				"east": {"uv": [4, 11, 5, 15], "texture": "#3"},
				"south": {"uv": [4, 11, 5, 15], "texture": "#3"},
				"west": {"uv": [4, 11, 5, 15], "texture": "#3"},
				"up": {"uv": [5, 11, 4, 12], "rotation": 180, "texture": "#3"},
				"down": {"uv": [4, 14, 5, 15], "texture": "#3"}
			}
		},
		{
			"name": "shovel_12",
			"from": [1, 1, 7],
			"to": [3, 4, 8],
			"faces": {
				"north": {"uv": [2, 15, 4, 12], "rotation": 180, "texture": "#3"},
				"east": {"uv": [3, 12, 4, 15], "texture": "#3"},
				"south": {"uv": [2, 12, 4, 15], "texture": "#3"},
				"west": {"uv": [2, 12, 3, 15], "texture": "#3"},
				"up": {"uv": [4, 12, 2, 13], "rotation": 180, "texture": "#3"},
				"down": {"uv": [2, 14, 4, 15], "texture": "#3"}
			}
		}
	],
	"gui_light": "front",
	"display": {
		"thirdperson_righthand": {
			"rotation": [0, -90, 55],
			"translation": [0, 4, 0.5],
			"scale": [0.85, 0.85, 0.85]
		},
		"thirdperson_lefthand": {
			"rotation": [0, 90, -55],
			"translation": [0, 4, 0.5],
			"scale": [0.85, 0.85, 0.85]
		},
		"firstperson_righthand": {
			"rotation": [0, -90, 25],
			"translation": [1.13, 3.2, 1.13],
			"scale": [0.68, 0.68, 0.68]
		},
		"firstperson_lefthand": {
			"rotation": [0, 90, -25],
			"translation": [1.13, 3.2, 1.13],
			"scale": [0.68, 0.68, 0.68]
		},
		"ground": {
			"translation": [0, 2, 0],
			"scale": [0.5, 0.5, 0.5]
		}
	},
	"groups": [
		0,
		1,
		{
			"name": "shovel",
			"origin": [8, 8, 8],
			"color": 0,
			"children": [2, 3, 4, 5, 6, 7, 8, 9, 10, 11, 12, 13, 14]
		}
	]
}