{
	"credit": "Made by Bret06 using Blockbench",
	"texture_size": [32, 32],
	"textures": {
		"0": "lunareclipse.cosmetics:item/hats/samurai",
		"particle": "lunareclipse.cosmetics:item/hats/samurai"
	},
	"elements": [
		{
			"from": [3.5, 5, 3.5],
			"to": [12.5, 9, 12.5],
			"faces": {
				"north": {"uv": [9, 9, 13.5, 11], "texture": "#0"},
				"east": {"uv": [9, 10.5, 4.5, 12.5], "texture": "#0"},
				"south": {"uv": [9, 9, 13.5, 11], "texture": "#0"},
				"west": {"uv": [4.5, 10.5, 9, 12.5], "texture": "#0"},
				"up": {"uv": [4.5, 4.5, 0, 0], "texture": "#0"},
				"down": {"uv": [4.5, 4.5, 0, 9], "texture": "#0"}
			}
		},
		{
			"from": [3.5, 5, 3.4],
			"to": [12.5, 13, 3.4],
			"faces": {
				"north": {"uv": [4.5, 0, 9, 4], "texture": "#0"},
				"south": {"uv": [4.5, 0, 9, 4], "texture": "#0"}
			}
		},
		{
			"from": [3.5, 1, 12.5],
			"to": [12.5, 5, 12.5],
			"rotation": {"angle": -22.5, "axis": "x", "origin": [8, 5, 12.5]},
			"faces": {
				"north": {"uv": [0, 11.5, 4.5, 13.5], "texture": "#0"},
				"east": {"uv": [0, 0, 0, 2], "texture": "#0"},
				"south": {"uv": [0, 11.5, 4.5, 13.5], "texture": "#0"},
				"west": {"uv": [0, 0, 0, 2], "texture": "#0"},
				"up": {"uv": [4.5, 0, 0, 0], "texture": "#0"},
				"down": {"uv": [4.5, 0, 0, 0], "texture": "#0"}
			}
		},
		{
			"from": [12.5, 0, 3.5],
			"to": [12.5, 5, 12.5],
			"rotation": {"angle": 22.5, "axis": "z", "origin": [12.5, 5, 8]},
			"faces": {
				"north": {"uv": [0, 0, 0, 2.5], "texture": "#0"},
				"east": {"uv": [4.5, 8, 9, 10.5], "texture": "#0"},
				"south": {"uv": [0, 0, 0, 2.5], "texture": "#0"},
				"west": {"uv": [9, 8, 4.5, 10.5], "texture": "#0"},
				"up": {"uv": [0, 4.5, 0, 0], "texture": "#0"},
				"down": {"uv": [0, 0, 0, 4.5], "texture": "#0"}
			}
		},
		{
			"from": [3.5, 0, 3.5],
			"to": [3.5, 5, 12.5],
			"rotation": {"angle": -22.5, "axis": "z", "origin": [3.5, 5, 8]},
			"faces": {
				"north": {"uv": [0, 0, 0, 2.5], "texture": "#0"},
				"east": {"uv": [4.5, 8, 9, 10.5], "texture": "#0"},
				"south": {"uv": [0, 0, 0, 2.5], "texture": "#0"},
				"west": {"uv": [9, 8, 4.5, 10.5], "texture": "#0"},
				"up": {"uv": [0, 4.5, 0, 0], "texture": "#0"},
				"down": {"uv": [0, 0, 0, 4.5], "texture": "#0"}
			}
		}
	],
	"display": {
		"thirdperson_righthand": {
			"translation": [0, 3.5, 0],
			"scale": [0.65, 0.65, 0.65]
		},
		"thirdperson_lefthand": {
			"translation": [0, 3.5, 0],
			"scale": [0.65, 0.65, 0.65]
		},
		"firstperson_righthand": {
			"rotation": [0, 20.75, 0],
			"translation": [4, 5.5, 0],
			"scale": [0.8, 0.8, 0.8]
		},
		"firstperson_lefthand": {
			"rotation": [0, 20.75, 0],
			"translation": [4, 5.5, 0],
			"scale": [0.8, 0.8, 0.8]
		},
		"ground": {
			"translation": [0, 5, 0],
			"scale": [0.7, 0.7, 0.7]
		},
		"gui": {
			"rotation": [30, 135, 0],
			"translation": [0, 2.25, 0],
			"scale": [0.9, 0.9, 0.9]
		},
		"head": {
			"translation": [0, 6, 0],
			"scale": [1.65, 1.65, 1.65]
		},
		"fixed": {
			"translation": [0, 3.25, 0]
		}
	}
}