{
	"credit": "Made by Bret06 using Blockbench",
	"texture_size": [64, 64],
	"textures": {
		"0": "lunareclipse.ftfsmp:item/bret_villager_head",
		"particle": "lunareclipse.ftfsmp:item/bret_villager_head"
	},
	"elements": [
		{
			"name": "head",
			"from": [4, 0, 4],
			"to": [12, 10, 12],
			"rotation": {"angle": 0, "axis": "y", "origin": [8, -22, 8]},
			"faces": {
				"north": {"uv": [2, 2, 4, 4.5], "texture": "#0"},
				"east": {"uv": [0, 2, 2, 4.5], "texture": "#0"},
				"south": {"uv": [6, 2, 8, 4.5], "texture": "#0"},
				"west": {"uv": [4, 2, 6, 4.5], "texture": "#0"},
				"up": {"uv": [4, 2, 2, 0], "texture": "#0"},
				"down": {"uv": [6, 0, 4, 2], "texture": "#0"}
			}
		},
		{
			"name": "head",
			"from": [3.5, -0.5, 3.5],
			"to": [12.5, 10.5, 12.5],
			"rotation": {"angle": 0, "axis": "y", "origin": [8, -22, 8]},
			"faces": {
				"north": {"uv": [2, 6.5, 4, 9], "texture": "#0"},
				"east": {"uv": [0, 6.5, 2, 9], "texture": "#0"},
				"south": {"uv": [6, 6.5, 8, 9], "texture": "#0"},
				"west": {"uv": [4, 6.5, 6, 9], "texture": "#0"},
				"up": {"uv": [4, 6.5, 2, 4.5], "texture": "#0"},
				"down": {"uv": [6, 4.5, 4, 6.5], "texture": "#0"}
			}
		},
		{
			"name": "head inverted",
			"from": [12.5, 10.5, 12.5],
			"to": [3.5, -0.5, 3.5],
			"rotation": {"angle": 0, "axis": "y", "origin": [8, -22, 8]},
			"faces": {
				"north": {"uv": [6, 9, 8, 6.5], "texture": "#0"},
				"east": {"uv": [4, 9, 6, 6.5], "texture": "#0"},
				"south": {"uv": [2, 9, 4, 6.5], "texture": "#0"},
				"west": {"uv": [0, 9, 2, 6.5], "texture": "#0"},
				"up": {"uv": [4, 4.5, 6, 6.5], "texture": "#0"},
				"down": {"uv": [2, 6.5, 4, 4.5], "texture": "#0"}
			}
		}
	],
	"display": {
		"head": {
			"translation": [0, 3.45, 0],
			"scale": [1.61, 1.61, 1.61]
		}
	},
	"groups": [
		{
			"name": "head",
			"origin": [0, 24, 0],
			"color": 0,
			"children": [0, 1, 2]
		}
	]
}