{
	"credit": "Made by Bret06 using Blockbench",
	"textures": {
		"0": "lunareclipse.ftfsmp:item/limbo_rift",
		"particle": "lunareclipse.ftfsmp:item/limbo_rift"
	},
	"elements": [
		{
			"from": [-7, 0, 8],
			"to": [25, 32, 8],
			"rotation": {"angle": 0, "axis": "y", "origin": [9, 16, 8]},
			"faces": {
				"north": {"uv": [0, 0, 16, 16], "texture": "#0"},
				"east": {"uv": [0, 0, 0, 16], "texture": "#missing"},
				"south": {"uv": [0, 0, 16, 16], "texture": "#0"},
				"west": {"uv": [0, 0, 0, 16], "texture": "#missing"},
				"up": {"uv": [0, 0, 16, 0], "texture": "#missing"},
				"down": {"uv": [0, 0, 16, 0], "texture": "#missing"}
			}
		}
	],
	"display": {}
}