{
	"credit": "Made by Bret06 using Blockbench",
	"texture_size": [1000, 320],
	"textures": {
		"0": "lunareclipse.ftfsmp:item/smp"
	},
	"elements": [
		{
			"from": [10.4, 0.2, 6.9],
			"to": [13.2, 4.2, 9.1],
			"rotation": {"angle": 0, "axis": "y", "origin": [8, 0, 8]},
			"faces": {
				"north": {"uv": [9.28, 1.1, 9.728, 3.1], "texture": "#0"},
				"south": {"uv": [9.728, 1.1, 9.28, 3.1], "texture": "#0"},
				"up": {"uv": [9.728, 1.1, 9.28, 0], "texture": "#0"},
				"down": {"uv": [9.728, 4.2, 9.28, 3.1], "texture": "#0"}
			}
		},
		{
			"from": [11.8, 1.2, 6.7],
			"to": [13.4, 1.6, 9.3],
			"rotation": {"angle": 0, "axis": "y", "origin": [8, 0, 8]},
			"faces": {
				"west": {"uv": [0, 13.3, 0.016, 13.35], "texture": "#0"},
				"up": {"uv": [0, 13.3, 0.016, 13.35], "texture": "#0"},
				"down": {"uv": [0, 13.3, 0.016, 13.35], "texture": "#0"}
			}
		},
		{
			"from": [10.2, 2.8, 6.7],
			"to": [11.8, 3.2, 9.3],
			"rotation": {"angle": 0, "axis": "y", "origin": [8, 0, 8]},
			"faces": {
				"east": {"uv": [0, 13.3, 0.016, 13.35], "texture": "#0"},
				"up": {"uv": [0, 13.3, 0.016, 13.35], "texture": "#0"},
				"down": {"uv": [0, 13.3, 0.016, 13.35], "texture": "#0"}
			}
		},
		{
			"from": [13.4, 4.4, 9.3],
			"to": [10.2, 0, 6.7],
			"rotation": {"angle": 0, "axis": "y", "origin": [8, 0, 8]},
			"faces": {
				"north": {"uv": [0, 13.85, 0.032, 14.4], "texture": "#0"},
				"east": {"uv": [0, 13.85, 0.016, 14.4], "texture": "#0"},
				"south": {"uv": [0.032, 13.85, 0, 14.4], "texture": "#0"},
				"west": {"uv": [0.016, 13.85, 0.032, 14.4], "texture": "#0"},
				"up": {"uv": [0, 13.3, 0.016, 13.35], "texture": "#0"},
				"down": {"uv": [0, 13.3, 0.016, 13.35], "texture": "#0"}
			}
		},
		{
			"from": [6, 0.2, 6.9],
			"to": [10, 4.2, 9.1],
			"rotation": {"angle": 0, "axis": "y", "origin": [8, 0, 8]},
			"faces": {
				"north": {"uv": [5.92, 1.1, 6.56, 3.1], "texture": "#0"},
				"east": {"uv": [0.032, 13.4, 0.048, 13.3], "texture": "#0"},
				"south": {"uv": [6.56, 1.1, 5.92, 3.1], "texture": "#0"},
				"west": {"uv": [0.032, 13.4, 0.048, 13.3], "texture": "#0"},
				"up": {"uv": [6.56, 1.1, 5.92, 0], "texture": "#0"},
				"down": {"uv": [6.56, 4.2, 5.92, 3.1], "texture": "#0"}
			}
		},
		{
			"from": [7.6, 1, 6.9],
			"to": [8.4, 1, 9.1],
			"rotation": {"angle": 0, "axis": "y", "origin": [8, 0, 8]},
			"faces": {
				"down": {"uv": [6.72, 4.2, 6.592, 3.1], "texture": "#0"}
			}
		},
		{
			"from": [7.4, 3.6, 6.7],
			"to": [8.6, 4.4, 9.3],
			"rotation": {"angle": 0, "axis": "y", "origin": [8, 0, 8]},
			"faces": {
				"east": {"uv": [0, 13.3, 0.016, 13.35], "texture": "#0"},
				"west": {"uv": [0, 13.3, 0.016, 13.35], "texture": "#0"},
				"down": {"uv": [0.016, 13.35, 0.064, 13.4], "texture": "#0"}
			}
		},
		{
			"from": [7.8, 2.8, 6.7],
			"to": [8.2, 3.6, 9.3],
			"rotation": {"angle": 0, "axis": "y", "origin": [8, 0, 8]},
			"faces": {
				"east": {"uv": [0, 13.3, 0.016, 13.35], "texture": "#0"},
				"west": {"uv": [0, 13.3, 0.016, 13.35], "texture": "#0"},
				"down": {"uv": [0, 13.3, 0.016, 13.35], "texture": "#0"}
			}
		},
		{
			"from": [7.4, 0, 6.7],
			"to": [8.6, 0.8, 9.3],
			"rotation": {"angle": 0, "axis": "y", "origin": [8, 0, 8]},
			"faces": {
				"east": {"uv": [0, 13.3, 0.016, 13.35], "texture": "#0"},
				"west": {"uv": [0, 13.3, 0.016, 13.35], "texture": "#0"},
				"up": {"uv": [0, 13.3, 0.016, 13.35], "texture": "#0"}
			}
		},
		{
			"from": [10.2, 4.4, 9.3],
			"to": [5.8, 0, 6.7],
			"rotation": {"angle": 0, "axis": "y", "origin": [8, 0, 8]},
			"faces": {
				"north": {"uv": [0.192, 13.85, 0.368, 13.3], "texture": "#0"},
				"east": {"uv": [0, 13.3, 0.016, 13.35], "texture": "#0"},
				"south": {"uv": [0.192, 13.85, 0.368, 13.3], "texture": "#0"},
				"west": {"uv": [0, 13.3, 0.016, 13.35], "texture": "#0"},
				"up": {"uv": [0.192, 13.3, 0.368, 13.35], "texture": "#0"},
				"down": {"uv": [0.192, 13.3, 0.368, 13.35], "texture": "#0"}
			}
		},
		{
			"from": [2.8, 0.2, 6.9],
			"to": [5.6, 4.2, 9.1],
			"rotation": {"angle": 0, "axis": "y", "origin": [8, 0, 8]},
			"faces": {
				"north": {"uv": [7.776, 1.1, 8.224, 3.1], "texture": "#0"},
				"south": {"uv": [8.224, 1.1, 7.776, 3.1], "texture": "#0"},
				"up": {"uv": [8.224, 1.1, 7.776, 0], "texture": "#0"},
				"down": {"uv": [8.224, 4.2, 7.776, 3.1], "texture": "#0"}
			}
		},
		{
			"from": [2.6, 0, 6.7],
			"to": [4.2, 1.6, 9.3],
			"rotation": {"angle": 0, "axis": "y", "origin": [8, 0, 8]},
			"faces": {
				"east": {"uv": [0, 13.3, 0.016, 13.35], "texture": "#0"},
				"up": {"uv": [0, 13.3, 0.016, 13.35], "texture": "#0"}
			}
		},
		{
			"from": [5.8, 4.4, 9.3],
			"to": [2.6, 0, 6.7],
			"rotation": {"angle": 0, "axis": "y", "origin": [8, 0, 8]},
			"faces": {
				"north": {"uv": [0.288, 14.4, 0.32, 13.85], "texture": "#0"},
				"east": {"uv": [0.288, 14.4, 0.304, 13.85], "texture": "#0"},
				"south": {"uv": [0.32, 14.4, 0.288, 13.85], "texture": "#0"},
				"west": {"uv": [0, 13.3, 0.016, 13.35], "texture": "#0"},
				"up": {"uv": [0.016, 13.35, 0.048, 13.4], "texture": "#0"},
				"down": {"uv": [0, 13.3, 0.016, 13.35], "texture": "#0"}
			}
		}
	],
	"gui_light": "front",
	"display": {
		"thirdperson_righthand": {
			"translation": [0, 7, 0]
		},
		"thirdperson_lefthand": {
			"translation": [0, 7, 0]
		},
		"firstperson_righthand": {
			"rotation": [180, 28, 180],
			"translation": [-2.5, 9.75, 0]
		},
		"firstperson_lefthand": {
			"rotation": [180, 28, 180],
			"translation": [-2.5, 9.75, 0]
		},
		"ground": {
			"translation": [0, 6.5, 0]
		},
		"gui": {
			"rotation": [-13, 147, 0],
			"translation": [0, 10.25, 0],
			"scale": [1.75, 1.75, 1.75]
		},
		"head": {
			"translation": [0, 23.25, 0],
			"scale": [2, 2, 2]
		},
		"fixed": {
			"translation": [0, 13.25, -2],
			"scale": [2, 2, 2]
		}
	},
	"groups": [
		{
			"name": "smp",
			"origin": [8, 0, 8],
			"color": 0,
			"children": [
				{
					"name": "s",
					"origin": [8, 0, 8],
					"color": 0,
					"children": [0, 1, 2, 3]
				},
				{
					"name": "m",
					"origin": [8, 0, 8],
					"color": 0,
					"children": [4, 5, 6, 7, 8, 9]
				},
				{
					"name": "p",
					"origin": [8, 0, 8],
					"color": 0,
					"children": [10, 11, 12]
				}
			]
		}
	]
}