{
	"credit": "Made by Bret06 using Blockbench",
	"texture_size": [64, 64],
	"textures": {
		"0": "lunareclipse.cosmetics:item/hats/mr_boots",
		"particle": "lunareclipse.cosmetics:item/hats/mr_boots"
	},
	"elements": [
		{
			"name": "headwear",
			"from": [4.75, 8.75, 5.75],
			"to": [11.25, 15.25, 12.25],
			"rotation": {"angle": 0, "axis": "y", "origin": [8, 9, 9]},
			"faces": {
				"north": {"uv": [1.5, 1.5, 3, 3], "texture": "#0"},
				"east": {"uv": [0, 1.5, 1.5, 3], "texture": "#0"},
				"south": {"uv": [4.5, 1.5, 6, 3], "texture": "#0"},
				"west": {"uv": [3, 1.5, 4.5, 3], "texture": "#0"},
				"up": {"uv": [3, 1.5, 1.5, 0], "texture": "#0"},
				"down": {"uv": [4.5, 0, 3, 1.5], "texture": "#0"}
			}
		},
		{
			"name": "head",
			"from": [5, 9, 6],
			"to": [11, 15, 12],
			"rotation": {"angle": 0, "axis": "y", "origin": [8, 9, 9]},
			"faces": {
				"north": {"uv": [1.5, 4.5, 3, 6], "texture": "#0"},
				"east": {"uv": [0, 4.5, 1.5, 6], "texture": "#0"},
				"south": {"uv": [4.5, 4.5, 6, 6], "texture": "#0"},
				"west": {"uv": [3, 4.5, 4.5, 6], "texture": "#0"},
				"up": {"uv": [3, 4.5, 1.5, 3], "texture": "#0"},
				"down": {"uv": [4.5, 3, 3, 4.5], "texture": "#0"}
			}
		},
		{
			"name": "jacket",
			"from": [5.75, 3.75, 7.75],
			"to": [10.25, 9.25, 10.25],
			"rotation": {"angle": 0, "axis": "y", "origin": [9, -6, 10]},
			"faces": {
				"north": {"uv": [0.5, 6.5, 1.5, 7.75], "texture": "#0"},
				"east": {"uv": [0, 6.5, 0.5, 7.75], "texture": "#0"},
				"south": {"uv": [2, 6.5, 3, 7.75], "texture": "#0"},
				"west": {"uv": [1.5, 6.5, 2, 7.75], "texture": "#0"},
				"up": {"uv": [1.5, 6.5, 0.5, 6], "texture": "#0"},
				"down": {"uv": [2.5, 6, 1.5, 6.5], "texture": "#0"}
			}
		},
		{
			"name": "body",
			"from": [6, 4, 8],
			"to": [10, 9, 10],
			"rotation": {"angle": 0, "axis": "y", "origin": [9, -6, 10]},
			"faces": {
				"north": {"uv": [6.5, 0.5, 7.5, 1.75], "texture": "#0"},
				"east": {"uv": [6, 0.5, 6.5, 1.75], "texture": "#0"},
				"south": {"uv": [8, 0.5, 9, 1.75], "texture": "#0"},
				"west": {"uv": [7.5, 0.5, 8, 1.75], "texture": "#0"},
				"up": {"uv": [7.5, 0.5, 6.5, 0], "texture": "#0"},
				"down": {"uv": [8.5, 0, 7.5, 0.5], "texture": "#0"}
			}
		},
		{
			"name": "right_sleeve",
			"from": [9.875, 3.875, 7.875],
			"to": [12.125, 9.125, 10.125],
			"rotation": {"angle": 22.5, "axis": "z", "origin": [10, 8, 9]},
			"faces": {
				"north": {"uv": [6.5, 2.25, 7, 3.5], "texture": "#0"},
				"east": {"uv": [6, 2.25, 6.5, 3.5], "texture": "#0"},
				"south": {"uv": [7.5, 2.25, 8, 3.5], "texture": "#0"},
				"west": {"uv": [7, 2.25, 7.5, 3.5], "texture": "#0"},
				"up": {"uv": [7, 2.25, 6.5, 1.75], "texture": "#0"},
				"down": {"uv": [7.5, 1.75, 7, 2.25], "texture": "#0"}
			}
		},
		{
			"name": "right_arm",
			"from": [10, 4, 8],
			"to": [12, 9, 10],
			"rotation": {"angle": 22.5, "axis": "z", "origin": [10, 8, 9]},
			"faces": {
				"north": {"uv": [3.5, 6.5, 4, 7.75], "texture": "#0"},
				"east": {"uv": [3, 6.5, 3.5, 7.75], "texture": "#0"},
				"south": {"uv": [4.5, 6.5, 5, 7.75], "texture": "#0"},
				"west": {"uv": [4, 6.5, 4.5, 7.75], "texture": "#0"},
				"up": {"uv": [4, 6.5, 3.5, 6], "texture": "#0"},
				"down": {"uv": [4.5, 6, 4, 6.5], "texture": "#0"}
			}
		},
		{
			"name": "left_sleeve",
			"from": [3.875, 3.875, 7.875],
			"to": [6.125, 9.125, 10.125],
			"rotation": {"angle": -22.5, "axis": "z", "origin": [6, 8, 9]},
			"faces": {
				"north": {"uv": [6.5, 4, 7, 5.25], "texture": "#0"},
				"east": {"uv": [6, 4, 6.5, 5.25], "texture": "#0"},
				"south": {"uv": [7.5, 4, 8, 5.25], "texture": "#0"},
				"west": {"uv": [7, 4, 7.5, 5.25], "texture": "#0"},
				"up": {"uv": [7, 4, 6.5, 3.5], "texture": "#0"},
				"down": {"uv": [7.5, 3.5, 7, 4], "texture": "#0"}
			}
		},
		{
			"name": "left_arm",
			"from": [4, 4, 8],
			"to": [6, 9, 10],
			"rotation": {"angle": -22.5, "axis": "z", "origin": [6, 8, 9]},
			"faces": {
				"north": {"uv": [5.5, 6.5, 6, 7.75], "texture": "#0"},
				"east": {"uv": [5, 6.5, 5.5, 7.75], "texture": "#0"},
				"south": {"uv": [6.5, 6.5, 7, 7.75], "texture": "#0"},
				"west": {"uv": [6, 6.5, 6.5, 7.75], "texture": "#0"},
				"up": {"uv": [6, 6.5, 5.5, 6], "texture": "#0"},
				"down": {"uv": [6.5, 6, 6, 6.5], "texture": "#0"}
			}
		},
		{
			"name": "right_pants",
			"from": [7.875, 2.875, 4.875],
			"to": [10.125, 5.125, 9.125],
			"rotation": {"angle": -22.5, "axis": "y", "origin": [9, 4, 9]},
			"faces": {
				"north": {"uv": [8.5, 5.25, 8, 5.75], "rotation": 180, "texture": "#0"},
				"east": {"uv": [7, 5.75, 7.5, 6.75], "rotation": 270, "texture": "#0"},
				"south": {"uv": [8, 5.75, 7.5, 5.25], "texture": "#0"},
				"west": {"uv": [8, 5.75, 8.5, 6.75], "rotation": 90, "texture": "#0"},
				"up": {"uv": [7.5, 5.75, 8, 6.75], "rotation": 180, "texture": "#0"},
				"down": {"uv": [8.5, 5.75, 9, 6.75], "texture": "#0"}
			}
		},
		{
			"name": "right_leg",
			"from": [8, 3, 5],
			"to": [10, 5, 9],
			"rotation": {"angle": -22.5, "axis": "y", "origin": [9, 4, 9]},
			"faces": {
				"north": {"uv": [8.5, 6.75, 8, 7.25], "rotation": 180, "texture": "#0"},
				"east": {"uv": [7, 7.25, 7.5, 8.25], "rotation": 270, "texture": "#0"},
				"south": {"uv": [8, 7.25, 7.5, 6.75], "texture": "#0"},
				"west": {"uv": [8, 7.25, 8.5, 8.25], "rotation": 90, "texture": "#0"},
				"up": {"uv": [7.5, 7.25, 8, 8.25], "rotation": 180, "texture": "#0"},
				"down": {"uv": [8.5, 7.25, 9, 8.25], "texture": "#0"}
			}
		},
		{
			"name": "left_pants",
			"from": [5.875, 2.875, 4.875],
			"to": [8.125, 5.125, 9.125],
			"rotation": {"angle": 22.5, "axis": "y", "origin": [7, 4, 9]},
			"faces": {
				"north": {"uv": [1.5, 7.75, 1, 8.25], "rotation": 180, "texture": "#0"},
				"east": {"uv": [0, 8.25, 0.5, 9.25], "rotation": 270, "texture": "#0"},
				"south": {"uv": [1, 8.25, 0.5, 7.75], "texture": "#0"},
				"west": {"uv": [1, 8.25, 1.5, 9.25], "rotation": 90, "texture": "#0"},
				"up": {"uv": [0.5, 8.25, 1, 9.25], "rotation": 180, "texture": "#0"},
				"down": {"uv": [1.5, 8.25, 2, 9.25], "texture": "#0"}
			}
		},
		{
			"name": "left_leg",
			"from": [6, 3, 5],
			"to": [8, 5, 9],
			"rotation": {"angle": 22.5, "axis": "y", "origin": [7, 4, 9]},
			"faces": {
				"north": {"uv": [3.5, 7.75, 3, 8.25], "rotation": 180, "texture": "#0"},
				"east": {"uv": [2, 8.25, 2.5, 9.25], "rotation": 270, "texture": "#0"},
				"south": {"uv": [3, 8.25, 2.5, 7.75], "texture": "#0"},
				"west": {"uv": [3, 8.25, 3.5, 9.25], "rotation": 90, "texture": "#0"},
				"up": {"uv": [2.5, 8.25, 3, 9.25], "rotation": 180, "texture": "#0"},
				"down": {"uv": [3.5, 8.25, 4, 9.25], "texture": "#0"}
			}
		}
	],
	"groups": [
		{
			"name": "bone",
			"origin": [8, 2, 8],
			"color": 0,
			"children": [
				{
					"name": "head",
					"origin": [10.3, 13, 12],
					"color": 0,
					"children": [0, 1]
				},
				{
					"name": "body",
					"origin": [7, 18, 8.5],
					"color": 0,
					"children": [2, 3]
				},
				{
					"name": "right_arm",
					"origin": [9, 21, 7],
					"color": 0,
					"children": [4, 5]
				},
				{
					"name": "left_arm",
					"origin": [15, 20, 7],
					"color": 0,
					"children": [6, 7]
				},
				{
					"name": "right_leg",
					"origin": [8, 8.4, 6.7],
					"color": 0,
					"children": [8, 9]
				},
				{
					"name": "left_leg",
					"origin": [6, 12.6, 5.8],
					"color": 0,
					"children": [10, 11]
				}
			]
		}
	]
}