{
	"credit": "Made with Blockbench",
	"textures": {
		"2": "lunareclipse.cosmetics:item/tools/eclipse/bow_pulling_0",
		"3": "lunareclipse.cosmetics:item/tools/eclipse/bow",
		"particle": "lunareclipse.cosmetics:item/tools/eclipse/sword"
	},
	"elements": [
		{
			"name": "bow_0",
			"from": [12, 15, 7.5],
			"to": [15, 18, 8.5],
			"faces": {
				"north": {"uv": [6, 8.5, 7.5, 7], "rotation": 180, "texture": "#3"},
				"east": {"uv": [7, 7, 7.5, 8.5], "texture": "#3"},
				"south": {"uv": [6, 7, 7.5, 8.5], "texture": "#3"},
				"west": {"uv": [6, 7, 6.5, 8.5], "texture": "#3"},
				"up": {"uv": [7.5, 7, 6, 7.5], "rotation": 180, "texture": "#3"},
				"down": {"uv": [6, 8, 7.5, 8.5], "texture": "#3"}
			}
		},
		{
			"name": "bow_1",
			"from": [15, 16, 7.5],
			"to": [19, 18, 8.5],
			"faces": {
				"north": {"uv": [7.5, 8, 9.5, 7], "rotation": 180, "texture": "#3"},
				"east": {"uv": [9, 7, 9.5, 8], "texture": "#3"},
				"south": {"uv": [7.5, 7, 9.5, 8], "texture": "#3"},
				"west": {"uv": [7.5, 7, 8, 8], "texture": "#3"},
				"up": {"uv": [9.5, 7, 7.5, 7.5], "rotation": 180, "texture": "#3"},
				"down": {"uv": [7.5, 7.5, 9.5, 8], "texture": "#3"}
			}
		},
		{
			"name": "bow_2",
			"from": [7, 15, 7.5],
			"to": [8, 17, 8.5],
			"faces": {
				"north": {"uv": [3.5, 8.5, 4, 7.5], "rotation": 180, "texture": "#3"},
				"east": {"uv": [3.5, 7.5, 4, 8.5], "texture": "#3"},
				"south": {"uv": [3.5, 7.5, 4, 8.5], "texture": "#3"},
				"west": {"uv": [3.5, 7.5, 4, 8.5], "texture": "#3"},
				"up": {"uv": [4, 7.5, 3.5, 8], "rotation": 180, "texture": "#3"},
				"down": {"uv": [3.5, 8, 4, 8.5], "texture": "#3"}
			}
		},
		{
			"name": "bow_4",
			"from": [8, 14, 7.5],
			"to": [12, 16, 8.5],
			"faces": {
				"north": {"uv": [4, 9, 6, 8], "rotation": 180, "texture": "#3"},
				"east": {"uv": [5.5, 8, 6, 9], "texture": "#3"},
				"south": {"uv": [4, 8, 6, 9], "texture": "#3"},
				"west": {"uv": [4, 8, 4.5, 9], "texture": "#3"},
				"up": {"uv": [6, 8, 4, 8.5], "rotation": 180, "texture": "#3"},
				"down": {"uv": [4, 8.5, 6, 9], "texture": "#3"}
			}
		},
		{
			"name": "bow_5",
			"from": [17, 15, 7.5],
			"to": [18, 16, 8.5],
			"faces": {
				"north": {"uv": [8.5, 8.5, 9, 8], "rotation": 180, "texture": "#3"},
				"east": {"uv": [8.5, 8, 9, 8.5], "texture": "#3"},
				"south": {"uv": [8.5, 8, 9, 8.5], "texture": "#3"},
				"west": {"uv": [8.5, 8, 9, 8.5], "texture": "#3"},
				"up": {"uv": [9, 8, 8.5, 8.5], "rotation": 180, "texture": "#3"},
				"down": {"uv": [8.5, 8, 9, 8.5], "texture": "#3"}
			}
		},
		{
			"name": "bow_6",
			"from": [12, 14, 7.5],
			"to": [13, 15, 8.5],
			"faces": {
				"north": {"uv": [6, 9, 6.5, 8.5], "rotation": 180, "texture": "#3"},
				"east": {"uv": [6, 8.5, 6.5, 9], "texture": "#3"},
				"south": {"uv": [6, 8.5, 6.5, 9], "texture": "#3"},
				"west": {"uv": [6, 8.5, 6.5, 9], "texture": "#3"},
				"up": {"uv": [6.5, 8.5, 6, 9], "rotation": 180, "texture": "#3"},
				"down": {"uv": [6, 8.5, 6.5, 9], "texture": "#3"}
			}
		},
		{
			"name": "bow_7",
			"from": [16, 14, 7.5],
			"to": [17, 15, 8.5],
			"faces": {
				"north": {"uv": [8, 9, 8.5, 8.5], "rotation": 180, "texture": "#3"},
				"east": {"uv": [8, 8.5, 8.5, 9], "texture": "#3"},
				"south": {"uv": [8, 8.5, 8.5, 9], "texture": "#3"},
				"west": {"uv": [8, 8.5, 8.5, 9], "texture": "#3"},
				"up": {"uv": [8.5, 8.5, 8, 9], "rotation": 180, "texture": "#3"},
				"down": {"uv": [8, 8.5, 8.5, 9], "texture": "#3"}
			}
		},
		{
			"name": "bow_9",
			"from": [15, 13, 7.5],
			"to": [16, 14, 8.5],
			"faces": {
				"north": {"uv": [7.5, 9.5, 8, 9], "rotation": 180, "texture": "#3"},
				"east": {"uv": [7.5, 9, 8, 9.5], "texture": "#3"},
				"south": {"uv": [7.5, 9, 8, 9.5], "texture": "#3"},
				"west": {"uv": [7.5, 9, 8, 9.5], "texture": "#3"},
				"up": {"uv": [8, 9, 7.5, 9.5], "rotation": 180, "texture": "#3"},
				"down": {"uv": [7.5, 9, 8, 9.5], "texture": "#3"}
			}
		},
		{
			"name": "bow_10",
			"from": [3, 12, 7.5],
			"to": [5, 13, 8.5],
			"faces": {
				"north": {"uv": [1.5, 10, 2.5, 9.5], "rotation": 180, "texture": "#3"},
				"east": {"uv": [2, 9.5, 2.5, 10], "texture": "#3"},
				"south": {"uv": [1.5, 9.5, 2.5, 10], "texture": "#3"},
				"west": {"uv": [1.5, 9.5, 2, 10], "texture": "#3"},
				"up": {"uv": [2.5, 9.5, 1.5, 10], "rotation": 180, "texture": "#3"},
				"down": {"uv": [1.5, 9.5, 2.5, 10], "texture": "#3"}
			}
		},
		{
			"name": "bow_12",
			"from": [10, 11, 7.5],
			"to": [11, 13, 8.5],
			"faces": {
				"north": {"uv": [5, 10.5, 5.5, 9.5], "rotation": 180, "texture": "#3"},
				"east": {"uv": [5, 9.5, 5.5, 10.5], "texture": "#3"},
				"south": {"uv": [5, 9.5, 5.5, 10.5], "texture": "#3"},
				"west": {"uv": [5, 9.5, 5.5, 10.5], "texture": "#3"},
				"up": {"uv": [5.5, 9.5, 5, 10], "rotation": 180, "texture": "#3"},
				"down": {"uv": [5, 10, 5.5, 10.5], "texture": "#3"}
			}
		},
		{
			"name": "bow_13",
			"from": [15, 12, 7.5],
			"to": [16, 13, 8.5],
			"faces": {
				"north": {"uv": [7, 10, 7.5, 9.5], "rotation": 180, "texture": "#3"},
				"east": {"uv": [7, 9.5, 7.5, 10], "texture": "#3"},
				"south": {"uv": [7, 9.5, 7.5, 10], "texture": "#3"},
				"west": {"uv": [7, 9.5, 7.5, 10], "texture": "#3"},
				"up": {"uv": [7.5, 9.5, 7, 10], "rotation": 180, "texture": "#3"},
				"down": {"uv": [7, 9.5, 7.5, 10], "texture": "#3"}
			}
		},
		{
			"name": "bow_14",
			"from": [2, 11, 7.5],
			"to": [4, 12, 8.5],
			"faces": {
				"north": {"uv": [1, 10.5, 2, 10], "rotation": 180, "texture": "#3"},
				"east": {"uv": [1.5, 10, 2, 10.5], "texture": "#3"},
				"south": {"uv": [1, 10, 2, 10.5], "texture": "#3"},
				"west": {"uv": [1, 10, 1.5, 10.5], "texture": "#3"},
				"up": {"uv": [2, 10, 1, 10.5], "rotation": 180, "texture": "#3"},
				"down": {"uv": [1, 10, 2, 10.5], "texture": "#3"}
			}
		},
		{
			"name": "bow_16",
			"from": [14, 11, 7.5],
			"to": [15, 12, 8.5],
			"faces": {
				"north": {"uv": [6.5, 10.5, 7, 10], "rotation": 180, "texture": "#3"},
				"east": {"uv": [6.5, 10, 7, 10.5], "texture": "#3"},
				"south": {"uv": [6.5, 10, 7, 10.5], "texture": "#3"},
				"west": {"uv": [6.5, 10, 7, 10.5], "texture": "#3"},
				"up": {"uv": [7, 10, 6.5, 10.5], "rotation": 180, "texture": "#3"},
				"down": {"uv": [6.5, 10, 7, 10.5], "texture": "#3"}
			}
		},
		{
			"name": "bow_17",
			"from": [3, 6, 7.5],
			"to": [5, 11, 8.5],
			"faces": {
				"north": {"uv": [1.5, 13, 2.5, 10.5], "rotation": 180, "texture": "#3"},
				"east": {"uv": [2, 10.5, 2.5, 13], "texture": "#3"},
				"south": {"uv": [1.5, 10.5, 2.5, 13], "texture": "#3"},
				"west": {"uv": [1.5, 10.5, 2, 13], "texture": "#3"},
				"up": {"uv": [2.5, 10.5, 1.5, 11], "rotation": 180, "texture": "#3"},
				"down": {"uv": [1.5, 12.5, 2.5, 13], "texture": "#3"}
			}
		},
		{
			"name": "bow_18",
			"from": [6, 8, 7.5],
			"to": [7, 11, 8.5],
			"faces": {
				"north": {"uv": [3, 12, 3.5, 10.5], "rotation": 180, "texture": "#3"},
				"east": {"uv": [3, 10.5, 3.5, 12], "texture": "#3"},
				"south": {"uv": [3, 10.5, 3.5, 12], "texture": "#3"},
				"west": {"uv": [3, 10.5, 3.5, 12], "texture": "#3"},
				"up": {"uv": [3.5, 10.5, 3, 11], "rotation": 180, "texture": "#3"},
				"down": {"uv": [3, 11.5, 3.5, 12], "texture": "#3"}
			}
		},
		{
			"name": "bow_20",
			"from": [5, 9, 7.5],
			"to": [6, 10, 8.5],
			"faces": {
				"north": {"uv": [2.5, 11.5, 3, 11], "rotation": 180, "texture": "#3"},
				"east": {"uv": [2.5, 11, 3, 11.5], "texture": "#3"},
				"south": {"uv": [2.5, 11, 3, 11.5], "texture": "#3"},
				"west": {"uv": [2.5, 11, 3, 11.5], "texture": "#3"},
				"up": {"uv": [3, 11, 2.5, 11.5], "rotation": 180, "texture": "#3"},
				"down": {"uv": [2.5, 11, 3, 11.5], "texture": "#3"}
			}
		},
		{
			"name": "bow_21",
			"from": [11, 7, 7.5],
			"to": [12, 8, 8.5],
			"faces": {
				"north": {"uv": [5.5, 11.5, 6, 11], "rotation": 180, "texture": "#3"},
				"east": {"uv": [5.5, 11, 6, 11.5], "texture": "#3"},
				"south": {"uv": [5.5, 11, 6, 11.5], "texture": "#3"},
				"west": {"uv": [5.5, 11, 6, 11.5], "texture": "#3"},
				"up": {"uv": [6, 11, 5.5, 11.5], "rotation": 180, "texture": "#3"},
				"down": {"uv": [5.5, 11, 6, 11.5], "texture": "#3"}
			}
		},
		{
			"name": "bow_22",
			"from": [10, 6, 7.5],
			"to": [11, 7, 8.5],
			"faces": {
				"north": {"uv": [5, 12, 5.5, 11.5], "rotation": 180, "texture": "#3"},
				"east": {"uv": [5, 11.5, 5.5, 12], "texture": "#3"},
				"south": {"uv": [5, 11.5, 5.5, 12], "texture": "#3"},
				"west": {"uv": [5, 11.5, 5.5, 12], "texture": "#3"},
				"up": {"uv": [5.5, 11.5, 5, 12], "rotation": 180, "texture": "#3"},
				"down": {"uv": [5, 11.5, 5.5, 12], "texture": "#3"}
			}
		},
		{
			"name": "bow_23",
			"from": [9, 5, 7.5],
			"to": [10, 6, 8.5],
			"faces": {
				"north": {"uv": [4.5, 12.5, 5, 12], "rotation": 180, "texture": "#3"},
				"east": {"uv": [4.5, 12, 5, 12.5], "texture": "#3"},
				"south": {"uv": [4.5, 12, 5, 12.5], "texture": "#3"},
				"west": {"uv": [4.5, 12, 5, 12.5], "texture": "#3"},
				"up": {"uv": [5, 12, 4.5, 12.5], "rotation": 180, "texture": "#3"},
				"down": {"uv": [4.5, 12, 5, 12.5], "texture": "#3"}
			}
		},
		{
			"name": "bow_24",
			"from": [1, 0, 7.5],
			"to": [3, 7, 8.5],
			"faces": {
				"north": {"uv": [0.5, 16, 1.5, 12.5], "rotation": 180, "texture": "#3"},
				"east": {"uv": [1, 12.5, 1.5, 16], "texture": "#3"},
				"south": {"uv": [0.5, 12.5, 1.5, 16], "texture": "#3"},
				"west": {"uv": [0.5, 12.5, 1, 16], "texture": "#3"},
				"up": {"uv": [1.5, 12.5, 0.5, 13], "rotation": 180, "texture": "#3"},
				"down": {"uv": [0.5, 15.5, 1.5, 16], "texture": "#3"}
			}
		},
		{
			"name": "bow_25",
			"from": [8, 5, 7.5],
			"to": [9, 6, 8.5],
			"faces": {
				"north": {"uv": [4, 13, 4.5, 12.5], "rotation": 180, "texture": "#3"},
				"east": {"uv": [4, 12.5, 4.5, 13], "texture": "#3"},
				"south": {"uv": [4, 12.5, 4.5, 13], "texture": "#3"},
				"west": {"uv": [4, 12.5, 4.5, 13], "texture": "#3"},
				"up": {"uv": [4.5, 12.5, 4, 13], "rotation": 180, "texture": "#3"},
				"down": {"uv": [4, 12.5, 4.5, 13], "texture": "#3"}
			}
		},
		{
			"name": "bow_26",
			"from": [3, 4, 7.5],
			"to": [4, 6, 8.5],
			"faces": {
				"north": {"uv": [1.5, 14, 2, 13], "rotation": 180, "texture": "#3"},
				"east": {"uv": [1.5, 13, 2, 14], "texture": "#3"},
				"south": {"uv": [1.5, 13, 2, 14], "texture": "#3"},
				"west": {"uv": [1.5, 13, 2, 14], "texture": "#3"},
				"up": {"uv": [2, 13, 1.5, 13.5], "rotation": 180, "texture": "#3"},
				"down": {"uv": [1.5, 13.5, 2, 14], "texture": "#3"}
			}
		},
		{
			"name": "bow_27",
			"from": [7, 4, 7.5],
			"to": [8, 5, 8.5],
			"faces": {
				"north": {"uv": [3.5, 13.5, 4, 13], "rotation": 180, "texture": "#3"},
				"east": {"uv": [3.5, 13, 4, 13.5], "texture": "#3"},
				"south": {"uv": [3.5, 13, 4, 13.5], "texture": "#3"},
				"west": {"uv": [3.5, 13, 4, 13.5], "texture": "#3"},
				"up": {"uv": [4, 13, 3.5, 13.5], "rotation": 180, "texture": "#3"},
				"down": {"uv": [3.5, 13, 4, 13.5], "texture": "#3"}
			}
		},
		{
			"name": "bow_28",
			"from": [6, 3, 7.5],
			"to": [7, 4, 8.5],
			"faces": {
				"north": {"uv": [3, 14, 3.5, 13.5], "rotation": 180, "texture": "#3"},
				"east": {"uv": [3, 13.5, 3.5, 14], "texture": "#3"},
				"south": {"uv": [3, 13.5, 3.5, 14], "texture": "#3"},
				"west": {"uv": [3, 13.5, 3.5, 14], "texture": "#3"},
				"up": {"uv": [3.5, 13.5, 3, 14], "rotation": 180, "texture": "#3"},
				"down": {"uv": [3, 13.5, 3.5, 14], "texture": "#3"}
			}
		},
		{
			"name": "bow_29",
			"from": [5, 3, 7.5],
			"to": [6, 4, 8.5],
			"faces": {
				"north": {"uv": [2.5, 14.5, 3, 14], "rotation": 180, "texture": "#3"},
				"east": {"uv": [2.5, 14, 3, 14.5], "texture": "#3"},
				"south": {"uv": [2.5, 14, 3, 14.5], "texture": "#3"},
				"west": {"uv": [2.5, 14, 3, 14.5], "texture": "#3"},
				"up": {"uv": [3, 14, 2.5, 14.5], "rotation": 180, "texture": "#3"},
				"down": {"uv": [2.5, 14, 3, 14.5], "texture": "#3"}
			}
		},
		{
			"name": "bow_30",
			"from": [4, 2, 7.5],
			"to": [5, 3, 8.5],
			"faces": {
				"north": {"uv": [2, 15, 2.5, 14.5], "rotation": 180, "texture": "#3"},
				"east": {"uv": [2, 14.5, 2.5, 15], "texture": "#3"},
				"south": {"uv": [2, 14.5, 2.5, 15], "texture": "#3"},
				"west": {"uv": [2, 14.5, 2.5, 15], "texture": "#3"},
				"up": {"uv": [2.5, 14.5, 2, 15], "rotation": 180, "texture": "#3"},
				"down": {"uv": [2, 14.5, 2.5, 15], "texture": "#3"}
			}
		},
		{
			"name": "bow_31",
			"from": [3, 1, 7.5],
			"to": [4, 2, 8.5],
			"faces": {
				"north": {"uv": [1.5, 15.5, 2, 15], "rotation": 180, "texture": "#3"},
				"east": {"uv": [1.5, 15, 2, 15.5], "texture": "#3"},
				"south": {"uv": [1.5, 15, 2, 15.5], "texture": "#3"},
				"west": {"uv": [1.5, 15, 2, 15.5], "texture": "#3"},
				"up": {"uv": [2, 15, 1.5, 15.5], "rotation": 180, "texture": "#3"},
				"down": {"uv": [1.5, 15, 2, 15.5], "texture": "#3"}
			}
		},
		{
			"name": "bow_pulling_0_0",
			"from": [2, 16, 7.5],
			"to": [3, 18, 8.5],
			"faces": {
				"north": {"uv": [1, 8, 1.5, 7], "rotation": 180, "texture": "#2"},
				"east": {"uv": [1, 7, 1.5, 8], "texture": "#2"},
				"south": {"uv": [1, 7, 1.5, 8], "texture": "#2"},
				"west": {"uv": [1, 7, 1.5, 8], "texture": "#2"},
				"up": {"uv": [1.5, 7, 1, 7.5], "rotation": 180, "texture": "#2"},
				"down": {"uv": [1, 7.5, 1.5, 8], "texture": "#2"}
			}
		},
		{
			"name": "bow_pulling_0_3",
			"from": [3, 15, 7.5],
			"to": [4, 17, 8.5],
			"faces": {
				"north": {"uv": [1.5, 8.5, 2, 7.5], "rotation": 180, "texture": "#2"},
				"east": {"uv": [1.5, 7.5, 2, 8.5], "texture": "#2"},
				"south": {"uv": [1.5, 7.5, 2, 8.5], "texture": "#2"},
				"west": {"uv": [1.5, 7.5, 2, 8.5], "texture": "#2"},
				"up": {"uv": [2, 7.5, 1.5, 8], "rotation": 180, "texture": "#2"},
				"down": {"uv": [1.5, 8, 2, 8.5], "texture": "#2"}
			}
		},
		{
			"name": "bow_pulling_0_6",
			"from": [6, 12, 7.5],
			"to": [7, 16, 8.5],
			"faces": {
				"north": {"uv": [3, 10, 3.5, 8], "rotation": 180, "texture": "#2"},
				"east": {"uv": [3, 8, 3.5, 10], "texture": "#2"},
				"south": {"uv": [3, 8, 3.5, 10], "texture": "#2"},
				"west": {"uv": [3, 8, 3.5, 10], "texture": "#2"},
				"up": {"uv": [3.5, 8, 3, 8.5], "rotation": 180, "texture": "#2"},
				"down": {"uv": [3, 9.5, 3.5, 10], "texture": "#2"}
			}
		},
		{
			"name": "bow_pulling_0_9",
			"from": [5, 13, 7.5],
			"to": [6, 15, 8.5],
			"faces": {
				"north": {"uv": [2.5, 9.5, 3, 8.5], "rotation": 180, "texture": "#2"},
				"east": {"uv": [2.5, 8.5, 3, 9.5], "texture": "#2"},
				"south": {"uv": [2.5, 8.5, 3, 9.5], "texture": "#2"},
				"west": {"uv": [2.5, 8.5, 3, 9.5], "texture": "#2"},
				"up": {"uv": [3, 8.5, 2.5, 9], "rotation": 180, "texture": "#2"},
				"down": {"uv": [2.5, 9, 3, 9.5], "texture": "#2"}
			}
		},
		{
			"name": "bow_pulling_0_10",
			"from": [4, 14, 7.5],
			"to": [5, 16, 8.5],
			"faces": {
				"north": {"uv": [2.5, 9.5, 3, 8.5], "rotation": 180, "texture": "#2"},
				"east": {"uv": [2.5, 8.5, 3, 9.5], "texture": "#2"},
				"south": {"uv": [2.5, 8.5, 3, 9.5], "texture": "#2"},
				"west": {"uv": [2.5, 8.5, 3, 9.5], "texture": "#2"},
				"up": {"uv": [3, 8.5, 2.5, 9], "rotation": 180, "texture": "#2"},
				"down": {"uv": [2.5, 9, 3, 9.5], "texture": "#2"}
			}
		},
		{
			"name": "bow_pulling_0_12",
			"from": [9, 9, 7.5],
			"to": [10, 14, 8.5],
			"faces": {
				"north": {"uv": [4.5, 11.5, 5, 9], "rotation": 180, "texture": "#2"},
				"east": {"uv": [4.5, 9, 5, 11.5], "texture": "#2"},
				"south": {"uv": [4.5, 9, 5, 11.5], "texture": "#2"},
				"west": {"uv": [4.5, 9, 5, 11.5], "texture": "#2"},
				"up": {"uv": [5, 9, 4.5, 9.5], "rotation": 180, "texture": "#2"},
				"down": {"uv": [4.5, 11, 5, 11.5], "texture": "#2"}
			}
		},
		{
			"name": "bow_pulling_0_15",
			"from": [7, 10, 7.5],
			"to": [9, 13, 8.5],
			"faces": {
				"north": {"uv": [3.5, 11, 4.5, 9.5], "rotation": 180, "texture": "#2"},
				"east": {"uv": [4, 9.5, 4.5, 11], "texture": "#2"},
				"south": {"uv": [3.5, 9.5, 4.5, 11], "texture": "#2"},
				"west": {"uv": [3.5, 9.5, 4, 11], "texture": "#2"},
				"up": {"uv": [4.5, 9.5, 3.5, 10], "rotation": 180, "texture": "#2"},
				"down": {"uv": [3.5, 10.5, 4.5, 11], "texture": "#2"}
			}
		},
		{
			"name": "bow_pulling_0_21",
			"from": [13, 9, 7.5],
			"to": [14, 11, 8.5],
			"faces": {
				"north": {"uv": [6.5, 11.5, 7, 10.5], "rotation": 180, "texture": "#2"},
				"east": {"uv": [6.5, 10.5, 7, 11.5], "texture": "#2"},
				"south": {"uv": [6.5, 10.5, 7, 11.5], "texture": "#2"},
				"west": {"uv": [6.5, 10.5, 7, 11.5], "texture": "#2"},
				"up": {"uv": [7, 10.5, 6.5, 11], "rotation": 180, "texture": "#2"},
				"down": {"uv": [6.5, 11, 7, 11.5], "texture": "#2"}
			}
		},
		{
			"name": "bow_pulling_0_23",
			"from": [7, 8, 7.5],
			"to": [8, 10, 8.5],
			"faces": {
				"north": {"uv": [3.5, 12, 4, 11], "rotation": 180, "texture": "#2"},
				"east": {"uv": [3.5, 11, 4, 12], "texture": "#2"},
				"south": {"uv": [3.5, 11, 4, 12], "texture": "#2"},
				"west": {"uv": [3.5, 11, 4, 12], "texture": "#2"},
				"up": {"uv": [4, 11, 3.5, 11.5], "rotation": 180, "texture": "#2"},
				"down": {"uv": [3.5, 11.5, 4, 12], "texture": "#2"}
			}
		},
		{
			"name": "bow_pulling_0_24",
			"from": [10, 8, 7.5],
			"to": [11, 10, 8.5],
			"faces": {
				"north": {"uv": [5, 12, 5.5, 11], "rotation": 180, "texture": "#2"},
				"east": {"uv": [5, 11, 5.5, 12], "texture": "#2"},
				"south": {"uv": [5, 11, 5.5, 12], "texture": "#2"},
				"west": {"uv": [5, 11, 5.5, 12], "texture": "#2"},
				"up": {"uv": [5.5, 11, 5, 11.5], "rotation": 180, "texture": "#2"},
				"down": {"uv": [5, 11.5, 5.5, 12], "texture": "#2"}
			}
		},
		{
			"name": "bow_pulling_0_25",
			"from": [11, 8, 7.5],
			"to": [13, 9, 8.5],
			"faces": {
				"north": {"uv": [5.5, 12, 6.5, 11.5], "rotation": 180, "texture": "#2"},
				"east": {"uv": [6, 11.5, 6.5, 12], "texture": "#2"},
				"south": {"uv": [5.5, 11.5, 6.5, 12], "texture": "#2"},
				"west": {"uv": [5.5, 11.5, 6, 12], "texture": "#2"},
				"up": {"uv": [6.5, 11.5, 5.5, 12], "rotation": 180, "texture": "#2"},
				"down": {"uv": [5.5, 11.5, 6.5, 12], "texture": "#2"}
			}
		}
	],
	"gui_light": "front",
	"display": {
		"thirdperson_righthand": {
			"rotation": [-80, 260, -40],
			"translation": [-1, -3.5, 2.5],
			"scale": [0.9, 0.9, 0.9]
		},
		"thirdperson_lefthand": {
			"rotation": [-80, -280, 40],
			"translation": [-1, -3.5, 2.5],
			"scale": [0.9, 0.9, 0.9]
		},
		"firstperson_righthand": {
			"rotation": [0, -90, 25],
			"translation": [1.13, 3.2, 1.13],
			"scale": [0.68, 0.68, 0.68]
		},
		"firstperson_lefthand": {
			"rotation": [0, 90, -25],
			"translation": [1.13, 3.2, 1.13],
			"scale": [0.68, 0.68, 0.68]
		},
		"ground": {
			"translation": [0, 2, 0],
			"scale": [0.5, 0.5, 0.5]
		},
		"gui": {
			"translation": [-1.77, -0.88, 0],
			"scale": [0.885, 0.885, 0.885]
		},
		"fixed": {
			"translation": [-1.5, -1, 0]
		}
	},
	"groups": [
		{
			"name": "bow",
			"origin": [8, 8, 8],
			"color": 0,
			"children": [0, 1, 2, 3, 4, 5, 6, 7, 8, 9, 10, 11, 12, 13, 14, 15, 16, 17, 18, 19, 20, 21, 22, 23, 24, 25, 26]
		},
		{
			"name": "bow_pulling_0",
			"origin": [8, 8, 8],
			"color": 0,
			"children": [27, 28, 29, 30, 31, 32, 33, 34, 35, 36, 37]
		}
	]
}