{
	"credit": "Made by Bret06 using Blockbench",
	"textures": {
		"0": "lunareclipse.watching:item/ui/config/icons/burning_base/backdrop",
		"1": "lunareclipse.watching:item/ui/config/icons/burning_base/grass_block_side",
		"2": "lunareclipse.watching:item/ui/config/icons/burning_base/dirt",
		"3": "lunareclipse.watching:item/ui/config/icons/burning_base/grass_block_top",
		"4": "lunareclipse.watching:item/ui/config/icons/burning_base/oak_planks",
		"5": "lunareclipse.watching:item/ui/config/icons/burning_base/oak_planks_background",
		"6": "lunareclipse.watching:item/ui/config/icons/burning_base/fire_1",
		"particle": "lunareclipse.watching:item/ui/config/icons/burning_base/backdrop"
	},
	"elements": [
		{
			"from": [4.3, 0, 8],
			"to": [12.3, 8, 8],
			"rotation": {"angle": 0, "axis": "y", "origin": [4.3, 0, 8]},
			"faces": {
				"north": {"uv": [0, 0, 16, 16], "texture": "#0"}
			}
		},
		{
			"name": "Box4",
			"from": [-1.6, 3.8, 7.95371],
			"to": [-0.26665, 5.8, 8.62036],
			"rotation": {"angle": 22.5, "axis": "z", "origin": [-0.93667, 4.63334, 8.29185]},
			"faces": {
				"north": {"uv": [5, 5, 7, 8], "texture": "#missing"},
				"east": {"uv": [4, 5, 5, 8], "texture": "#missing"},
				"south": {"uv": [8, 5, 10, 8], "texture": "#missing"},
				"west": {"uv": [7, 5, 8, 8], "texture": "#missing"},
				"up": {"uv": [7, 5, 5, 4], "texture": "#missing"},
				"down": {"uv": [7, 4, 9, 5], "texture": "#missing"}
			}
		},
		{
			"name": "Box5",
			"from": [-2.05045, 4.82131, 7.52103],
			"to": [0.04955, 5.58796, 8.28768],
			"rotation": {"angle": 22.5, "axis": "y", "origin": [-1.92433, 5.20463, 8.28703]},
			"faces": {
				"north": {"uv": [14, 13, 15, 16], "rotation": 90, "texture": "#missing"},
				"east": {"uv": [15, 12, 14, 13], "rotation": 180, "texture": "#missing"},
				"south": {"uv": [12, 13, 13, 16], "rotation": 270, "texture": "#missing"},
				"west": {"uv": [14, 13, 13, 12], "texture": "#missing"},
				"up": {"uv": [13, 13, 14, 16], "rotation": 270, "texture": "#missing"},
				"down": {"uv": [15, 13, 16, 16], "rotation": 270, "texture": "#missing"}
			}
		},
		{
			"name": "Box6",
			"from": [-2.00045, 4.87131, 7.57103],
			"to": [-0.00045, 5.53796, 8.23768],
			"rotation": {"angle": 22.5, "axis": "y", "origin": [-1.92433, 5.20463, 8.28703]},
			"faces": {
				"north": {"uv": [10, 13, 11, 16], "rotation": 90, "texture": "#missing"},
				"east": {"uv": [11, 12, 10, 13], "rotation": 180, "texture": "#missing"},
				"south": {"uv": [8, 13, 9, 16], "rotation": 270, "texture": "#missing"},
				"west": {"uv": [10, 13, 9, 12], "texture": "#missing"},
				"up": {"uv": [9, 13, 10, 16], "rotation": 270, "texture": "#missing"},
				"down": {"uv": [11, 13, 12, 16], "rotation": 270, "texture": "#missing"}
			}
		},
		{
			"name": "Box7",
			"from": [-1.6, 1.8, 7.95371],
			"to": [-0.93335, 3.8, 8.62036],
			"rotation": {"angle": 22.5, "axis": "z", "origin": [-0.93667, 4.63334, 8.29185]},
			"faces": {
				"north": {"uv": [1, 5, 2, 8], "texture": "#missing"},
				"east": {"uv": [0, 5, 1, 8], "texture": "#missing"},
				"south": {"uv": [3, 5, 4, 8], "texture": "#missing"},
				"west": {"uv": [2, 5, 3, 8], "texture": "#missing"},
				"up": {"uv": [2, 5, 1, 4], "texture": "#missing"},
				"down": {"uv": [3, 4, 2, 5], "texture": "#missing"}
			}
		},
		{
			"name": "Box8",
			"from": [-0.935, 1.8, 7.95371],
			"to": [-0.26835, 3.8, 8.62036],
			"rotation": {"angle": 22.5, "axis": "z", "origin": [-0.93667, 4.63334, 8.29185]},
			"faces": {
				"north": {"uv": [5, 13, 6, 16], "texture": "#missing"},
				"east": {"uv": [4, 13, 5, 16], "texture": "#missing"},
				"south": {"uv": [7, 13, 8, 16], "texture": "#missing"},
				"west": {"uv": [6, 13, 7, 16], "texture": "#missing"},
				"up": {"uv": [6, 13, 5, 12], "texture": "#missing"},
				"down": {"uv": [7, 12, 6, 13], "texture": "#missing"}
			}
		},
		{
			"name": "Box6",
			"from": [-0.32, 3.75, 7.90371],
			"to": [0.44665, 5.85, 8.67036],
			"rotation": {"angle": 22.5, "axis": "z", "origin": [-0.93667, 4.63334, 8.29185]},
			"faces": {
				"north": {"uv": [11, 9, 12, 12], "texture": "#missing"},
				"east": {"uv": [10, 9, 11, 12], "texture": "#missing"},
				"south": {"uv": [13, 9, 14, 12], "texture": "#missing"},
				"west": {"uv": [12, 9, 13, 12], "texture": "#missing"},
				"up": {"uv": [12, 9, 11, 8], "texture": "#missing"},
				"down": {"uv": [13, 8, 12, 9], "texture": "#missing"}
			}
		},
		{
			"name": "Box7",
			"from": [-0.27, 3.8, 7.95371],
			"to": [0.39665, 5.8, 8.62036],
			"rotation": {"angle": 22.5, "axis": "z", "origin": [-0.93667, 4.63334, 8.29185]},
			"faces": {
				"north": {"uv": [11, 5, 12, 8], "texture": "#missing"},
				"east": {"uv": [10, 5, 11, 8], "texture": "#missing"},
				"south": {"uv": [13, 5, 14, 8], "texture": "#missing"},
				"west": {"uv": [12, 5, 13, 8], "texture": "#missing"},
				"up": {"uv": [12, 5, 11, 4], "texture": "#missing"},
				"down": {"uv": [13, 4, 12, 5], "texture": "#missing"}
			}
		},
		{
			"name": "Box6",
			"from": [-1.54751, 5.8, 7.73],
			"to": [-0.21416, 7.13335, 9.06335],
			"rotation": {"angle": 22.5, "axis": "z", "origin": [-0.93667, 4.63334, 8.39185]},
			"faces": {
				"north": {"uv": [2, 2, 4, 4], "texture": "#missing"},
				"east": {"uv": [0, 2, 2, 4], "texture": "#missing"},
				"south": {"uv": [6, 2, 8, 4], "texture": "#missing"},
				"west": {"uv": [4, 2, 6, 4], "texture": "#missing"},
				"up": {"uv": [4, 2, 2, 0], "texture": "#missing"},
				"down": {"uv": [6, 0, 4, 2], "texture": "#missing"}
			}
		},
		{
			"from": [4.5, 0.5, 7.5],
			"to": [6, 2, 9],
			"rotation": {"angle": 0, "axis": "y", "origin": [4.5, -0.5, 7.5]},
			"faces": {
				"north": {"uv": [0, 0, 16, 16], "texture": "#1"},
				"east": {"uv": [0, 0, 16, 16], "texture": "#1"},
				"south": {"uv": [0, 0, 16, 16], "texture": "#1"},
				"west": {"uv": [0, 0, 16, 16], "texture": "#1"},
				"up": {"uv": [0, 0, 16, 16], "texture": "#3"},
				"down": {"uv": [0, 0, 16, 16], "texture": "#2"}
			}
		},
		{
			"from": [7.5, 0.5, 7.5],
			"to": [9, 2, 9],
			"rotation": {"angle": 0, "axis": "y", "origin": [7.5, -0.5, 7.5]},
			"faces": {
				"north": {"uv": [0, 0, 16, 16], "texture": "#1"},
				"east": {"uv": [0, 0, 16, 16], "texture": "#1"},
				"south": {"uv": [0, 0, 16, 16], "texture": "#1"},
				"west": {"uv": [0, 0, 16, 16], "texture": "#1"},
				"up": {"uv": [0, 0, 16, 16], "texture": "#3"},
				"down": {"uv": [0, 0, 16, 16], "texture": "#2"}
			}
		},
		{
			"from": [9, 0.5, 7.5],
			"to": [10.5, 2, 9],
			"rotation": {"angle": 0, "axis": "y", "origin": [9, -0.5, 7.5]},
			"faces": {
				"north": {"uv": [0, 0, 16, 16], "texture": "#1"},
				"east": {"uv": [0, 0, 16, 16], "texture": "#1"},
				"south": {"uv": [0, 0, 16, 16], "texture": "#1"},
				"west": {"uv": [0, 0, 16, 16], "texture": "#1"},
				"up": {"uv": [0, 0, 16, 16], "texture": "#3"},
				"down": {"uv": [0, 0, 16, 16], "texture": "#2"}
			}
		},
		{
			"from": [10.5, 0.5, 7.5],
			"to": [12, 2, 9],
			"rotation": {"angle": 0, "axis": "y", "origin": [10.5, -0.5, 7.5]},
			"faces": {
				"north": {"uv": [0, 0, 16, 16], "texture": "#1"},
				"east": {"uv": [0, 0, 16, 16], "texture": "#1"},
				"south": {"uv": [0, 0, 16, 16], "texture": "#1"},
				"west": {"uv": [0, 0, 16, 16], "texture": "#1"},
				"up": {"uv": [0, 0, 16, 16], "texture": "#3"},
				"down": {"uv": [0, 0, 16, 16], "texture": "#2"}
			}
		},
		{
			"from": [6, 0.5, 7.5],
			"to": [7.5, 2, 9],
			"rotation": {"angle": 0, "axis": "y", "origin": [6, -0.5, 7.5]},
			"faces": {
				"north": {"uv": [0, 0, 16, 16], "texture": "#1"},
				"east": {"uv": [0, 0, 16, 16], "texture": "#1"},
				"south": {"uv": [0, 0, 16, 16], "texture": "#1"},
				"west": {"uv": [0, 0, 16, 16], "texture": "#1"},
				"up": {"uv": [0, 0, 16, 16], "texture": "#3"},
				"down": {"uv": [0, 0, 16, 16], "texture": "#2"}
			}
		},
		{
			"from": [4.5, 2, 7.7],
			"to": [7.5, 3.5, 9.2],
			"rotation": {"angle": 0, "axis": "y", "origin": [6, 2, 7.7]},
			"faces": {
				"north": {"uv": [0, 0, 4, 2], "texture": "#4"},
				"east": {"uv": [0, 0, 2, 2], "texture": "#4"},
				"south": {"uv": [0, 0, 4, 2], "texture": "#4"},
				"west": {"uv": [0, 0, 2, 2], "texture": "#4"},
				"up": {"uv": [0, 0, 4, 2], "texture": "#4"}
			}
		},
		{
			"from": [6, 3.5, 7.7],
			"to": [7.5, 5, 9.2],
			"rotation": {"angle": 0, "axis": "y", "origin": [6, 3.5, 7.7]},
			"faces": {
				"north": {"uv": [0, 0, 1.5, 1.5], "texture": "#4"},
				"east": {"uv": [0, 0, 1.5, 1.5], "texture": "#4"},
				"south": {"uv": [0, 0, 1.5, 1.5], "texture": "#4"},
				"west": {"uv": [0, 0, 1.5, 1.5], "texture": "#4"},
				"up": {"uv": [0, 0, 1.5, 1.5], "texture": "#4"},
				"down": {"uv": [0, 0, 1.5, 1.5], "texture": "#4"}
			}
		},
		{
			"from": [7.5, 2, 7.9],
			"to": [10.5, 3.5, 9.4],
			"rotation": {"angle": 0, "axis": "y", "origin": [9, 2, 7.9]},
			"faces": {
				"north": {"uv": [0, 0, 4, 2], "texture": "#5"},
				"east": {"uv": [0, 0, 2, 2], "texture": "#5"},
				"south": {"uv": [0, 0, 4, 2], "texture": "#5"},
				"west": {"uv": [0, 0, 2, 2], "texture": "#5"},
				"up": {"uv": [0, 0, 4, 2], "texture": "#5"},
				"down": {"uv": [0, 0, 0, 0], "texture": "#5"}
			}
		},
		{
			"from": [4.5, 3.5, 7.9],
			"to": [6, 5, 9.4],
			"rotation": {"angle": 0, "axis": "y", "origin": [4.5, 3.5, 7.9]},
			"faces": {
				"north": {"uv": [0, 0, 1.5, 1.5], "texture": "#5"},
				"east": {"uv": [0, 0, 1.5, 1.5], "texture": "#5"},
				"south": {"uv": [0, 0, 1.5, 1.5], "texture": "#5"},
				"west": {"uv": [0, 0, 1.5, 1.5], "texture": "#5"},
				"up": {"uv": [0, 0, 1.5, 1.5], "texture": "#5"},
				"down": {"uv": [0, 0, 1.5, 1.5], "texture": "#5"}
			}
		},
		{
			"from": [9, 2, 7.7],
			"to": [12, 3.5, 9.2],
			"rotation": {"angle": 0, "axis": "y", "origin": [10.5, 2, 7.7]},
			"faces": {
				"north": {"uv": [0, 0, 4, 2], "texture": "#4"},
				"east": {"uv": [0, 0, 2, 2], "texture": "#4"},
				"south": {"uv": [0, 0, 4, 2], "texture": "#4"},
				"west": {"uv": [0, 0, 2, 2], "texture": "#4"},
				"up": {"uv": [0, 0, 4, 2], "texture": "#4"}
			}
		},
		{
			"from": [10.5, 3.5, 7.7],
			"to": [12, 5, 9.2],
			"rotation": {"angle": 0, "axis": "y", "origin": [10.5, 3.5, 7.7]},
			"faces": {
				"north": {"uv": [0, 0, 1.5, 1.5], "texture": "#4"},
				"east": {"uv": [0, 0, 1.5, 1.5], "texture": "#4"},
				"south": {"uv": [0, 0, 1.5, 1.5], "texture": "#4"},
				"west": {"uv": [0, 0, 1.5, 1.5], "texture": "#4"},
				"up": {"uv": [0, 0, 1.5, 1.5], "texture": "#4"},
				"down": {"uv": [0, 0, 1.5, 1.5], "texture": "#4"}
			}
		},
		{
			"from": [7.5, 5, 7.7],
			"to": [9, 6.5, 9.2],
			"rotation": {"angle": 0, "axis": "y", "origin": [7.5, 5, 7.7]},
			"faces": {
				"north": {"uv": [0, 0, 1.5, 1.5], "texture": "#4"},
				"east": {"uv": [0, 0, 1.5, 1.5], "texture": "#4"},
				"south": {"uv": [0, 0, 1.5, 1.5], "texture": "#4"},
				"west": {"uv": [0, 0, 1.5, 1.5], "texture": "#4"},
				"up": {"uv": [0, 0, 1.5, 1.5], "texture": "#4"},
				"down": {"uv": [0, 0, 1.5, 1.5], "texture": "#4"}
			}
		},
		{
			"from": [7.5, 2, 7.5],
			"to": [9, 3.5, 9],
			"rotation": {"angle": 0, "axis": "y", "origin": [7.5, 2, 7.5]},
			"faces": {
				"north": {"uv": [0, 0, 16, 16], "texture": "#6"},
				"east": {"uv": [0, 0, 16, 16], "texture": "#6"},
				"south": {"uv": [0, 0, 16, 16], "texture": "#6"},
				"west": {"uv": [0, 0, 16, 16], "texture": "#6"},
				"down": {"uv": [0, 0, 16, 16], "texture": "#6"}
			}
		},
		{
			"from": [4.49, 3.5, 7.7],
			"to": [5.99, 5, 9.2],
			"rotation": {"angle": 0, "axis": "y", "origin": [4.5, 3.5, 7.7]},
			"faces": {
				"north": {"uv": [0, 0, 16, 16], "texture": "#6"},
				"east": {"uv": [0, 0, 16, 16], "texture": "#6"},
				"south": {"uv": [0, 0, 16, 16], "texture": "#6"},
				"west": {"uv": [0, 0, 16, 16], "texture": "#6"},
				"down": {"uv": [0, 0, 16, 16], "texture": "#6"}
			}
		},
		{
			"from": [10.5, 5, 7.7],
			"to": [12, 6.5, 9.2],
			"rotation": {"angle": 0, "axis": "y", "origin": [10.5, 5, 7.7]},
			"faces": {
				"north": {"uv": [0, 0, 16, 16], "texture": "#6"},
				"east": {"uv": [0, 0, 16, 16], "texture": "#6"},
				"south": {"uv": [0, 0, 16, 16], "texture": "#6"},
				"west": {"uv": [0, 0, 16, 16], "texture": "#6"},
				"down": {"uv": [0, 0, 16, 16], "texture": "#6"}
			}
		},
		{
			"from": [7.5, 4.98, 7.6],
			"to": [9, 6.48, 9.1],
			"rotation": {"angle": 0, "axis": "y", "origin": [7.5, 5, 7.6]},
			"faces": {
				"north": {"uv": [0, 0, 16, 16], "texture": "#6"},
				"east": {"uv": [0, 0, 16, 16], "texture": "#6"},
				"south": {"uv": [0, 0, 16, 16], "texture": "#6"},
				"west": {"uv": [0, 0, 16, 16], "texture": "#6"},
				"down": {"uv": [0, 0, 16, 16], "texture": "#6"}
			}
		}
	],
	"groups": [
		0,
		{
			"name": "bone7",
			"origin": [-7, 0, -7],
			"color": 0,
			"children": [
				{
					"name": "bone6",
					"origin": [-7, 0, -7],
					"color": 0,
					"children": [1]
				},
				{
					"name": "bone3",
					"origin": [-5, -6, 1],
					"color": 0,
					"children": [2, 3]
				},
				{
					"name": "bone3",
					"origin": [-5, -6, 1],
					"color": 0,
					"children": [4]
				},
				{
					"name": "bone3",
					"origin": [-5, -6, 1],
					"color": 0,
					"children": [5]
				},
				{
					"name": "bone3",
					"origin": [-5, -6, 1],
					"color": 0,
					"children": [6, 7]
				},
				{
					"name": "bone",
					"origin": [-7, 1, -7],
					"color": 0,
					"children": [8]
				}
			]
		},
		9,
		10,
		11,
		12,
		13,
		14,
		15,
		16,
		17,
		18,
		19,
		20,
		21,
		22,
		23,
		24
	]
}