{
	"credit": "Made by Bret06 using Blockbench",
	"textures": {
		"0": "lunareclipse.watching:item/ui/config/icons/chilled_candles/candle",
		"1": "lunareclipse.watching:item/ui/config/icons/chilled_candles/backdrop",
		"2": "lunareclipse.watching:item/ui/config/icons/chilled_candles/gust",
		"3": "lunareclipse.watching:item/ui/config/icons/chilled_candles/backdrop2",
		"4": "lunareclipse.watching:item/ui/config/icons/chilled_candles/backdrop_border",
		"particle": "lunareclipse.watching:item/ui/config/icons/chilled_candles/candle"
	},
	"elements": [
		{
			"from": [4, 0, 8],
			"to": [12, 8, 8],
			"rotation": {"angle": 0, "axis": "y", "origin": [4, 0, 8]},
			"faces": {
				"north": {"uv": [0, 0, 16, 16], "texture": "#1"}
			}
		},
		{
			"from": [4, 0, 7.8],
			"to": [12, 8, 7.8],
			"rotation": {"angle": 0, "axis": "y", "origin": [4, 0, 7.8]},
			"faces": {
				"north": {"uv": [0, 0, 16, 16], "texture": "#4"}
			}
		},
		{
			"from": [4.5, 0.5, 7],
			"to": [11.5, 2, 8],
			"rotation": {"angle": 0, "axis": "y", "origin": [4, 0, 8]},
			"faces": {
				"north": {"uv": [1, 12, 15, 15], "texture": "#3"},
				"east": {"uv": [2, 12, 4, 15], "texture": "#3"},
				"south": {"uv": [0, 0, 0, 0], "texture": "#3"},
				"west": {"uv": [13, 12, 15, 15], "texture": "#3"},
				"up": {"uv": [1, 13, 15, 11], "texture": "#3"},
				"down": {"uv": [1, 11, 15, 13], "texture": "#3"}
			}
		},
		{
			"from": [8.2, 2, 7.4],
			"to": [9.2, 5, 8.4],
			"rotation": {"angle": 0, "axis": "y", "origin": [1.2, 2, 0.4]},
			"faces": {
				"north": {"uv": [0, 8, 2, 14], "texture": "#0"},
				"east": {"uv": [2, 8, 4, 14], "texture": "#0"},
				"south": {"uv": [0, 8, 2, 14], "texture": "#0"},
				"west": {"uv": [2, 8, 4, 14], "texture": "#0"},
				"up": {"uv": [0, 6, 2, 8], "texture": "#0"},
				"down": {"uv": [0, 14, 2, 16], "texture": "#0", "cullface": "down"}
			}
		},
		{
			"from": [8.15, 2, 7.35],
			"to": [9.25, 5.1, 8.45],
			"rotation": {"angle": 0, "axis": "y", "origin": [1.2, 2.1, 0.4]},
			"faces": {
				"north": {"uv": [8, 0, 10, 6], "texture": "#0"},
				"east": {"uv": [10, 0, 12, 6], "texture": "#0"},
				"south": {"uv": [8, 0, 10, 6], "texture": "#0"},
				"west": {"uv": [10, 0, 12, 6], "texture": "#0"},
				"up": {"uv": [0, 6, 2, 8], "texture": "#0"}
			}
		},
		{
			"from": [7.8, 5, 8.45],
			"to": [8.8, 6, 8.45],
			"rotation": {"angle": -45, "axis": "y", "origin": [9.3, 5, 8.4]},
			"faces": {
				"north": {"uv": [0, 4, 2, 6], "texture": "#0"},
				"east": {"uv": [0, 0, 0, 0], "texture": "#0"},
				"south": {"uv": [2, 4, 0, 6], "texture": "#0"},
				"west": {"uv": [0, 0, 0, 0], "texture": "#0"},
				"up": {"uv": [0, 0, 0, 0], "texture": "#0"},
				"down": {"uv": [0, 0, 0, 0], "texture": "#0"}
			}
		},
		{
			"from": [7.75, 5, 7.3],
			"to": [8.75, 6, 7.3],
			"rotation": {"angle": 45, "axis": "y", "origin": [9.3, 5, 7.3]},
			"faces": {
				"north": {"uv": [0, 4, 2, 6], "texture": "#0"},
				"east": {"uv": [0, 0, 0, 0], "texture": "#0"},
				"south": {"uv": [2, 4, 0, 6], "texture": "#0"},
				"west": {"uv": [0, 0, 0, 0], "texture": "#0"},
				"up": {"uv": [0, 0, 0, 0], "texture": "#0"},
				"down": {"uv": [0, 0, 0, 0], "texture": "#0"}
			}
		},
		{
			"from": [6.8, 1.2, 7.4],
			"to": [7.8, 4.2, 8.4],
			"rotation": {"angle": -45, "axis": "y", "origin": [7.22877, 3.7, 7.88536]},
			"faces": {
				"north": {"uv": [0, 8, 2, 14], "texture": "#0"},
				"east": {"uv": [2, 8, 4, 14], "texture": "#0"},
				"south": {"uv": [0, 8, 2, 14], "texture": "#0"},
				"west": {"uv": [2, 8, 4, 14], "texture": "#0"},
				"up": {"uv": [0, 6, 2, 8], "texture": "#0"},
				"down": {"uv": [0, 14, 2, 16], "texture": "#0", "cullface": "down"}
			}
		},
		{
			"from": [6.75, 1.2, 7.35],
			"to": [7.85, 4.3, 8.45],
			"rotation": {"angle": -45, "axis": "y", "origin": [7.22877, 3.7, 7.88536]},
			"faces": {
				"north": {"uv": [8, 0, 10, 6], "texture": "#0"},
				"east": {"uv": [10, 0, 12, 6], "texture": "#0"},
				"south": {"uv": [8, 0, 10, 6], "texture": "#0"},
				"west": {"uv": [10, 0, 12, 6], "texture": "#0"},
				"up": {"uv": [0, 6, 2, 8], "texture": "#0"}
			}
		},
		{
			"from": [7.28949, 4.2, 7.2239],
			"to": [7.28949, 5.2, 8.2239],
			"rotation": {"angle": 0, "axis": "y", "origin": [7.22877, 3.7, 7.88536]},
			"faces": {
				"north": {"uv": [0, 0, 0, 0], "texture": "#0"},
				"east": {"uv": [0, 4, 2, 6], "texture": "#0"},
				"south": {"uv": [0, 0, 0, 0], "texture": "#0"},
				"west": {"uv": [2, 4, 0, 6], "texture": "#0"},
				"up": {"uv": [0, 0, 0, 0], "rotation": 90, "texture": "#0"},
				"down": {"uv": [0, 0, 0, 0], "rotation": 270, "texture": "#0"}
			}
		},
		{
			"from": [6.56731, 4.2, 7.94608],
			"to": [7.56731, 5.2, 7.94608],
			"rotation": {"angle": 0, "axis": "y", "origin": [7.22877, 3.7, 7.88536]},
			"faces": {
				"north": {"uv": [0, 4, 2, 6], "texture": "#0"},
				"east": {"uv": [0, 0, 0, 0], "texture": "#0"},
				"south": {"uv": [2, 4, 0, 6], "texture": "#0"},
				"west": {"uv": [0, 0, 0, 0], "texture": "#0"},
				"up": {"uv": [0, 0, 0, 0], "texture": "#0"},
				"down": {"uv": [0, 0, 0, 0], "texture": "#0"}
			}
		},
		{
			"from": [6.4, 5.7, 7.6],
			"to": [10.4, 6.7, 7.6],
			"rotation": {"angle": 0, "axis": "y", "origin": [6.4, 4.7, 5.6]},
			"faces": {
				"north": {"uv": [16, 6, 0, 10], "texture": "#2"},
				"east": {"uv": [0, 0, 0, 2], "texture": "#missing"},
				"south": {"uv": [0, 0, 2, 2], "texture": "#missing"},
				"west": {"uv": [0, 0, 0, 2], "texture": "#missing"},
				"up": {"uv": [0, 0, 2, 0], "texture": "#missing"},
				"down": {"uv": [0, 0, 2, 0], "texture": "#missing"}
			}
		},
		{
			"from": [5.4, 6.3, 7.4],
			"to": [9.4, 7.3, 7.4],
			"rotation": {"angle": 0, "axis": "y", "origin": [5.4, 5.3, 5.4]},
			"faces": {
				"north": {"uv": [16, 2, 0, 6], "texture": "#2"},
				"east": {"uv": [0, 0, 0, 2], "texture": "#missing"},
				"south": {"uv": [0, 0, 2, 2], "texture": "#missing"},
				"west": {"uv": [0, 0, 0, 2], "texture": "#missing"},
				"up": {"uv": [0, 0, 2, 0], "texture": "#missing"},
				"down": {"uv": [0, 0, 2, 0], "texture": "#missing"}
			}
		},
		{
			"from": [4.4, 4.6, 7.8],
			"to": [8.4, 5.6, 7.8],
			"rotation": {"angle": 0, "axis": "y", "origin": [4.4, 3.6, 5.8]},
			"faces": {
				"north": {"uv": [16, 2, 0, 6], "texture": "#2"},
				"east": {"uv": [0, 0, 0, 2], "texture": "#missing"},
				"south": {"uv": [0, 0, 2, 2], "texture": "#missing"},
				"west": {"uv": [0, 0, 0, 2], "texture": "#missing"},
				"up": {"uv": [0, 0, 2, 0], "texture": "#missing"},
				"down": {"uv": [0, 0, 2, 0], "texture": "#missing"}
			}
		}
	],
	"groups": [
		0,
		1,
		2,
		{
			"name": "group",
			"origin": [8, 8, 8],
			"color": 0,
			"children": [
				3,
				4,
				{
					"name": "group",
					"origin": [8, 6, 8],
					"color": 0,
					"children": [
						5,
						6,
						{
							"name": "group",
							"origin": [9, 6, 5],
							"color": 0,
							"children": []
						}
					]
				},
				{
					"name": "group",
					"origin": [2, 0, 10],
					"color": 0,
					"children": []
				}
			]
		},
		{
			"name": "group",
			"origin": [8, 8, 8],
			"color": 0,
			"children": [
				7,
				8,
				{
					"name": "group",
					"origin": [8, 6, 8],
					"color": 0,
					"children": [
						9,
						10,
						{
							"name": "group",
							"origin": [9, 6, 5],
							"color": 0,
							"children": []
						}
					]
				},
				{
					"name": "group",
					"origin": [2, 0, 10],
					"color": 0,
					"children": []
				}
			]
		},
		11,
		12,
		13
	]
}