{
	"credit": "Made by Bret06 using Blockbench",
	"textures": {
		"0": "lunareclipse.watching:item/ui/config/icons/disappearing_torches/backdrop_old",
		"1": "lunareclipse.watching:item/ui/config/icons/disappearing_torches/torch",
		"particle": "lunareclipse.watching:item/ui/config/icons/disappearing_torches/backdrop_old"
	},
	"elements": [
		{
			"from": [4, 0, 8],
			"to": [12, 8, 8],
			"rotation": {"angle": 0, "axis": "y", "origin": [4, 0, 8]},
			"faces": {
				"north": {"uv": [0, 0, 16, 16], "texture": "#0"}
			}
		},
		{
			"from": [7.5, 1.3, 8],
			"to": [8.5, 6.3, 9],
			"rotation": {"angle": -22.5, "axis": "x", "origin": [6.5, 1.3, 8]},
			"faces": {
				"north": {"uv": [7, 6, 9, 16], "texture": "#1"},
				"east": {"uv": [9, 6, 7, 16], "texture": "#1"},
				"south": {"uv": [7, 6, 9, 16], "texture": "#1"},
				"west": {"uv": [9, 6, 7, 16], "texture": "#1"},
				"up": {"uv": [9, 6, 7, 8], "texture": "#1"},
				"down": {"uv": [7, 14, 9, 16], "texture": "#1"}
			}
		}
	],
	"groups": [
		0,
		{
			"name": "group",
			"origin": [6.5, 0, 7],
			"color": 0,
			"children": [1]
		}
	]
}