{
	"credit": "Made by Bret06 using Blockbench",
	"textures": {
		"0": "lunareclipse.watching:item/ui/config/icons/malevolent_shrine/backdrop",
		"1": "lunareclipse.watching:item/ui/config/icons/sightings/8bit_herobrine",
		"2": "lunareclipse.watching:item/ui/config/icons/malevolent_shrine/gold_block",
		"3": "lunareclipse.watching:item/ui/config/icons/malevolent_shrine/netherrack",
		"4": "lunareclipse.watching:item/ui/config/icons/malevolent_shrine/redstone_torch",
		"5": "lunareclipse.watching:item/ui/config/icons/malevolent_shrine/fire_1",
		"particle": "lunareclipse.watching:item/ui/config/icons/malevolent_shrine/backdrop"
	},
	"elements": [
		{
			"from": [4, 0, 8],
			"to": [12, 8, 8],
			"rotation": {"angle": 0, "axis": "y", "origin": [4, 0, 8]},
			"faces": {
				"north": {"uv": [0, 0, 16, 16], "texture": "#0"}
			}
		},
		{
			"name": "Box4",
			"from": [7.23382, 3.5651, 6.75371],
			"to": [8.56717, 5.5651, 7.42036],
			"rotation": {"angle": 0, "axis": "z", "origin": [8.04387, 4.28088, 6.7883]},
			"faces": {
				"north": {"uv": [5, 5, 7, 8], "texture": "#1"},
				"east": {"uv": [4, 5, 5, 8], "texture": "#1"},
				"south": {"uv": [8, 5, 10, 8], "texture": "#1"},
				"west": {"uv": [7, 5, 8, 8], "texture": "#1"},
				"up": {"uv": [7, 5, 5, 4], "texture": "#1"},
				"down": {"uv": [7, 4, 9, 5], "texture": "#1"}
			}
		},
		{
			"name": "Box7",
			"from": [7.23382, 1.6651, 6.05371],
			"to": [7.90047, 3.6651, 6.72036],
			"rotation": {"angle": -22.5, "axis": "x", "origin": [7.56714, 3.6651, 6.38704]},
			"faces": {
				"north": {"uv": [1, 5, 2, 8], "texture": "#1"},
				"east": {"uv": [0, 5, 1, 8], "texture": "#1"},
				"south": {"uv": [3, 5, 4, 8], "texture": "#1"},
				"west": {"uv": [2, 5, 3, 8], "texture": "#1"},
				"up": {"uv": [2, 5, 1, 4], "texture": "#1"},
				"down": {"uv": [3, 4, 2, 5], "texture": "#1"}
			}
		},
		{
			"name": "Box8",
			"from": [7.89882, 1.5651, 6.75371],
			"to": [8.56547, 3.5651, 7.42036],
			"rotation": {"angle": 0, "axis": "y", "origin": [8.23214, 3.5651, 7.08704]},
			"faces": {
				"north": {"uv": [5, 13, 6, 16], "texture": "#1"},
				"east": {"uv": [4, 13, 5, 16], "texture": "#1"},
				"south": {"uv": [7, 13, 8, 16], "texture": "#1"},
				"west": {"uv": [6, 13, 7, 16], "texture": "#1"},
				"up": {"uv": [6, 13, 5, 12], "texture": "#1"},
				"down": {"uv": [7, 12, 6, 13], "texture": "#1"}
			}
		},
		{
			"name": "Box6",
			"from": [8.41382, 3.5151, 6.70371],
			"to": [9.18047, 5.6151, 7.47036],
			"rotation": {"angle": 22.5, "axis": "z", "origin": [8.79714, 5.5651, 7.08704]},
			"faces": {
				"north": {"uv": [11, 9, 12, 12], "texture": "#1"},
				"east": {"uv": [10, 9, 11, 12], "texture": "#1"},
				"south": {"uv": [13, 9, 14, 12], "texture": "#1"},
				"west": {"uv": [12, 9, 13, 12], "texture": "#1"},
				"up": {"uv": [12, 9, 11, 8], "texture": "#1"},
				"down": {"uv": [13, 8, 12, 9], "texture": "#1"}
			}
		},
		{
			"name": "Box7",
			"from": [8.46382, 3.5651, 6.75371],
			"to": [9.13047, 5.5651, 7.42036],
			"rotation": {"angle": 22.5, "axis": "z", "origin": [8.79714, 5.5651, 7.08704]},
			"faces": {
				"north": {"uv": [11, 5, 12, 8], "texture": "#1"},
				"east": {"uv": [10, 5, 11, 8], "texture": "#1"},
				"south": {"uv": [13, 5, 14, 8], "texture": "#1"},
				"west": {"uv": [12, 5, 13, 8], "texture": "#1"},
				"up": {"uv": [12, 5, 11, 4], "texture": "#1"},
				"down": {"uv": [13, 4, 12, 5], "texture": "#1"}
			}
		},
		{
			"name": "Box7",
			"from": [6.41382, 3.4151, 6.70371],
			"to": [7.18047, 5.5151, 7.47036],
			"rotation": {"angle": -22.5, "axis": "z", "origin": [7.19714, 5.0651, 7.08704]},
			"faces": {
				"north": {"uv": [11, 9, 12, 12], "texture": "#1"},
				"east": {"uv": [10, 9, 11, 12], "texture": "#1"},
				"south": {"uv": [13, 9, 14, 12], "texture": "#1"},
				"west": {"uv": [12, 9, 13, 12], "texture": "#1"},
				"up": {"uv": [12, 9, 11, 8], "texture": "#1"},
				"down": {"uv": [13, 8, 12, 9], "texture": "#1"}
			}
		},
		{
			"name": "Box8",
			"from": [6.46382, 3.4651, 6.75371],
			"to": [7.13047, 5.4651, 7.42036],
			"rotation": {"angle": -22.5, "axis": "z", "origin": [7.19714, 5.0651, 7.08704]},
			"faces": {
				"north": {"uv": [11, 5, 12, 8], "texture": "#1"},
				"east": {"uv": [10, 5, 11, 8], "texture": "#1"},
				"south": {"uv": [13, 5, 14, 8], "texture": "#1"},
				"west": {"uv": [12, 5, 13, 8], "texture": "#1"},
				"up": {"uv": [12, 5, 11, 4], "texture": "#1"},
				"down": {"uv": [13, 4, 12, 5], "texture": "#1"}
			}
		},
		{
			"name": "Box6",
			"from": [7.28631, 5.5651, 6.53],
			"to": [8.61966, 6.89845, 7.86335],
			"rotation": {"angle": 0, "axis": "z", "origin": [8.04387, 4.28088, 6.7883]},
			"faces": {
				"north": {"uv": [2, 2, 4, 4], "texture": "#1"},
				"east": {"uv": [0, 2, 2, 4], "texture": "#1"},
				"south": {"uv": [6, 2, 8, 4], "texture": "#1"},
				"west": {"uv": [4, 2, 6, 4], "texture": "#1"},
				"up": {"uv": [4, 2, 2, 0], "texture": "#1"},
				"down": {"uv": [6, 0, 4, 2], "texture": "#1"}
			}
		},
		{
			"from": [4.2, 0.5, 7.6],
			"to": [11.7, 3, 9.1],
			"rotation": {"angle": 0, "axis": "y", "origin": [9.2, 0.5, 7.6]},
			"faces": {
				"north": {"uv": [0, 0, 16, 5.33333], "texture": "#2"},
				"east": {"uv": [2, 0, 0, 5.33333], "texture": "#2"},
				"south": {"uv": [0, 0, 16, 5.33333], "texture": "#2"},
				"west": {"uv": [16, 0, 14, 5.33333], "texture": "#2"},
				"up": {"uv": [0, 0, 16, 5.33333], "texture": "#2"},
				"down": {"uv": [0, 0, 16, 5.33333], "texture": "#2"}
			}
		},
		{
			"from": [6.7, 3, 7.7],
			"to": [9.2, 5.5, 10.2],
			"rotation": {"angle": 0, "axis": "y", "origin": [6.7, 3, 7.7]},
			"faces": {
				"north": {"uv": [0, 0, 16, 16], "texture": "#3"},
				"east": {"uv": [0, 0, 16, 16], "texture": "#3"},
				"south": {"uv": [0, 0, 16, 16], "texture": "#3"},
				"west": {"uv": [0, 0, 16, 16], "texture": "#3"},
				"up": {"uv": [0, 0, 16, 16], "texture": "#3"},
				"down": {"uv": [0, 0, 16, 16], "texture": "#3"}
			}
		},
		{
			"from": [6.7, 5.5, 7.7],
			"to": [9.2, 8, 10.2],
			"rotation": {"angle": 0, "axis": "y", "origin": [6.7, 5.5, 7.7]},
			"faces": {
				"north": {"uv": [0, 0, 16, 16], "texture": "#5"},
				"east": {"uv": [0, 0, 16, 16], "texture": "#5"},
				"south": {"uv": [0, 0, 16, 16], "texture": "#5"},
				"west": {"uv": [0, 0, 16, 16], "texture": "#5"}
			}
		},
		{
			"from": [5.3, 2.8, 7.8],
			"to": [5.7, 4.2, 8.2],
			"rotation": {"angle": 0, "axis": "y", "origin": [5.3, 2, 7.8]},
			"faces": {
				"north": {"uv": [7, 8, 9, 16], "texture": "#4"},
				"east": {"uv": [7, 8, 9, 16], "texture": "#4"},
				"south": {"uv": [7, 8, 9, 16], "texture": "#4"},
				"west": {"uv": [7, 8, 9, 16], "texture": "#4"},
				"up": {"uv": [7, 8, 9, 10], "texture": "#4"},
				"down": {"uv": [7, 14, 9, 16], "texture": "#4"}
			}
		},
		{
			"from": [10.3, 2.8, 7.8],
			"to": [10.7, 4.2, 8.2],
			"rotation": {"angle": 0, "axis": "y", "origin": [10.3, 2, 7.8]},
			"faces": {
				"north": {"uv": [7, 8, 9, 16], "texture": "#4"},
				"east": {"uv": [7, 8, 9, 16], "texture": "#4"},
				"south": {"uv": [7, 8, 9, 16], "texture": "#4"},
				"west": {"uv": [7, 8, 9, 16], "texture": "#4"},
				"up": {"uv": [7, 8, 9, 10], "texture": "#4"},
				"down": {"uv": [7, 14, 9, 16], "texture": "#4"}
			}
		}
	],
	"groups": [
		0,
		{
			"name": "bone7",
			"origin": [-7, 0, -7],
			"color": 0,
			"children": [
				{
					"name": "bone6",
					"origin": [-7, 0, -7],
					"color": 0,
					"children": [1]
				},
				{
					"name": "bone3",
					"origin": [-5, -6, 1],
					"color": 0,
					"children": [2]
				},
				{
					"name": "bone3",
					"origin": [-5, -6, 1],
					"color": 0,
					"children": [3]
				},
				{
					"name": "bone3",
					"origin": [-5, -6, 1],
					"color": 0,
					"children": [4, 5]
				},
				{
					"name": "bone3",
					"origin": [-5, -6, 1],
					"color": 0,
					"children": [6, 7]
				},
				{
					"name": "bone",
					"origin": [-7, 1, -7],
					"color": 0,
					"children": [8]
				}
			]
		},
		9,
		10,
		11,
		12,
		13
	]
}