{
	"credit": "Made by Bret06 using Blockbench",
	"texture_size": [32, 32],
	"textures": {
		"0": "lunareclipse.architect:item/decorations/props/teddy_bear",
		"particle": "lunareclipse.architect:item/decorations/props/teddy_bear"
	},
	"elements": [
		{
			"from": [5.5, 5.25, 4.5],
			"to": [10.5, 10.25, 9.5],
			"rotation": {"angle": -22.5, "axis": "x", "origin": [8.5, 8.25, 7.5]},
			"faces": {
				"north": {"uv": [2.5, 2.5, 5, 5], "texture": "#0"},
				"east": {"uv": [0, 2.5, 2.5, 5], "texture": "#0"},
				"south": {"uv": [5, 2.5, 7.5, 5], "texture": "#0"},
				"west": {"uv": [2.5, 2.5, 0, 5], "texture": "#0"},
				"up": {"uv": [2.5, 0, 5, 2.5], "texture": "#0"},
				"down": {"uv": [0, 0, 2.5, 2.5], "texture": "#0"}
			}
		},
		{
			"from": [6.5, 4.86732, 3.57612],
			"to": [9.5, 6.86732, 4.57612],
			"rotation": {"angle": -22.5, "axis": "x", "origin": [9.5, 7.86732, 6.57612]},
			"faces": {
				"north": {"uv": [5, 1.5, 6.5, 2.5], "texture": "#0"},
				"east": {"uv": [5, 1.5, 5.5, 2.5], "texture": "#0"},
				"south": {"uv": [5, 1.5, 6.5, 2.5], "texture": "#0"},
				"west": {"uv": [6, 1.5, 6.5, 2.5], "texture": "#0"},
				"up": {"uv": [5, 1.5, 6.5, 2], "texture": "#0"},
				"down": {"uv": [5, 2, 6.5, 2.5], "texture": "#0"}
			}
		},
		{
			"from": [4, 9.61732, 4.57612],
			"to": [6, 11.61732, 5.57612],
			"rotation": {"angle": -22.5, "axis": "x", "origin": [7, 12.61732, 7.57612]},
			"faces": {
				"north": {"uv": [6, 0.5, 5, 1.5], "texture": "#0"},
				"east": {"uv": [6, 0.5, 6.5, 1.5], "texture": "#0"},
				"south": {"uv": [7, 0.5, 6, 1.5], "texture": "#0"},
				"west": {"uv": [6.5, 0.5, 7, 1.5], "texture": "#0"},
				"up": {"uv": [6, 0.5, 7, 1], "texture": "#0"},
				"down": {"uv": [7, 1, 6, 1.5], "texture": "#0"}
			}
		},
		{
			"from": [10, 9.61732, 4.57612],
			"to": [12, 11.61732, 5.57612],
			"rotation": {"angle": -22.5, "axis": "x", "origin": [13, 12.61732, 7.57612]},
			"faces": {
				"north": {"uv": [5, 0.5, 6, 1.5], "texture": "#0"},
				"east": {"uv": [6.5, 0.5, 7, 1.5], "texture": "#0"},
				"south": {"uv": [6, 0.5, 7, 1.5], "texture": "#0"},
				"west": {"uv": [6, 0.5, 6.5, 1.5], "texture": "#0"},
				"up": {"uv": [6, 0.5, 7, 1], "texture": "#0"},
				"down": {"uv": [6, 1, 7, 1.5], "texture": "#0"}
			}
		},
		{
			"from": [5.51, 0, 7],
			"to": [10.49, 6, 10],
			"rotation": {"angle": 0, "axis": "y", "origin": [5.5, 0, 7]},
			"faces": {
				"north": {"uv": [0, 5, 2.5, 8], "texture": "#0"},
				"east": {"uv": [2.5, 5, 4, 8], "texture": "#0"},
				"south": {"uv": [4, 5, 6.5, 8], "texture": "#0"},
				"west": {"uv": [4, 5, 2.5, 8], "texture": "#0"},
				"up": {"uv": [2.5, 9.5, 0, 8], "texture": "#0"},
				"down": {"uv": [5.5, 0.5, 5, 0], "texture": "#0"}
			}
		},
		{
			"from": [5.25, -0.01, 6.75],
			"to": [10.75, 2.49, 10.25],
			"rotation": {"angle": 0, "axis": "y", "origin": [5.5, 0.25, 7]},
			"faces": {
				"north": {"uv": [0, 7, 2.5, 8], "texture": "#0"},
				"east": {"uv": [2.5, 7, 4, 8], "texture": "#0"},
				"south": {"uv": [4, 7, 6.5, 8], "texture": "#0"},
				"west": {"uv": [4, 7, 2.5, 8], "texture": "#0"},
				"up": {"uv": [5.5, 0.5, 5, 0], "texture": "#0"},
				"down": {"uv": [5, 9.5, 2.5, 8], "texture": "#0"}
			}
		},
		{
			"from": [4, 1.25, 7.25],
			"to": [6, 5.25, 9.25],
			"rotation": {"angle": -22.5, "axis": "z", "origin": [5, 5.25, 8.25]},
			"faces": {
				"north": {"uv": [1, 9.5, 0, 11.5], "texture": "#0"},
				"east": {"uv": [7.5, 5, 6.5, 7], "texture": "#0"},
				"south": {"uv": [0, 9.5, 1, 11.5], "texture": "#0"},
				"west": {"uv": [6, 8, 5, 10], "texture": "#0"},
				"up": {"uv": [2, 10.5, 1, 11.5], "texture": "#0"},
				"down": {"uv": [2, 9.5, 1, 10.5], "texture": "#0"}
			}
		},
		{
			"from": [10, 1.25, 7.25],
			"to": [12, 5.25, 9.25],
			"rotation": {"angle": 22.5, "axis": "z", "origin": [11, 5.25, 8.25]},
			"faces": {
				"north": {"uv": [0, 9.5, 1, 11.5], "texture": "#0"},
				"east": {"uv": [5, 8, 6, 10], "texture": "#0"},
				"south": {"uv": [1, 9.5, 0, 11.5], "texture": "#0"},
				"west": {"uv": [6.5, 5, 7.5, 7], "texture": "#0"},
				"up": {"uv": [1, 10.5, 2, 11.5], "texture": "#0"},
				"down": {"uv": [1, 9.5, 2, 10.5], "texture": "#0"}
			}
		},
		{
			"from": [5, 0, 4],
			"to": [7, 2, 7],
			"rotation": {"angle": 22.5, "axis": "y", "origin": [6, 1, 5.5]},
			"faces": {
				"north": {"uv": [1, 11.5, 2, 12.5], "texture": "#0"},
				"east": {"uv": [2, 9.5, 3.5, 10.5], "texture": "#0"},
				"south": {"uv": [0, 11.5, 1, 12.5], "texture": "#0"},
				"west": {"uv": [5, 10.5, 3.5, 11.5], "texture": "#0"},
				"up": {"uv": [3.5, 11.5, 2, 10.5], "rotation": 90, "texture": "#0"},
				"down": {"uv": [3.5, 10.5, 5, 9.5], "rotation": 90, "texture": "#0"}
			}
		},
		{
			"from": [9, 0, 4],
			"to": [11, 2, 7],
			"rotation": {"angle": -22.5, "axis": "y", "origin": [10, 1, 5.5]},
			"faces": {
				"north": {"uv": [2, 11.5, 1, 12.5], "texture": "#0"},
				"east": {"uv": [3.5, 10.5, 5, 11.5], "texture": "#0"},
				"south": {"uv": [1, 11.5, 0, 12.5], "texture": "#0"},
				"west": {"uv": [3.5, 9.5, 2, 10.5], "texture": "#0"},
				"up": {"uv": [3.5, 11.5, 2, 10.5], "rotation": 90, "texture": "#0"},
				"down": {"uv": [3.5, 10.5, 5, 9.5], "rotation": 90, "texture": "#0"}
			}
		},
		{
			"from": [5.5, 1, 10.26],
			"to": [10.5, 6, 10.26],
			"rotation": {"angle": 0, "axis": "y", "origin": [5.5, 1, 10.25]},
			"faces": {
				"north": {"uv": [10, 0, 7.5, 2.5], "texture": "#0"},
				"east": {"uv": [0, 0, 0, 2.5], "texture": "#missing"},
				"south": {"uv": [7.5, 0, 10, 2.5], "texture": "#0"},
				"west": {"uv": [0, 0, 0, 2.5], "texture": "#missing"},
				"up": {"uv": [0, 0, 2.5, 0], "texture": "#missing"},
				"down": {"uv": [0, 0, 2.5, 0], "texture": "#missing"}
			}
		}
	],
	"gui_light": "front",
	"display": {
		"thirdperson_righthand": {
			"rotation": [75, 45, 0],
			"translation": [0, 2.5, 0],
			"scale": [0.375, 0.375, 0.375]
		},
		"thirdperson_lefthand": {
			"rotation": [75, 45, 0],
			"translation": [0, 2.5, 0],
			"scale": [0.375, 0.375, 0.375]
		},
		"firstperson_righthand": {
			"rotation": [-175.83, 30.48, 171.88],
			"translation": [0, 6, 1.5],
			"scale": [0.6, 0.6, 0.6]
		},
		"firstperson_lefthand": {
			"rotation": [-175.83, 30.48, 171.88],
			"translation": [0, 6, 1.5],
			"scale": [0.6, 0.6, 0.6]
		},
		"ground": {
			"translation": [0, 3, 0],
			"scale": [0.5, 0.5, 0.5]
		},
		"gui": {
			"rotation": [13, 156, 0],
			"translation": [0.25, 2.75, 0]
		},
		"head": {
			"translation": [0, 22.25, 0],
			"scale": [2, 2, 2]
		},
		"fixed": {
			"rotation": [-90, 0, 0],
			"translation": [0, 0, -16],
			"scale": [2, 2, 2]
		}
	},
	"groups": [
		{
			"name": "Head",
			"origin": [8, 8, 8],
			"color": 0,
			"children": [0, 1, 2, 3]
		},
		{
			"name": "Body",
			"origin": [8, 8, 8],
			"color": 0,
			"children": [4, 5]
		},
		{
			"name": "Arms",
			"origin": [8, 8, 8],
			"color": 0,
			"children": [6, 7]
		},
		{
			"name": "Legs",
			"origin": [8, 8, 8],
			"color": 0,
			"children": [8, 9]
		},
		10
	]
}