{
	"credit": "Made by Bret06 using Blockbench",
	"texture_size": [32, 32],
	"textures": {
		"present": "lunareclipse.christmas:item/present/1"
	},
	"elements": [
		{
			"from": [4, 0, 4],
			"to": [12, 9, 12],
			"rotation": {"angle": 0, "axis": "y", "origin": [8, 4, 8]},
			"faces": {
				"north": {"uv": [8, 0, 12, 4.5], "texture": "#present"},
				"east": {"uv": [8, 4.5, 12, 9], "texture": "#present"},
				"south": {"uv": [0, 9, 4, 13.5], "texture": "#present"},
				"west": {"uv": [4, 9, 8, 13.5], "texture": "#present"},
				"up": {"uv": [16, 8, 12, 4], "texture": "#present"},
				"down": {"uv": [16, 8, 12, 12], "texture": "#present"}
			}
		},
		{
			"from": [3.5, -0.5, 3.5],
			"to": [12.5, 9.5, 12.5],
			"rotation": {"angle": 0, "axis": "y", "origin": [8, 4, 8]},
			"faces": {
				"north": {"uv": [0, 0, 4, 4.5], "texture": "#present"},
				"east": {"uv": [4, 0, 8, 4.5], "texture": "#present"},
				"south": {"uv": [0, 4.5, 4, 9], "texture": "#present"},
				"west": {"uv": [4, 4.5, 8, 9], "texture": "#present"},
				"up": {"uv": [12, 13, 8, 9], "texture": "#present"},
				"down": {"uv": [16, 0, 12, 4], "texture": "#present"}
			}
		},
		{
			"from": [4.6, 9.9, 7],
			"to": [7.6, 12.9, 9],
			"rotation": {"angle": -22.5, "axis": "z", "origin": [6.1, 11.4, 8]},
			"faces": {
				"east": {"uv": [2.5, 1.5, 1.5, 0], "texture": "#present"},
				"west": {"uv": [1.5, 0, 2.5, 1.5], "texture": "#present"},
				"up": {"uv": [1.5, 1.5, 2.5, 0], "rotation": 90, "texture": "#present"},
				"down": {"uv": [2.5, 0, 1.5, 1.5], "rotation": 90, "texture": "#present"}
			}
		},
		{
			"from": [8.4, 9.9, 7],
			"to": [11.4, 12.9, 9],
			"rotation": {"angle": 22.5, "axis": "z", "origin": [9.9, 11.4, 8]},
			"faces": {
				"east": {"uv": [1.5, 0, 2.5, 1.5], "texture": "#present"},
				"west": {"uv": [2.5, 1.5, 1.5, 0], "texture": "#present"},
				"up": {"uv": [1.5, 1.5, 2.5, 0], "rotation": 90, "texture": "#present"},
				"down": {"uv": [2.5, 0, 1.5, 1.5], "rotation": 90, "texture": "#present"}
			}
		},
		{
			"name": "cube inverted",
			"from": [11.4, 12.9, 9],
			"to": [8.4, 9.9, 7],
			"rotation": {"angle": 22.5, "axis": "z", "origin": [9.9, 11.4, 8]},
			"faces": {
				"east": {"uv": [2.5, 0, 1.5, 1.5], "texture": "#present"},
				"west": {"uv": [1.5, 1.5, 2.5, 0], "texture": "#present"},
				"up": {"uv": [2.5, 1.5, 1.5, 0], "rotation": 90, "texture": "#present"},
				"down": {"uv": [1.5, 0, 2.5, 1.5], "rotation": 90, "texture": "#present"}
			}
		},
		{
			"name": "cube inverted",
			"from": [7.6, 12.9, 9],
			"to": [4.6, 9.9, 7],
			"rotation": {"angle": -22.5, "axis": "z", "origin": [6.1, 11.4, 8]},
			"faces": {
				"east": {"uv": [1.5, 1.5, 2.5, 0], "texture": "#present"},
				"west": {"uv": [2.5, 0, 1.5, 1.5], "texture": "#present"},
				"up": {"uv": [2.5, 1.5, 1.5, 0], "rotation": 90, "texture": "#present"},
				"down": {"uv": [1.5, 0, 2.5, 1.5], "rotation": 90, "texture": "#present"}
			}
		},
		{
			"name": "cube inverted",
			"from": [12.5, 9.5, 12.5],
			"to": [3.5, -0.5, 3.5],
			"rotation": {"angle": 0, "axis": "y", "origin": [8, 4, 8]},
			"faces": {
				"north": {"uv": [0, 9, 4, 4.5], "texture": "#present"},
				"east": {"uv": [4, 9, 8, 4.5], "texture": "#present"},
				"south": {"uv": [0, 4.5, 4, 0], "texture": "#present"},
				"west": {"uv": [4, 4.5, 8, 0], "texture": "#present"},
				"up": {"uv": [12, 0, 16, 4], "texture": "#present"},
				"down": {"uv": [8, 13, 12, 9], "texture": "#present"}
			}
		}
	],
	"gui_light": "front",
	"display": {
		"thirdperson_righthand": {
			"rotation": [75, 45, 0],
			"translation": [0, 2.5, 0],
			"scale": [0.375, 0.375, 0.375]
		},
		"thirdperson_lefthand": {
			"rotation": [75, 45, 0],
			"translation": [0, 2.5, 0],
			"scale": [0.375, 0.375, 0.375]
		},
		"firstperson_righthand": {
			"rotation": [0, 225, 0],
			"translation": [0, 3, 1.25],
			"scale": [0.6, 0.6, 0.6]
		},
		"firstperson_lefthand": {
			"rotation": [0, 225, 0],
			"translation": [0, 3, 1.25],
			"scale": [0.6, 0.6, 0.6]
		},
		"ground": {
			"translation": [0, 3, 0],
			"scale": [0.5, 0.5, 0.5]
		},
		"gui": {
			"rotation": [30, 225, 0],
			"translation": [0, 1.75, 0]
		},
		"head": {
			"translation": [0, 18.25, 0],
			"scale": [1.5, 1.5, 1.5]
		},
		"fixed": {
			"rotation": [-90, 0, 0],
			"translation": [0, 0, -16],
			"scale": [2, 2, 2]
		}
	}
}