{
	"message.warning": {
		"subtitle": "subtitle.message.warning",
		"sounds": [
			{
				"name": "lunareclipse.watching:warning",
				"volume": 0.8,
				"pitch": 1,
				"weight": 1
			}
		]
	},
	"event.crash": {
		"sounds": [
			{
				"name": "lunareclipse.watching:crash",
				"volume": 1,
				"pitch": 1,
				"weight": 1
			}
		]
	},
	"event.crash2": {
		"sounds": [
			{
				"name": "lunareclipse.watching:crash2",
				"volume": 1,
				"pitch": 1,
				"weight": 1
			}
		]
	},
	"music_disc.subwoofer_lullaby": {
		"sounds": [
			{
				"name": "lunareclipse.watching:librarian/subwoofer",
				"volume": 1,
				"pitch": 1,
				"weight": 1
			}
		]
	},
	"music_disc.herobrine_lullaby": {
		"sounds": [
			{
				"name": "lunareclipse.watching:librarian/herobrine_lullaby",
				"volume": 1,
				"pitch": 1,
				"weight": 1
			}
		]
	}
}