{
  "parent": "minecraft:item/generated",
  "textures": {
    "layer0": "minecraft:item/item_frame"
  },
  "overrides": [
    {
      "model": "lunareclipse.architect:item/ui/arrow_left",
      "predicate": {
        "custom_model_data": 1340000
      }
    },
    {
      "model": "lunareclipse.architect:item/ui/arrow_right",
      "predicate": {
        "custom_model_data": 1340001
      }
    },
    {
      "model": "lunareclipse.architect:item/decorations/book/book_stack1",
      "predicate": {
        "custom_model_data": 1350001
      }
    },
    {
      "model": "lunareclipse.architect:item/decorations/book/book_stack2",
      "predicate": {
        "custom_model_data": 1350002
      }
    },
    {
      "model": "lunareclipse.architect:item/decorations/book/book1",
      "predicate": {
        "custom_model_data": 1350003
      }
    },
    {
      "model": "lunareclipse.architect:item/decorations/book/book2",
      "predicate": {
        "custom_model_data": 1350004
      }
    },
    {
      "model": "lunareclipse.architect:item/decorations/book/builder_book",
      "predicate": {
        "custom_model_data": 1350005
      }
    },
    {
      "model": "lunareclipse.architect:item/decorations/furniture/couch/black",
      "predicate": {
        "custom_model_data": 1350006
      }
    },
    {
      "model": "lunareclipse.architect:item/decorations/furniture/couch/blue",
      "predicate": {
        "custom_model_data": 1350007
      }
    },
    {
      "model": "lunareclipse.architect:item/decorations/furniture/couch/brown",
      "predicate": {
        "custom_model_data": 1350008
      }
    },
    {
      "model": "lunareclipse.architect:item/decorations/furniture/couch/cyan",
      "predicate": {
        "custom_model_data": 1350009
      }
    },
    {
      "model": "lunareclipse.architect:item/decorations/furniture/couch/default",
      "predicate": {
        "custom_model_data": 1350010
      }
    },
    {
      "model": "lunareclipse.architect:item/decorations/furniture/couch/green",
      "predicate": {
        "custom_model_data": 1350011
      }
    },
    {
      "model": "lunareclipse.architect:item/decorations/furniture/couch/grey",
      "predicate": {
        "custom_model_data": 1350012
      }
    },
    {
      "model": "lunareclipse.architect:item/decorations/furniture/couch/light_blue",
      "predicate": {
        "custom_model_data": 1350013
      }
    },
    {
      "model": "lunareclipse.architect:item/decorations/furniture/couch/light_grey",
      "predicate": {
        "custom_model_data": 1350014
      }
    },
    {
      "model": "lunareclipse.architect:item/decorations/furniture/couch/lime",
      "predicate": {
        "custom_model_data": 1350015
      }
    },
    {
      "model": "lunareclipse.architect:item/decorations/furniture/couch/magenta",
      "predicate": {
        "custom_model_data": 1350016
      }
    },
    {
      "model": "lunareclipse.architect:item/decorations/furniture/couch/orange",
      "predicate": {
        "custom_model_data": 1350017
      }
    },
    {
      "model": "lunareclipse.architect:item/decorations/furniture/couch/pink",
      "predicate": {
        "custom_model_data": 1350018
      }
    },
    {
      "model": "lunareclipse.architect:item/decorations/furniture/couch/purple",
      "predicate": {
        "custom_model_data": 1350019
      }
    },
    {
      "model": "lunareclipse.architect:item/decorations/furniture/couch/red",
      "predicate": {
        "custom_model_data": 1350020
      }
    },
    {
      "model": "lunareclipse.architect:item/decorations/furniture/couch/white",
      "predicate": {
        "custom_model_data": 1350021
      }
    },
    {
      "model": "lunareclipse.architect:item/decorations/furniture/couch/yellow",
      "predicate": {
        "custom_model_data": 1350022
      }
    },
    {
      "model": "lunareclipse.architect:item/decorations/cup/cup1",
      "predicate": {
        "custom_model_data": 1350023
      }
    },    
    {
      "model": "lunareclipse.architect:item/decorations/cup/cup2",
      "predicate": {
        "custom_model_data": 1350024
      }
    },
    {
      "model": "lunareclipse.architect:item/decorations/bottles/bottles1",
      "predicate": {
        "custom_model_data": 1350025
      }
    },
    {
      "model": "lunareclipse.architect:item/decorations/bottles/bottles2",
      "predicate": {
        "custom_model_data": 1350026
      }
    },
    {
      "model": "lunareclipse.architect:item/decorations/bottles/bottles3",
      "predicate": {
        "custom_model_data": 1350027
      }
    },
    {
      "model": "lunareclipse.architect:item/decorations/bottles/bottles4",
      "predicate": {
        "custom_model_data": 1350028
      }
    }
  ]
}