{
	"credit": "Made by Bret06 using Blockbench",
	"textures": {
		"1": "lunareclipse.watching:item/skins/hoebrine/diamond_hoe",
		"particle": "lunareclipse.watching:item/skins/hoebrine/diamond_hoe"
	},
	"elements": [
		{
			"name": "diamond_hoe_0",
			"from": [5, 24, 7],
			"to": [8, 27, 8],
			"rotation": {"angle": 0, "axis": "z", "origin": [7.5, 19.75, 7.5]},
			"faces": {
				"north": {"uv": [7, 1, 10, 4], "texture": "#1"},
				"east": {"uv": [7, 1, 8, 4], "texture": "#1"},
				"south": {"uv": [10, 1, 7, 4], "texture": "#1"},
				"west": {"uv": [9, 1, 10, 4], "texture": "#1"},
				"up": {"uv": [7, 1, 10, 2], "rotation": 180, "texture": "#1"},
				"down": {"uv": [7, 3, 10, 4], "rotation": 180, "texture": "#1"}
			}
		},
		{
			"name": "diamond_hoe_1",
			"from": [8, 25, 7],
			"to": [9, 26, 8],
			"rotation": {"angle": 0, "axis": "z", "origin": [7.5, 19.75, 7.5]},
			"faces": {
				"north": {"uv": [6, 2, 7, 3], "texture": "#1"},
				"east": {"uv": [6, 2, 7, 3], "texture": "#1"},
				"south": {"uv": [7, 2, 6, 3], "texture": "#1"},
				"west": {"uv": [6, 2, 7, 3], "texture": "#1"},
				"up": {"uv": [6, 2, 7, 3], "rotation": 180, "texture": "#1"},
				"down": {"uv": [6, 2, 7, 3], "rotation": 180, "texture": "#1"}
			}
		},
		{
			"name": "diamond_hoe_2",
			"from": [4, 20, 7],
			"to": [5, 26, 8],
			"rotation": {"angle": 0, "axis": "z", "origin": [7.5, 19.75, 7.5]},
			"faces": {
				"north": {"uv": [10, 2, 11, 8], "texture": "#1"},
				"east": {"uv": [10, 2, 11, 8], "texture": "#1"},
				"south": {"uv": [11, 2, 10, 8], "texture": "#1"},
				"west": {"uv": [10, 2, 11, 8], "texture": "#1"},
				"up": {"uv": [10, 2, 11, 3], "rotation": 180, "texture": "#1"},
				"down": {"uv": [10, 7, 11, 8], "rotation": 180, "texture": "#1"}
			}
		},
		{
			"name": "diamond_hoe_3",
			"from": [1, 22, 7],
			"to": [4, 25, 8],
			"rotation": {"angle": 0, "axis": "z", "origin": [7.5, 19.75, 7.5]},
			"faces": {
				"north": {"uv": [11, 3, 14, 6], "texture": "#1"},
				"east": {"uv": [11, 3, 12, 6], "texture": "#1"},
				"south": {"uv": [14, 3, 11, 6], "texture": "#1"},
				"west": {"uv": [13, 3, 14, 6], "texture": "#1"},
				"up": {"uv": [11, 3, 14, 4], "rotation": 180, "texture": "#1"},
				"down": {"uv": [11, 5, 14, 6], "rotation": 180, "texture": "#1"}
			}
		},
		{
			"name": "diamond_hoe_4",
			"from": [5, 23, 7],
			"to": [6, 24, 8],
			"rotation": {"angle": 0, "axis": "z", "origin": [7.5, 19.75, 7.5]},
			"faces": {
				"north": {"uv": [9, 4, 10, 5], "texture": "#1"},
				"east": {"uv": [9, 4, 10, 5], "texture": "#1"},
				"south": {"uv": [10, 4, 9, 5], "texture": "#1"},
				"west": {"uv": [9, 4, 10, 5], "texture": "#1"},
				"up": {"uv": [9, 4, 10, 5], "rotation": 180, "texture": "#1"},
				"down": {"uv": [9, 4, 10, 5], "rotation": 180, "texture": "#1"}
			}
		},
		{
			"name": "diamond_hoe_5",
			"from": [5, 19, 7],
			"to": [6, 22, 8],
			"rotation": {"angle": 0, "axis": "z", "origin": [7.5, 19.75, 7.5]},
			"faces": {
				"north": {"uv": [9, 6, 10, 9], "texture": "#1"},
				"east": {"uv": [9, 6, 10, 9], "texture": "#1"},
				"south": {"uv": [10, 6, 9, 9], "texture": "#1"},
				"west": {"uv": [9, 6, 10, 9], "texture": "#1"},
				"up": {"uv": [9, 6, 10, 7], "rotation": 180, "texture": "#1"},
				"down": {"uv": [9, 8, 10, 9], "rotation": 180, "texture": "#1"}
			}
		},
		{
			"name": "diamond_hoe_6",
			"from": [2, 21, 7],
			"to": [4, 22, 8],
			"rotation": {"angle": 0, "axis": "z", "origin": [7.5, 19.75, 7.5]},
			"faces": {
				"north": {"uv": [11, 6, 13, 7], "texture": "#1"},
				"east": {"uv": [11, 6, 12, 7], "texture": "#1"},
				"south": {"uv": [13, 6, 11, 7], "texture": "#1"},
				"west": {"uv": [12, 6, 13, 7], "texture": "#1"},
				"up": {"uv": [11, 6, 13, 7], "rotation": 180, "texture": "#1"},
				"down": {"uv": [11, 6, 13, 7], "rotation": 180, "texture": "#1"}
			}
		},
		{
			"name": "diamond_hoe_7",
			"from": [6, 18, 7],
			"to": [7, 21, 8],
			"rotation": {"angle": 0, "axis": "z", "origin": [7.5, 19.75, 7.5]},
			"faces": {
				"north": {"uv": [8, 7, 9, 10], "texture": "#1"},
				"east": {"uv": [8, 7, 9, 10], "texture": "#1"},
				"south": {"uv": [9, 7, 8, 10], "texture": "#1"},
				"west": {"uv": [8, 7, 9, 10], "texture": "#1"},
				"up": {"uv": [8, 7, 9, 8], "rotation": 180, "texture": "#1"},
				"down": {"uv": [8, 9, 9, 10], "rotation": 180, "texture": "#1"}
			}
		},
		{
			"name": "diamond_hoe_8",
			"from": [7, 17, 7],
			"to": [8, 20, 8],
			"rotation": {"angle": 0, "axis": "z", "origin": [7.5, 19.75, 7.5]},
			"faces": {
				"north": {"uv": [7, 8, 8, 11], "texture": "#1"},
				"east": {"uv": [7, 8, 8, 11], "texture": "#1"},
				"south": {"uv": [8, 8, 7, 11], "texture": "#1"},
				"west": {"uv": [7, 8, 8, 11], "texture": "#1"},
				"up": {"uv": [7, 8, 8, 9], "rotation": 180, "texture": "#1"},
				"down": {"uv": [7, 10, 8, 11], "rotation": 180, "texture": "#1"}
			}
		},
		{
			"name": "diamond_hoe_9",
			"from": [8, 16, 7],
			"to": [9, 19, 8],
			"rotation": {"angle": 0, "axis": "z", "origin": [7.5, 19.75, 7.5]},
			"faces": {
				"north": {"uv": [6, 9, 7, 12], "texture": "#1"},
				"east": {"uv": [6, 9, 7, 12], "texture": "#1"},
				"south": {"uv": [7, 9, 6, 12], "texture": "#1"},
				"west": {"uv": [6, 9, 7, 12], "texture": "#1"},
				"up": {"uv": [6, 9, 7, 10], "rotation": 180, "texture": "#1"},
				"down": {"uv": [6, 11, 7, 12], "rotation": 180, "texture": "#1"}
			}
		},
		{
			"name": "diamond_hoe_10",
			"from": [9, 15, 7],
			"to": [10, 18, 8],
			"rotation": {"angle": 0, "axis": "z", "origin": [7.5, 19.75, 7.5]},
			"faces": {
				"north": {"uv": [5, 10, 6, 13], "texture": "#1"},
				"east": {"uv": [5, 10, 6, 13], "texture": "#1"},
				"south": {"uv": [6, 10, 5, 13], "texture": "#1"},
				"west": {"uv": [5, 10, 6, 13], "texture": "#1"},
				"up": {"uv": [5, 10, 6, 11], "rotation": 180, "texture": "#1"},
				"down": {"uv": [5, 12, 6, 13], "rotation": 180, "texture": "#1"}
			}
		},
		{
			"name": "diamond_hoe_11",
			"from": [10, 14, 7],
			"to": [11, 17, 8],
			"rotation": {"angle": 0, "axis": "z", "origin": [7.5, 19.75, 7.5]},
			"faces": {
				"north": {"uv": [4, 11, 5, 14], "texture": "#1"},
				"east": {"uv": [4, 11, 5, 14], "texture": "#1"},
				"south": {"uv": [5, 11, 4, 14], "texture": "#1"},
				"west": {"uv": [4, 11, 5, 14], "texture": "#1"},
				"up": {"uv": [4, 11, 5, 12], "rotation": 180, "texture": "#1"},
				"down": {"uv": [4, 13, 5, 14], "rotation": 180, "texture": "#1"}
			}
		},
		{
			"name": "diamond_hoe_12",
			"from": [11, 13, 7],
			"to": [12, 16, 8],
			"rotation": {"angle": 0, "axis": "z", "origin": [7.5, 19.75, 7.5]},
			"faces": {
				"north": {"uv": [3, 12, 4, 15], "texture": "#1"},
				"east": {"uv": [3, 12, 4, 15], "texture": "#1"},
				"south": {"uv": [4, 12, 3, 15], "texture": "#1"},
				"west": {"uv": [3, 12, 4, 15], "texture": "#1"},
				"up": {"uv": [3, 12, 4, 13], "rotation": 180, "texture": "#1"},
				"down": {"uv": [3, 14, 4, 15], "rotation": 180, "texture": "#1"}
			}
		},
		{
			"name": "diamond_hoe_13",
			"from": [12, 13, 7],
			"to": [13, 15, 8],
			"rotation": {"angle": 0, "axis": "z", "origin": [7.5, 19.75, 7.5]},
			"faces": {
				"north": {"uv": [2, 13, 3, 15], "texture": "#1"},
				"east": {"uv": [2, 13, 3, 15], "texture": "#1"},
				"south": {"uv": [3, 13, 2, 15], "texture": "#1"},
				"west": {"uv": [2, 13, 3, 15], "texture": "#1"},
				"up": {"uv": [2, 13, 3, 14], "rotation": 180, "texture": "#1"},
				"down": {"uv": [2, 14, 3, 15], "rotation": 180, "texture": "#1"}
			}
		},
		{
			"name": "diamond_hoe_1",
			"from": [6.2, 25.2, 7.3],
			"to": [9.2, 28.2, 8.3],
			"rotation": {"angle": 0, "axis": "z", "origin": [8.7, 20.95, 7.8]},
			"faces": {
				"north": {"uv": [7, 1, 10, 4], "texture": "#1"},
				"east": {"uv": [7, 1, 8, 4], "texture": "#1"},
				"south": {"uv": [10, 1, 7, 4], "texture": "#1"},
				"west": {"uv": [9, 1, 10, 4], "texture": "#1"},
				"up": {"uv": [7, 1, 10, 2], "rotation": 180, "texture": "#1"},
				"down": {"uv": [7, 3, 10, 4], "rotation": 180, "texture": "#1"}
			}
		},
		{
			"name": "diamond_hoe_2",
			"from": [9.2, 26.2, 7.3],
			"to": [10.2, 27.2, 8.3],
			"rotation": {"angle": 0, "axis": "z", "origin": [8.7, 20.95, 7.8]},
			"faces": {
				"north": {"uv": [6, 2, 7, 3], "texture": "#1"},
				"east": {"uv": [6, 2, 7, 3], "texture": "#1"},
				"south": {"uv": [7, 2, 6, 3], "texture": "#1"},
				"west": {"uv": [6, 2, 7, 3], "texture": "#1"},
				"up": {"uv": [6, 2, 7, 3], "rotation": 180, "texture": "#1"},
				"down": {"uv": [6, 2, 7, 3], "rotation": 180, "texture": "#1"}
			}
		},
		{
			"name": "diamond_hoe_3",
			"from": [5.2, 21.2, 7.3],
			"to": [6.2, 27.2, 8.3],
			"rotation": {"angle": 0, "axis": "z", "origin": [8.7, 20.95, 7.8]},
			"faces": {
				"north": {"uv": [10, 2, 11, 8], "texture": "#1"},
				"east": {"uv": [10, 2, 11, 8], "texture": "#1"},
				"south": {"uv": [11, 2, 10, 8], "texture": "#1"},
				"west": {"uv": [10, 2, 11, 8], "texture": "#1"},
				"up": {"uv": [10, 2, 11, 3], "rotation": 180, "texture": "#1"},
				"down": {"uv": [10, 7, 11, 8], "rotation": 180, "texture": "#1"}
			}
		},
		{
			"name": "diamond_hoe_4",
			"from": [2.2, 23.2, 7.3],
			"to": [5.2, 26.2, 8.3],
			"rotation": {"angle": 0, "axis": "z", "origin": [8.7, 20.95, 7.8]},
			"faces": {
				"north": {"uv": [11, 3, 14, 6], "texture": "#1"},
				"east": {"uv": [11, 3, 12, 6], "texture": "#1"},
				"south": {"uv": [14, 3, 11, 6], "texture": "#1"},
				"west": {"uv": [13, 3, 14, 6], "texture": "#1"},
				"up": {"uv": [11, 3, 14, 4], "rotation": 180, "texture": "#1"},
				"down": {"uv": [11, 5, 14, 6], "rotation": 180, "texture": "#1"}
			}
		},
		{
			"name": "diamond_hoe_5",
			"from": [6.2, 24.2, 7.3],
			"to": [7.2, 25.2, 8.3],
			"rotation": {"angle": 0, "axis": "z", "origin": [8.7, 20.95, 7.8]},
			"faces": {
				"north": {"uv": [9, 4, 10, 5], "texture": "#1"},
				"east": {"uv": [9, 4, 10, 5], "texture": "#1"},
				"south": {"uv": [10, 4, 9, 5], "texture": "#1"},
				"west": {"uv": [9, 4, 10, 5], "texture": "#1"},
				"up": {"uv": [9, 4, 10, 5], "rotation": 180, "texture": "#1"},
				"down": {"uv": [9, 4, 10, 5], "rotation": 180, "texture": "#1"}
			}
		},
		{
			"name": "diamond_hoe_6",
			"from": [6.2, 20.2, 7.3],
			"to": [7.2, 23.2, 8.3],
			"rotation": {"angle": 0, "axis": "z", "origin": [8.7, 20.95, 7.8]},
			"faces": {
				"north": {"uv": [9, 6, 10, 9], "texture": "#1"},
				"east": {"uv": [9, 6, 10, 9], "texture": "#1"},
				"south": {"uv": [10, 6, 9, 9], "texture": "#1"},
				"west": {"uv": [9, 6, 10, 9], "texture": "#1"},
				"up": {"uv": [9, 6, 10, 7], "rotation": 180, "texture": "#1"},
				"down": {"uv": [9, 8, 10, 9], "rotation": 180, "texture": "#1"}
			}
		},
		{
			"name": "diamond_hoe_7",
			"from": [3.2, 22.2, 7.3],
			"to": [5.2, 23.2, 8.3],
			"rotation": {"angle": 0, "axis": "z", "origin": [8.7, 20.95, 7.8]},
			"faces": {
				"north": {"uv": [11, 6, 13, 7], "texture": "#1"},
				"east": {"uv": [11, 6, 12, 7], "texture": "#1"},
				"south": {"uv": [13, 6, 11, 7], "texture": "#1"},
				"west": {"uv": [12, 6, 13, 7], "texture": "#1"},
				"up": {"uv": [11, 6, 13, 7], "rotation": 180, "texture": "#1"},
				"down": {"uv": [11, 6, 13, 7], "rotation": 180, "texture": "#1"}
			}
		},
		{
			"name": "diamond_hoe_8",
			"from": [7.2, 19.2, 7.3],
			"to": [8.2, 22.2, 8.3],
			"rotation": {"angle": 0, "axis": "z", "origin": [8.7, 20.95, 7.8]},
			"faces": {
				"north": {"uv": [8, 7, 9, 10], "texture": "#1"},
				"east": {"uv": [8, 7, 9, 10], "texture": "#1"},
				"south": {"uv": [9, 7, 8, 10], "texture": "#1"},
				"west": {"uv": [8, 7, 9, 10], "texture": "#1"},
				"up": {"uv": [8, 7, 9, 8], "rotation": 180, "texture": "#1"},
				"down": {"uv": [8, 9, 9, 10], "rotation": 180, "texture": "#1"}
			}
		},
		{
			"name": "diamond_hoe_9",
			"from": [8.2, 18.2, 7.3],
			"to": [9.2, 21.2, 8.3],
			"rotation": {"angle": 0, "axis": "z", "origin": [8.7, 20.95, 7.8]},
			"faces": {
				"north": {"uv": [7, 8, 8, 11], "texture": "#1"},
				"east": {"uv": [7, 8, 8, 11], "texture": "#1"},
				"south": {"uv": [8, 8, 7, 11], "texture": "#1"},
				"west": {"uv": [7, 8, 8, 11], "texture": "#1"},
				"up": {"uv": [7, 8, 8, 9], "rotation": 180, "texture": "#1"},
				"down": {"uv": [7, 10, 8, 11], "rotation": 180, "texture": "#1"}
			}
		},
		{
			"name": "diamond_hoe_10",
			"from": [9.2, 17.2, 7.3],
			"to": [10.2, 20.2, 8.3],
			"rotation": {"angle": 0, "axis": "z", "origin": [8.7, 20.95, 7.8]},
			"faces": {
				"north": {"uv": [6, 9, 7, 12], "texture": "#1"},
				"east": {"uv": [6, 9, 7, 12], "texture": "#1"},
				"south": {"uv": [7, 9, 6, 12], "texture": "#1"},
				"west": {"uv": [6, 9, 7, 12], "texture": "#1"},
				"up": {"uv": [6, 9, 7, 10], "rotation": 180, "texture": "#1"},
				"down": {"uv": [6, 11, 7, 12], "rotation": 180, "texture": "#1"}
			}
		},
		{
			"name": "diamond_hoe_11",
			"from": [10.2, 16.2, 7.3],
			"to": [11.2, 19.2, 8.3],
			"rotation": {"angle": 0, "axis": "z", "origin": [8.7, 20.95, 7.8]},
			"faces": {
				"north": {"uv": [5, 10, 6, 13], "texture": "#1"},
				"east": {"uv": [5, 10, 6, 13], "texture": "#1"},
				"south": {"uv": [6, 10, 5, 13], "texture": "#1"},
				"west": {"uv": [5, 10, 6, 13], "texture": "#1"},
				"up": {"uv": [5, 10, 6, 11], "rotation": 180, "texture": "#1"},
				"down": {"uv": [5, 12, 6, 13], "rotation": 180, "texture": "#1"}
			}
		},
		{
			"name": "diamond_hoe_12",
			"from": [11.2, 15.2, 7.3],
			"to": [12.2, 18.2, 8.3],
			"rotation": {"angle": 0, "axis": "z", "origin": [8.7, 20.95, 7.8]},
			"faces": {
				"north": {"uv": [4, 11, 5, 14], "texture": "#1"},
				"east": {"uv": [4, 11, 5, 14], "texture": "#1"},
				"south": {"uv": [5, 11, 4, 14], "texture": "#1"},
				"west": {"uv": [4, 11, 5, 14], "texture": "#1"},
				"up": {"uv": [4, 11, 5, 12], "rotation": 180, "texture": "#1"},
				"down": {"uv": [4, 13, 5, 14], "rotation": 180, "texture": "#1"}
			}
		},
		{
			"name": "diamond_hoe_13",
			"from": [12.2, 14.2, 7.3],
			"to": [13.2, 17.2, 8.3],
			"rotation": {"angle": 0, "axis": "z", "origin": [8.7, 20.95, 7.8]},
			"faces": {
				"north": {"uv": [3, 12, 4, 15], "texture": "#1"},
				"east": {"uv": [3, 12, 4, 15], "texture": "#1"},
				"south": {"uv": [4, 12, 3, 15], "texture": "#1"},
				"west": {"uv": [3, 12, 4, 15], "texture": "#1"},
				"up": {"uv": [3, 12, 4, 13], "rotation": 180, "texture": "#1"},
				"down": {"uv": [3, 14, 4, 15], "rotation": 180, "texture": "#1"}
			}
		},
		{
			"name": "diamond_hoe_14",
			"from": [13.2, 14.2, 7.3],
			"to": [14.2, 16.2, 8.3],
			"rotation": {"angle": 0, "axis": "z", "origin": [8.7, 20.95, 7.8]},
			"faces": {
				"north": {"uv": [2, 13, 3, 15], "texture": "#1"},
				"east": {"uv": [2, 13, 3, 15], "texture": "#1"},
				"south": {"uv": [3, 13, 2, 15], "texture": "#1"},
				"west": {"uv": [2, 13, 3, 15], "texture": "#1"},
				"up": {"uv": [2, 13, 3, 14], "rotation": 180, "texture": "#1"},
				"down": {"uv": [2, 14, 3, 15], "rotation": 180, "texture": "#1"}
			}
		},
		{
			"name": "diamond_hoe_2",
			"from": [6.9, 24.5, 7.3],
			"to": [9.9, 27.5, 8.3],
			"rotation": {"angle": 0, "axis": "z", "origin": [9.4, 20.25, 7.8]},
			"faces": {
				"north": {"uv": [7, 1, 10, 4], "texture": "#1"},
				"east": {"uv": [7, 1, 8, 4], "texture": "#1"},
				"south": {"uv": [10, 1, 7, 4], "texture": "#1"},
				"west": {"uv": [9, 1, 10, 4], "texture": "#1"},
				"up": {"uv": [7, 1, 10, 2], "rotation": 180, "texture": "#1"},
				"down": {"uv": [7, 3, 10, 4], "rotation": 180, "texture": "#1"}
			}
		},
		{
			"name": "diamond_hoe_3",
			"from": [9.9, 25.5, 7.3],
			"to": [10.9, 26.5, 8.3],
			"rotation": {"angle": 0, "axis": "z", "origin": [9.4, 20.25, 7.8]},
			"faces": {
				"north": {"uv": [6, 2, 7, 3], "texture": "#1"},
				"east": {"uv": [6, 2, 7, 3], "texture": "#1"},
				"south": {"uv": [7, 2, 6, 3], "texture": "#1"},
				"west": {"uv": [6, 2, 7, 3], "texture": "#1"},
				"up": {"uv": [6, 2, 7, 3], "rotation": 180, "texture": "#1"},
				"down": {"uv": [6, 2, 7, 3], "rotation": 180, "texture": "#1"}
			}
		},
		{
			"name": "diamond_hoe_4",
			"from": [5.9, 20.5, 7.3],
			"to": [6.9, 26.5, 8.3],
			"rotation": {"angle": 0, "axis": "z", "origin": [9.4, 20.25, 7.8]},
			"faces": {
				"north": {"uv": [10, 2, 11, 8], "texture": "#1"},
				"east": {"uv": [10, 2, 11, 8], "texture": "#1"},
				"south": {"uv": [11, 2, 10, 8], "texture": "#1"},
				"west": {"uv": [10, 2, 11, 8], "texture": "#1"},
				"up": {"uv": [10, 2, 11, 3], "rotation": 180, "texture": "#1"},
				"down": {"uv": [10, 7, 11, 8], "rotation": 180, "texture": "#1"}
			}
		},
		{
			"name": "diamond_hoe_5",
			"from": [2.9, 22.5, 7.3],
			"to": [5.9, 25.5, 8.3],
			"rotation": {"angle": 0, "axis": "z", "origin": [9.4, 20.25, 7.8]},
			"faces": {
				"north": {"uv": [11, 3, 14, 6], "texture": "#1"},
				"east": {"uv": [11, 3, 12, 6], "texture": "#1"},
				"south": {"uv": [14, 3, 11, 6], "texture": "#1"},
				"west": {"uv": [13, 3, 14, 6], "texture": "#1"},
				"up": {"uv": [11, 3, 14, 4], "rotation": 180, "texture": "#1"},
				"down": {"uv": [11, 5, 14, 6], "rotation": 180, "texture": "#1"}
			}
		},
		{
			"name": "diamond_hoe_6",
			"from": [6.9, 23.5, 7.3],
			"to": [7.9, 24.5, 8.3],
			"rotation": {"angle": 0, "axis": "z", "origin": [9.4, 20.25, 7.8]},
			"faces": {
				"north": {"uv": [9, 4, 10, 5], "texture": "#1"},
				"east": {"uv": [9, 4, 10, 5], "texture": "#1"},
				"south": {"uv": [10, 4, 9, 5], "texture": "#1"},
				"west": {"uv": [9, 4, 10, 5], "texture": "#1"},
				"up": {"uv": [9, 4, 10, 5], "rotation": 180, "texture": "#1"},
				"down": {"uv": [9, 4, 10, 5], "rotation": 180, "texture": "#1"}
			}
		},
		{
			"name": "diamond_hoe_7",
			"from": [6.9, 19.5, 7.3],
			"to": [7.9, 22.5, 8.3],
			"rotation": {"angle": 0, "axis": "z", "origin": [9.4, 20.25, 7.8]},
			"faces": {
				"north": {"uv": [9, 6, 10, 9], "texture": "#1"},
				"east": {"uv": [9, 6, 10, 9], "texture": "#1"},
				"south": {"uv": [10, 6, 9, 9], "texture": "#1"},
				"west": {"uv": [9, 6, 10, 9], "texture": "#1"},
				"up": {"uv": [9, 6, 10, 7], "rotation": 180, "texture": "#1"},
				"down": {"uv": [9, 8, 10, 9], "rotation": 180, "texture": "#1"}
			}
		},
		{
			"name": "diamond_hoe_8",
			"from": [3.9, 21.5, 7.3],
			"to": [5.9, 22.5, 8.3],
			"rotation": {"angle": 0, "axis": "z", "origin": [9.4, 20.25, 7.8]},
			"faces": {
				"north": {"uv": [11, 6, 13, 7], "texture": "#1"},
				"east": {"uv": [11, 6, 12, 7], "texture": "#1"},
				"south": {"uv": [13, 6, 11, 7], "texture": "#1"},
				"west": {"uv": [12, 6, 13, 7], "texture": "#1"},
				"up": {"uv": [11, 6, 13, 7], "rotation": 180, "texture": "#1"},
				"down": {"uv": [11, 6, 13, 7], "rotation": 180, "texture": "#1"}
			}
		},
		{
			"name": "diamond_hoe_9",
			"from": [7.9, 18.5, 7.3],
			"to": [8.9, 21.5, 8.3],
			"rotation": {"angle": 0, "axis": "z", "origin": [9.4, 20.25, 7.8]},
			"faces": {
				"north": {"uv": [8, 7, 9, 10], "texture": "#1"},
				"east": {"uv": [8, 7, 9, 10], "texture": "#1"},
				"south": {"uv": [9, 7, 8, 10], "texture": "#1"},
				"west": {"uv": [8, 7, 9, 10], "texture": "#1"},
				"up": {"uv": [8, 7, 9, 8], "rotation": 180, "texture": "#1"},
				"down": {"uv": [8, 9, 9, 10], "rotation": 180, "texture": "#1"}
			}
		},
		{
			"name": "diamond_hoe_10",
			"from": [8.9, 17.5, 7.3],
			"to": [9.9, 20.5, 8.3],
			"rotation": {"angle": 0, "axis": "z", "origin": [9.4, 20.25, 7.8]},
			"faces": {
				"north": {"uv": [7, 8, 8, 11], "texture": "#1"},
				"east": {"uv": [7, 8, 8, 11], "texture": "#1"},
				"south": {"uv": [8, 8, 7, 11], "texture": "#1"},
				"west": {"uv": [7, 8, 8, 11], "texture": "#1"},
				"up": {"uv": [7, 8, 8, 9], "rotation": 180, "texture": "#1"},
				"down": {"uv": [7, 10, 8, 11], "rotation": 180, "texture": "#1"}
			}
		},
		{
			"name": "diamond_hoe_11",
			"from": [9.9, 16.5, 7.3],
			"to": [10.9, 19.5, 8.3],
			"rotation": {"angle": 0, "axis": "z", "origin": [9.4, 20.25, 7.8]},
			"faces": {
				"north": {"uv": [6, 9, 7, 12], "texture": "#1"},
				"east": {"uv": [6, 9, 7, 12], "texture": "#1"},
				"south": {"uv": [7, 9, 6, 12], "texture": "#1"},
				"west": {"uv": [6, 9, 7, 12], "texture": "#1"},
				"up": {"uv": [6, 9, 7, 10], "rotation": 180, "texture": "#1"},
				"down": {"uv": [6, 11, 7, 12], "rotation": 180, "texture": "#1"}
			}
		},
		{
			"name": "diamond_hoe_12",
			"from": [10.9, 15.5, 7.3],
			"to": [11.9, 18.5, 8.3],
			"rotation": {"angle": 0, "axis": "z", "origin": [9.4, 20.25, 7.8]},
			"faces": {
				"north": {"uv": [5, 10, 6, 13], "texture": "#1"},
				"east": {"uv": [5, 10, 6, 13], "texture": "#1"},
				"south": {"uv": [6, 10, 5, 13], "texture": "#1"},
				"west": {"uv": [5, 10, 6, 13], "texture": "#1"},
				"up": {"uv": [5, 10, 6, 11], "rotation": 180, "texture": "#1"},
				"down": {"uv": [5, 12, 6, 13], "rotation": 180, "texture": "#1"}
			}
		},
		{
			"name": "diamond_hoe_13",
			"from": [11.9, 14.5, 7.3],
			"to": [12.9, 17.5, 8.3],
			"rotation": {"angle": 0, "axis": "z", "origin": [9.4, 20.25, 7.8]},
			"faces": {
				"north": {"uv": [4, 11, 5, 14], "texture": "#1"},
				"east": {"uv": [4, 11, 5, 14], "texture": "#1"},
				"south": {"uv": [5, 11, 4, 14], "texture": "#1"},
				"west": {"uv": [4, 11, 5, 14], "texture": "#1"},
				"up": {"uv": [4, 11, 5, 12], "rotation": 180, "texture": "#1"},
				"down": {"uv": [4, 13, 5, 14], "rotation": 180, "texture": "#1"}
			}
		},
		{
			"name": "diamond_hoe_14",
			"from": [12.9, 13.5, 7.3],
			"to": [13.9, 16.5, 8.3],
			"rotation": {"angle": 0, "axis": "z", "origin": [9.4, 20.25, 7.8]},
			"faces": {
				"north": {"uv": [3, 12, 4, 15], "texture": "#1"},
				"east": {"uv": [3, 12, 4, 15], "texture": "#1"},
				"south": {"uv": [4, 12, 3, 15], "texture": "#1"},
				"west": {"uv": [3, 12, 4, 15], "texture": "#1"},
				"up": {"uv": [3, 12, 4, 13], "rotation": 180, "texture": "#1"},
				"down": {"uv": [3, 14, 4, 15], "rotation": 180, "texture": "#1"}
			}
		},
		{
			"name": "diamond_hoe_15",
			"from": [13.9, 13.5, 7.3],
			"to": [14.9, 15.5, 8.3],
			"rotation": {"angle": 0, "axis": "z", "origin": [9.4, 20.25, 7.8]},
			"faces": {
				"north": {"uv": [2, 13, 3, 15], "texture": "#1"},
				"east": {"uv": [2, 13, 3, 15], "texture": "#1"},
				"south": {"uv": [3, 13, 2, 15], "texture": "#1"},
				"west": {"uv": [2, 13, 3, 15], "texture": "#1"},
				"up": {"uv": [2, 13, 3, 14], "rotation": 180, "texture": "#1"},
				"down": {"uv": [2, 14, 3, 15], "rotation": 180, "texture": "#1"}
			}
		}
	],
	"groups": [
		{
			"name": "diamond_hoe",
			"origin": [8, 8, 8],
			"color": 0,
			"children": [0, 1, 2, 3, 4, 5, 6, 7, 8, 9, 10, 11, 12, 13]
		},
		{
			"name": "diamond_hoe",
			"origin": [8, 8, 8],
			"color": 0,
			"children": [14, 15, 16, 17, 18, 19, 20, 21, 22, 23, 24, 25, 26, 27]
		},
		{
			"name": "diamond_hoe",
			"origin": [8, 8, 8],
			"color": 0,
			"children": [28, 29, 30, 31, 32, 33, 34, 35, 36, 37, 38, 39, 40, 41]
		}
	]
}