{
	"credit": "Made by Bret06 using Blockbench",
	"textures": {
		"1": "lunareclipse.watching:item/skins/hoebrine/diamond_hoe",
		"particle": "lunareclipse.watching:item/skins/hoebrine/diamond_hoe"
	},
	"elements": [
		{
			"name": "diamond_hoe_0",
			"from": [7, -1.75, 0.25],
			"to": [8, 1.25, 3.25],
			"rotation": {"angle": -45, "axis": "x", "origin": [7.5, -1.25, 7.5]},
			"faces": {
				"north": {"uv": [7, 1, 10, 2], "rotation": 270, "texture": "#1"},
				"east": {"uv": [10, 1, 7, 4], "rotation": 90, "texture": "#1"},
				"south": {"uv": [7, 3, 10, 4], "rotation": 270, "texture": "#1"},
				"west": {"uv": [7, 1, 10, 4], "rotation": 270, "texture": "#1"},
				"up": {"uv": [9, 1, 10, 4], "texture": "#1"},
				"down": {"uv": [7, 1, 8, 4], "rotation": 180, "texture": "#1"}
			}
		},
		{
			"name": "diamond_hoe_1",
			"from": [7, -2.75, 1.25],
			"to": [8, -1.75, 2.25],
			"rotation": {"angle": -45, "axis": "x", "origin": [7.5, -1.25, 7.5]},
			"faces": {
				"north": {"uv": [6, 2, 7, 3], "rotation": 270, "texture": "#1"},
				"east": {"uv": [7, 2, 6, 3], "rotation": 90, "texture": "#1"},
				"south": {"uv": [6, 2, 7, 3], "rotation": 270, "texture": "#1"},
				"west": {"uv": [6, 2, 7, 3], "rotation": 270, "texture": "#1"},
				"up": {"uv": [6, 2, 7, 3], "texture": "#1"},
				"down": {"uv": [6, 2, 7, 3], "rotation": 180, "texture": "#1"}
			}
		},
		{
			"name": "diamond_hoe_2",
			"from": [7, 1.25, 1.25],
			"to": [8, 2.25, 7.25],
			"rotation": {"angle": -45, "axis": "x", "origin": [7.5, -1.25, 7.5]},
			"faces": {
				"north": {"uv": [10, 2, 11, 3], "rotation": 270, "texture": "#1"},
				"east": {"uv": [11, 2, 10, 8], "rotation": 90, "texture": "#1"},
				"south": {"uv": [10, 7, 11, 8], "rotation": 270, "texture": "#1"},
				"west": {"uv": [10, 2, 11, 8], "rotation": 270, "texture": "#1"},
				"up": {"uv": [10, 2, 11, 8], "texture": "#1"},
				"down": {"uv": [10, 2, 11, 8], "rotation": 180, "texture": "#1"}
			}
		},
		{
			"name": "diamond_hoe_3",
			"from": [7, 2.25, 2.25],
			"to": [8, 5.25, 5.25],
			"rotation": {"angle": -45, "axis": "x", "origin": [7.5, -1.25, 7.5]},
			"faces": {
				"north": {"uv": [11, 3, 14, 4], "rotation": 270, "texture": "#1"},
				"east": {"uv": [14, 3, 11, 6], "rotation": 90, "texture": "#1"},
				"south": {"uv": [11, 5, 14, 6], "rotation": 270, "texture": "#1"},
				"west": {"uv": [11, 3, 14, 6], "rotation": 270, "texture": "#1"},
				"up": {"uv": [13, 3, 14, 6], "texture": "#1"},
				"down": {"uv": [11, 3, 12, 6], "rotation": 180, "texture": "#1"}
			}
		},
		{
			"name": "diamond_hoe_4",
			"from": [7, 0.25, 3.25],
			"to": [8, 1.25, 4.25],
			"rotation": {"angle": -45, "axis": "x", "origin": [7.5, -1.25, 7.5]},
			"faces": {
				"north": {"uv": [9, 4, 10, 5], "rotation": 270, "texture": "#1"},
				"east": {"uv": [10, 4, 9, 5], "rotation": 90, "texture": "#1"},
				"south": {"uv": [9, 4, 10, 5], "rotation": 270, "texture": "#1"},
				"west": {"uv": [9, 4, 10, 5], "rotation": 270, "texture": "#1"},
				"up": {"uv": [9, 4, 10, 5], "texture": "#1"},
				"down": {"uv": [9, 4, 10, 5], "rotation": 180, "texture": "#1"}
			}
		},
		{
			"name": "diamond_hoe_5",
			"from": [7, 0.25, 5.25],
			"to": [8, 1.25, 8.25],
			"rotation": {"angle": -45, "axis": "x", "origin": [7.5, -1.25, 7.5]},
			"faces": {
				"north": {"uv": [9, 6, 10, 7], "rotation": 270, "texture": "#1"},
				"east": {"uv": [10, 6, 9, 9], "rotation": 90, "texture": "#1"},
				"south": {"uv": [9, 8, 10, 9], "rotation": 270, "texture": "#1"},
				"west": {"uv": [9, 6, 10, 9], "rotation": 270, "texture": "#1"},
				"up": {"uv": [9, 6, 10, 9], "texture": "#1"},
				"down": {"uv": [9, 6, 10, 9], "rotation": 180, "texture": "#1"}
			}
		},
		{
			"name": "diamond_hoe_6",
			"from": [7, 2.25, 5.25],
			"to": [8, 4.25, 6.25],
			"rotation": {"angle": -45, "axis": "x", "origin": [7.5, -1.25, 7.5]},
			"faces": {
				"north": {"uv": [11, 6, 13, 7], "rotation": 270, "texture": "#1"},
				"east": {"uv": [13, 6, 11, 7], "rotation": 90, "texture": "#1"},
				"south": {"uv": [11, 6, 13, 7], "rotation": 270, "texture": "#1"},
				"west": {"uv": [11, 6, 13, 7], "rotation": 270, "texture": "#1"},
				"up": {"uv": [12, 6, 13, 7], "texture": "#1"},
				"down": {"uv": [11, 6, 12, 7], "rotation": 180, "texture": "#1"}
			}
		},
		{
			"name": "diamond_hoe_7",
			"from": [7, -0.75, 6.25],
			"to": [8, 0.25, 9.25],
			"rotation": {"angle": -45, "axis": "x", "origin": [7.5, -1.25, 7.5]},
			"faces": {
				"north": {"uv": [8, 7, 9, 8], "rotation": 270, "texture": "#1"},
				"east": {"uv": [9, 7, 8, 10], "rotation": 90, "texture": "#1"},
				"south": {"uv": [8, 9, 9, 10], "rotation": 270, "texture": "#1"},
				"west": {"uv": [8, 7, 9, 10], "rotation": 270, "texture": "#1"},
				"up": {"uv": [8, 7, 9, 10], "texture": "#1"},
				"down": {"uv": [8, 7, 9, 10], "rotation": 180, "texture": "#1"}
			}
		},
		{
			"name": "diamond_hoe_8",
			"from": [7, -1.75, 7.25],
			"to": [8, -0.75, 10.25],
			"rotation": {"angle": -45, "axis": "x", "origin": [7.5, -1.25, 7.5]},
			"faces": {
				"north": {"uv": [7, 8, 8, 9], "rotation": 270, "texture": "#1"},
				"east": {"uv": [8, 8, 7, 11], "rotation": 90, "texture": "#1"},
				"south": {"uv": [7, 10, 8, 11], "rotation": 270, "texture": "#1"},
				"west": {"uv": [7, 8, 8, 11], "rotation": 270, "texture": "#1"},
				"up": {"uv": [7, 8, 8, 11], "texture": "#1"},
				"down": {"uv": [7, 8, 8, 11], "rotation": 180, "texture": "#1"}
			}
		},
		{
			"name": "diamond_hoe_9",
			"from": [7, -2.75, 8.25],
			"to": [8, -1.75, 11.25],
			"rotation": {"angle": -45, "axis": "x", "origin": [7.5, -1.25, 7.5]},
			"faces": {
				"north": {"uv": [6, 9, 7, 10], "rotation": 270, "texture": "#1"},
				"east": {"uv": [7, 9, 6, 12], "rotation": 90, "texture": "#1"},
				"south": {"uv": [6, 11, 7, 12], "rotation": 270, "texture": "#1"},
				"west": {"uv": [6, 9, 7, 12], "rotation": 270, "texture": "#1"},
				"up": {"uv": [6, 9, 7, 12], "texture": "#1"},
				"down": {"uv": [6, 9, 7, 12], "rotation": 180, "texture": "#1"}
			}
		},
		{
			"name": "diamond_hoe_10",
			"from": [7, -3.75, 9.25],
			"to": [8, -2.75, 12.25],
			"rotation": {"angle": -45, "axis": "x", "origin": [7.5, -1.25, 7.5]},
			"faces": {
				"north": {"uv": [5, 10, 6, 11], "rotation": 270, "texture": "#1"},
				"east": {"uv": [6, 10, 5, 13], "rotation": 90, "texture": "#1"},
				"south": {"uv": [5, 12, 6, 13], "rotation": 270, "texture": "#1"},
				"west": {"uv": [5, 10, 6, 13], "rotation": 270, "texture": "#1"},
				"up": {"uv": [5, 10, 6, 13], "texture": "#1"},
				"down": {"uv": [5, 10, 6, 13], "rotation": 180, "texture": "#1"}
			}
		},
		{
			"name": "diamond_hoe_11",
			"from": [7, -4.75, 10.25],
			"to": [8, -3.75, 13.25],
			"rotation": {"angle": -45, "axis": "x", "origin": [7.5, -1.25, 7.5]},
			"faces": {
				"north": {"uv": [4, 11, 5, 12], "rotation": 270, "texture": "#1"},
				"east": {"uv": [5, 11, 4, 14], "rotation": 90, "texture": "#1"},
				"south": {"uv": [4, 13, 5, 14], "rotation": 270, "texture": "#1"},
				"west": {"uv": [4, 11, 5, 14], "rotation": 270, "texture": "#1"},
				"up": {"uv": [4, 11, 5, 14], "texture": "#1"},
				"down": {"uv": [4, 11, 5, 14], "rotation": 180, "texture": "#1"}
			}
		},
		{
			"name": "diamond_hoe_12",
			"from": [7, -5.75, 11.25],
			"to": [8, -4.75, 14.25],
			"rotation": {"angle": -45, "axis": "x", "origin": [7.5, -1.25, 7.5]},
			"faces": {
				"north": {"uv": [3, 12, 4, 13], "rotation": 270, "texture": "#1"},
				"east": {"uv": [4, 12, 3, 15], "rotation": 90, "texture": "#1"},
				"south": {"uv": [3, 14, 4, 15], "rotation": 270, "texture": "#1"},
				"west": {"uv": [3, 12, 4, 15], "rotation": 270, "texture": "#1"},
				"up": {"uv": [3, 12, 4, 15], "texture": "#1"},
				"down": {"uv": [3, 12, 4, 15], "rotation": 180, "texture": "#1"}
			}
		},
		{
			"name": "diamond_hoe_13",
			"from": [7, -6.75, 12.25],
			"to": [8, -5.75, 14.25],
			"rotation": {"angle": -45, "axis": "x", "origin": [7.5, -1.25, 7.5]},
			"faces": {
				"north": {"uv": [2, 13, 3, 14], "rotation": 270, "texture": "#1"},
				"east": {"uv": [3, 13, 2, 15], "rotation": 90, "texture": "#1"},
				"south": {"uv": [2, 14, 3, 15], "rotation": 270, "texture": "#1"},
				"west": {"uv": [2, 13, 3, 15], "rotation": 270, "texture": "#1"},
				"up": {"uv": [2, 13, 3, 15], "texture": "#1"},
				"down": {"uv": [2, 13, 3, 15], "rotation": 180, "texture": "#1"}
			}
		}
	],
	"groups": [
		{
			"name": "diamond_hoe",
			"origin": [8, 8, 8],
			"color": 0,
			"children": [0, 1, 2, 3, 4, 5, 6, 7, 8, 9, 10, 11, 12, 13]
		}
	]
}