{
	"credit": "Made by Bret06 using Blockbench",
	"texture_size": [32, 32],
	"textures": {
		"0": "lunareclipse.cosmetics:item/hats/basic_cap",
		"particle": "lunareclipse.cosmetics:item/hats/basic_cap"
	},
	"elements": [
		{
			"from": [3.25, -0.75, 2.25],
			"to": [12.75, 2.75, 11.75],
			"rotation": {"angle": 0, "axis": "y", "origin": [3.5, -5.5, 2.5]},
			"faces": {
				"north": {"uv": [4.5, 3, 9, 4.5], "texture": "#0"},
				"east": {"uv": [4.5, 4.5, 9, 6], "texture": "#0"},
				"south": {"uv": [4.5, 6, 9, 7.5], "texture": "#0"},
				"west": {"uv": [4.5, 7.5, 9, 9], "texture": "#0"},
				"up": {"uv": [4.5, 4.5, 0, 0], "texture": "#0"},
				"down": {"uv": [4.5, 4.5, 0, 9], "texture": "#0"}
			}
		},
		{
			"name": "cube inverted",
			"from": [12.75, 2.75, 11.75],
			"to": [3.25, -0.75, 2.25],
			"rotation": {"angle": 0, "axis": "y", "origin": [3.5, -5.5, 2.5]},
			"faces": {
				"north": {"uv": [4.5, 7.5, 9, 6], "texture": "#0"},
				"east": {"uv": [4.5, 9, 9, 7.5], "texture": "#0"},
				"south": {"uv": [4.5, 4.5, 9, 3], "texture": "#0"},
				"west": {"uv": [4.5, 6, 9, 4.5], "texture": "#0"},
				"up": {"uv": [0, 4.5, 4.5, 9], "texture": "#0"},
				"down": {"uv": [0, 4.5, 4.5, 0], "texture": "#0"}
			}
		},
		{
			"from": [3.25, 0.4, 11.7],
			"to": [12.75, 0.4, 14.7],
			"rotation": {"angle": 0, "axis": "y", "origin": [4, -4.5, 7.7]},
			"faces": {
				"north": {"uv": [0, 0, 5, 0], "texture": "#0"},
				"east": {"uv": [0, 0, 1.5, 0], "texture": "#0"},
				"south": {"uv": [0, 0, 5, 0], "texture": "#0"},
				"west": {"uv": [0, 0, 1.5, 0], "texture": "#0"},
				"up": {"uv": [9.5, 1.5, 4.5, 0], "texture": "#0"},
				"down": {"uv": [9.5, 1.5, 4.5, 3], "texture": "#0"}
			}
		},
		{
			"from": [12.75, -0.75, 11.7],
			"to": [12.75, 0.4, 14.7],
			"rotation": {"angle": 0, "axis": "y", "origin": [13.5, -5.7, 7.7]},
			"faces": {
				"north": {"uv": [0, 0, 0, 0.5], "texture": "#0"},
				"east": {"uv": [0, 9, 1.5, 9.5], "texture": "#0"},
				"south": {"uv": [0, 0, 0, 0.5], "texture": "#0"},
				"west": {"uv": [1.5, 9, 3, 9.5], "texture": "#0"},
				"up": {"uv": [0, 1.5, 0, 0], "texture": "#0"},
				"down": {"uv": [0, 0, 0, 1.5], "texture": "#0"}
			}
		},
		{
			"from": [3.25, -0.75, 11.7],
			"to": [3.25, 0.4, 14.7],
			"rotation": {"angle": 0, "axis": "y", "origin": [13.5, -5.7, 7.7]},
			"faces": {
				"north": {"uv": [0, 0, 0, 0.5], "texture": "#0"},
				"east": {"uv": [3, 9, 4.5, 9.5], "texture": "#0"},
				"south": {"uv": [0, 0, 0, 0.5], "texture": "#0"},
				"west": {"uv": [9, 3, 10.5, 3.5], "texture": "#0"},
				"up": {"uv": [0, 1.5, 0, 0], "texture": "#0"},
				"down": {"uv": [0, 0, 0, 1.5], "texture": "#0"}
			}
		}
	],
	"gui_light": "front",
	"display": {
		"thirdperson_righthand": {
			"rotation": [-154.02, -7.61, 164.25],
			"translation": [-0.75, 4.25, 0.5],
			"scale": [0.55, 0.55, 0.55]
		},
		"thirdperson_lefthand": {
			"rotation": [-154.02, -7.61, 164.25],
			"translation": [-0.75, 4.25, 0.5],
			"scale": [0.55, 0.55, 0.55]
		},
		"firstperson_righthand": {
			"rotation": [0, -63, -25],
			"translation": [2.25, 7.85, 2.05],
			"scale": [0.68, 0.68, 0.68]
		},
		"firstperson_lefthand": {
			"rotation": [0, -63, -25],
			"translation": [2.25, 7.85, 2.05],
			"scale": [0.68, 0.68, 0.68]
		},
		"ground": {
			"translation": [0, 3.5, 0],
			"scale": [0.5, 0.5, 0.5]
		},
		"gui": {
			"rotation": [30, -30, 0],
			"translation": [0, 6, 0]
		},
		"head": {
			"rotation": [0, 180, 0],
			"translation": [0, 16, -1.66],
			"scale": [1.55, 1.55, 1.55]
		},
		"fixed": {
			"rotation": [0, 180, 0]
		}
	}
}