{
	"credit": "Made by Bret06 using Blockbench",
	"texture_size": [32, 32],
	"textures": {
		"0": "lunareclipse.cosmetics:item/hats/bucket_hat",
		"particle": "lunareclipse.cosmetics:item/hats/bucket_hat"
	},
	"elements": [
		{
			"from": [3.5, 0, 3.5],
			"to": [12.5, 5, 12.5],
			"faces": {
				"north": {"uv": [4.5, 0, 9, 2.5], "texture": "#0"},
				"east": {"uv": [4.5, 0, 9, 2.5], "texture": "#0"},
				"south": {"uv": [4.5, 0, 9, 2.5], "texture": "#0"},
				"west": {"uv": [4.5, 0, 9, 2.5], "texture": "#0"},
				"up": {"uv": [4.5, 4.5, 0, 0], "texture": "#0"},
				"down": {"uv": [4.5, 4.5, 0, 9], "texture": "#0"}
			}
		},
		{
			"from": [2.5, -5.18198, 4.81802],
			"to": [13.5, -3.18198, 4.81802],
			"rotation": {"angle": 45, "axis": "x", "origin": [8, 0, 8]},
			"faces": {
				"north": {"uv": [9, 0, 14.5, 1], "texture": "#0"},
				"east": {"uv": [0, 0, 0, 1], "texture": "#0"},
				"south": {"uv": [14.5, 0, 9, 1], "texture": "#0"},
				"west": {"uv": [0, 0, 0, 1], "texture": "#0"},
				"up": {"uv": [5.5, 0, 0, 0], "texture": "#0"},
				"down": {"uv": [5.5, 0, 0, 0], "texture": "#0"}
			}
		},
		{
			"from": [11.18198, -5.18198, 2.5],
			"to": [11.18198, -3.18198, 13.5],
			"rotation": {"angle": 45, "axis": "z", "origin": [8, 0, 8]},
			"faces": {
				"north": {"uv": [0, 0, 0, 1], "texture": "#0"},
				"east": {"uv": [9, 0, 14.5, 1], "texture": "#0"},
				"south": {"uv": [0, 0, 0, 1], "texture": "#0"},
				"west": {"uv": [14.5, 0, 9, 1], "texture": "#0"},
				"up": {"uv": [5.5, 0, 0, 0], "rotation": 90, "texture": "#0"},
				"down": {"uv": [5.5, 0, 0, 0], "rotation": 270, "texture": "#0"}
			}
		},
		{
			"from": [2.5, -5.18198, 11.18198],
			"to": [13.5, -3.18198, 11.18198],
			"rotation": {"angle": -45, "axis": "x", "origin": [8, 0, 8]},
			"faces": {
				"north": {"uv": [14.5, 0, 9, 1], "texture": "#0"},
				"east": {"uv": [0, 0, 0, 1], "texture": "#0"},
				"south": {"uv": [9, 0, 14.5, 1], "texture": "#0"},
				"west": {"uv": [0, 0, 0, 1], "texture": "#0"},
				"up": {"uv": [5.5, 0, 0, 0], "rotation": 180, "texture": "#0"},
				"down": {"uv": [5.5, 0, 0, 0], "rotation": 180, "texture": "#0"}
			}
		},
		{
			"from": [4.81802, -5.18198, 2.5],
			"to": [4.81802, -3.18198, 13.5],
			"rotation": {"angle": -45, "axis": "z", "origin": [8, 0, 8]},
			"faces": {
				"north": {"uv": [0, 0, 0, 1], "texture": "#0"},
				"east": {"uv": [14.5, 0, 9, 1], "texture": "#0"},
				"south": {"uv": [0, 0, 0, 1], "texture": "#0"},
				"west": {"uv": [9, 0, 14.5, 1], "texture": "#0"},
				"up": {"uv": [5.5, 0, 0, 0], "rotation": 270, "texture": "#0"},
				"down": {"uv": [5.5, 0, 0, 0], "rotation": 90, "texture": "#0"}
			}
		}
	],
	"display": {
		"thirdperson_righthand": {
			"translation": [0, 6, 0],
			"scale": [0.65, 0.65, 0.65]
		},
		"thirdperson_lefthand": {
			"translation": [0, 6, 0],
			"scale": [0.65, 0.65, 0.65]
		},
		"firstperson_righthand": {
			"rotation": [0, 20.75, 0],
			"translation": [4, 6, 0],
			"scale": [0.8, 0.8, 0.8]
		},
		"firstperson_lefthand": {
			"rotation": [0, 20.75, 0],
			"translation": [4, 6, 0],
			"scale": [0.8, 0.8, 0.8]
		},
		"ground": {
			"translation": [0, 5, 0],
			"scale": [0.7, 0.7, 0.7]
		},
		"gui": {
			"rotation": [30, 135, 0],
			"translation": [0, 5, 0],
			"scale": [0.9, 0.9, 0.9]
		},
		"head": {
			"rotation": [3.25, 0, 0],
			"translation": [0, 15.25, 0.25],
			"scale": [1.65, 1.65, 1.65]
		},
		"fixed": {
			"translation": [0, 3.25, 0]
		}
	}
}