{
	"credit": "Made by Bret06 using Blockbench",
	"texture_size": [64, 64],
	"textures": {
		"0": "lunareclipse.cosmetics:item/hats/creeper",
		"particle": "lunareclipse.cosmetics:item/hats/creeper"
	},
	"elements": [
		{
			"from": [4.75, 5.75, 4.75],
			"to": [11.25, 12.25, 11.25],
			"rotation": {"angle": -22.5, "axis": "x", "origin": [8, 6, 8]},
			"faces": {
				"north": {"uv": [1.5, 7, 3, 8.5], "texture": "#0"},
				"east": {"uv": [0, 7, 1.5, 8.5], "texture": "#0"},
				"south": {"uv": [4.5, 7, 6, 8.5], "texture": "#0"},
				"west": {"uv": [3, 7, 4.5, 8.5], "texture": "#0"},
				"up": {"uv": [3, 7, 1.5, 5.5], "texture": "#0"},
				"down": {"uv": [4.5, 5.5, 3, 7], "texture": "#0"}
			}
		},
		{
			"from": [6, 0, 6.5],
			"to": [10, 6, 9.5],
			"rotation": {"angle": 0, "axis": "y", "origin": [0, -3, 0]},
			"faces": {
				"north": {"uv": [0.75, 3.75, 1.75, 5.25], "texture": "#0"},
				"east": {"uv": [0, 3.75, 0.75, 5.25], "texture": "#0"},
				"south": {"uv": [2.5, 3.75, 3.5, 5.25], "texture": "#0"},
				"west": {"uv": [1.75, 3.75, 2.5, 5.25], "texture": "#0"},
				"up": {"uv": [1.75, 3.75, 0.75, 3], "texture": "#0"},
				"down": {"uv": [2.75, 3, 1.75, 3.75], "texture": "#0"}
			}
		},
		{
			"from": [5.5, 0, 4],
			"to": [7.5, 2, 7],
			"rotation": {"angle": 22.5, "axis": "y", "origin": [7, 0, 7]},
			"faces": {
				"north": {"uv": [4.25, 5, 4.75, 5.5], "texture": "#0"},
				"east": {"uv": [3.5, 5, 4.25, 5.5], "texture": "#0"},
				"south": {"uv": [5.5, 5, 6, 5.5], "texture": "#0"},
				"west": {"uv": [4.75, 5, 5.5, 5.5], "texture": "#0"},
				"up": {"uv": [4.75, 5, 4.25, 4.25], "texture": "#0"},
				"down": {"uv": [5.25, 4.25, 4.75, 5], "texture": "#0"}
			}
		},
		{
			"from": [8.5, 0, 4],
			"to": [10.5, 2, 7],
			"rotation": {"angle": -22.5, "axis": "y", "origin": [9, 0, 7]},
			"faces": {
				"north": {"uv": [4.75, 5, 4.25, 5.5], "texture": "#0"},
				"east": {"uv": [5.5, 5, 4.75, 5.5], "texture": "#0"},
				"south": {"uv": [6, 5, 5.5, 5.5], "texture": "#0"},
				"west": {"uv": [4.25, 5, 3.5, 5.5], "texture": "#0"},
				"up": {"uv": [4.25, 5, 4.75, 4.25], "texture": "#0"},
				"down": {"uv": [4.75, 4.25, 5.25, 5], "texture": "#0"}
			}
		},
		{
			"from": [4.96403, 0, 8.69448],
			"to": [6.96403, 2, 11.69448],
			"rotation": {"angle": -22.5, "axis": "y", "origin": [5.96403, 1, 10.19448]},
			"faces": {
				"north": {"uv": [5.5, 5, 6, 5.5], "texture": "#0"},
				"east": {"uv": [4.75, 5, 5.5, 5.5], "texture": "#0"},
				"south": {"uv": [4.25, 5, 4.75, 5.5], "texture": "#0"},
				"west": {"uv": [3.5, 5, 4.25, 5.5], "texture": "#0"},
				"up": {"uv": [4.75, 5, 4.25, 4.25], "rotation": 180, "texture": "#0"},
				"down": {"uv": [5.25, 4.25, 4.75, 5], "rotation": 180, "texture": "#0"}
			}
		},
		{
			"from": [9.03597, 0, 8.69448],
			"to": [11.03597, 2, 11.69448],
			"rotation": {"angle": 22.5, "axis": "y", "origin": [10.03597, 1, 10.19448]},
			"faces": {
				"north": {"uv": [6, 5, 5.5, 5.5], "texture": "#0"},
				"east": {"uv": [4.25, 5, 3.5, 5.5], "texture": "#0"},
				"south": {"uv": [4.75, 5, 4.25, 5.5], "texture": "#0"},
				"west": {"uv": [5.5, 5, 4.75, 5.5], "texture": "#0"},
				"up": {"uv": [4.25, 5, 4.75, 4.25], "rotation": 180, "texture": "#0"},
				"down": {"uv": [4.75, 4.25, 5.25, 5], "rotation": 180, "texture": "#0"}
			}
		},
		{
			"from": [5, 6, 5],
			"to": [11, 12, 11],
			"rotation": {"angle": -22.5, "axis": "x", "origin": [8, 6, 8]},
			"faces": {
				"north": {"uv": [1.5, 1.5, 3, 3], "texture": "#0"},
				"east": {"uv": [0, 1.5, 1.5, 3], "texture": "#0"},
				"south": {"uv": [4.5, 1.5, 6, 3], "texture": "#0"},
				"west": {"uv": [3, 1.5, 4.5, 3], "texture": "#0"},
				"up": {"uv": [3, 1.5, 1.5, 0], "texture": "#0"},
				"down": {"uv": [4.5, 0, 3, 1.5], "texture": "#0"}
			}
		}
	],
	"gui_light": "front",
	"display": {
		"thirdperson_righthand": {
			"rotation": [75, 45, 0],
			"translation": [0, 1.75, 0],
			"scale": [0.375, 0.375, 0.375]
		},
		"thirdperson_lefthand": {
			"rotation": [75, 45, 0],
			"translation": [0, 1.75, 0],
			"scale": [0.375, 0.375, 0.375]
		},
		"firstperson_righthand": {
			"rotation": [0, 120, 0],
			"translation": [2.5, 3, 0],
			"scale": [0.4, 0.4, 0.4]
		},
		"firstperson_lefthand": {
			"rotation": [0, 120, 0],
			"translation": [2.5, 3, 0],
			"scale": [0.4, 0.4, 0.4]
		},
		"ground": {
			"translation": [0, 5.5, 0],
			"scale": [0.75, 0.75, 0.75]
		},
		"gui": {
			"rotation": [-150, 33.5, -180],
			"translation": [0, 1.75, 0]
		},
		"head": {
			"translation": [0, 19.75, 0],
			"scale": [1.66, 1.66, 1.66]
		},
		"fixed": {
			"rotation": [-90, 0, 0],
			"translation": [0, 0.25, -16],
			"scale": [2, 2, 2]
		}
	}
}