{
	"credit": "Made with Blockbench",
	"textures": {
		"1": "lunareclipse.cosmetics:item/hats/demon_eye",
		"2": "lunareclipse.cosmetics:item/hats/demon_eye_tendrils",
		"particle": "lunareclipse.cosmetics:item/hats/demon_eye"
	},
	"elements": [
		{
			"from": [7.42893, 0.35786, 12],
			"to": [7.42893, 8.35786, 20],
			"rotation": {"angle": 45, "axis": "z", "origin": [7.97868, 4.76447, 12]},
			"faces": {
				"north": {"uv": [16, 0, 16, 64], "texture": "#2"},
				"east": {"uv": [0, 0, 16, 16], "texture": "#2"},
				"south": {"uv": [32, 0, 16, 64], "texture": "#2"},
				"west": {"uv": [16, 0, 0, 16], "texture": "#2"},
				"up": {"uv": [16, 48, 16, 0], "texture": "#2"},
				"down": {"uv": [16, 0, 16, 48], "texture": "#2"}
			}
		},
		{
			"from": [4, 0, 4],
			"to": [12, 8, 12],
			"faces": {
				"north": {"uv": [4, 4, 8, 8], "texture": "#1"},
				"east": {"uv": [0, 4, 4, 8], "texture": "#1"},
				"south": {"uv": [12, 4, 16, 8], "texture": "#1"},
				"west": {"uv": [8, 4, 12, 8], "texture": "#1"},
				"up": {"uv": [8, 4, 4, 0], "texture": "#1"},
				"down": {"uv": [12, 0, 8, 4], "texture": "#1"}
			}
		},
		{
			"from": [2.17868, 6.96447, 12],
			"to": [2.17868, 14.96447, 20],
			"rotation": {"angle": -45, "axis": "z", "origin": [-3.02132, 0.76447, 0]},
			"faces": {
				"north": {"uv": [16, 6, 16, 64], "texture": "#2"},
				"east": {"uv": [0, 0, 16, 16], "texture": "#2"},
				"south": {"uv": [32, 6, 16, 64], "texture": "#2"},
				"west": {"uv": [16, 0, 0, 16], "texture": "#2"},
				"up": {"uv": [16, 48, 16, 6], "texture": "#2"},
				"down": {"uv": [16, 6, 16, 48], "texture": "#2"}
			}
		}
	],
	"gui_light": "front",
	"display": {
		"thirdperson_righthand": {
			"rotation": [75, 45, 0],
			"translation": [0, 2.5, 0],
			"scale": [0.375, 0.375, 0.375]
		},
		"thirdperson_lefthand": {
			"rotation": [75, 45, 0],
			"translation": [0, 2.5, 0],
			"scale": [0.375, 0.375, 0.375]
		},
		"firstperson_righthand": {
			"rotation": [0, 45, 0],
			"translation": [0, 3.25, 1.25],
			"scale": [0.4, 0.4, 0.4]
		},
		"firstperson_lefthand": {
			"rotation": [0, 45, 0],
			"translation": [0, 3.25, 1.25],
			"scale": [0.4, 0.4, 0.4]
		},
		"ground": {
			"translation": [0, 4.25, 0],
			"scale": [0.5, 0.5, 0.5]
		},
		"gui": {
			"rotation": [30, 145, 0],
			"translation": [0, 3.25, 0]
		},
		"head": {
			"rotation": [-13.54, 11.66, -3.71],
			"translation": [20.5, 12.75, 11],
			"scale": [1.6, 1.6, 1.6]
		},
		"fixed": {
			"rotation": [-25.84, -89.46, -25.84],
			"translation": [3.25, 4.5, 0]
		}
	},
	"groups": [
		{
			"name": "frame1",
			"origin": [-3.02132, 0.76447, 0],
			"color": 0,
			"children": [0, 1, 2]
		}
	]
}