{
	"credit": "Made by Bret06 using Blockbench",
	"texture_size": [32, 32],
	"textures": {
		"0": "lunareclipse.cosmetics:item/hats/fedora",
		"particle": "lunareclipse.cosmetics:item/hats/fedora"
	},
	"elements": [
		{
			"from": [3.75, 0, 3.75],
			"to": [12.25, 3.5, 12.25],
			"rotation": {"angle": 0, "axis": "y", "origin": [4, 0.25, 4]},
			"faces": {
				"north": {"uv": [7, 4, 11, 5.5], "texture": "#0"},
				"east": {"uv": [7, 4, 11, 5.5], "texture": "#0"},
				"south": {"uv": [7, 4, 11, 5.5], "texture": "#0"},
				"west": {"uv": [7, 4, 11, 5.5], "texture": "#0"},
				"up": {"uv": [11, 4, 7, 0], "texture": "#0"},
				"down": {"uv": [4, 12, 0, 16], "texture": "#0"}
			}
		},
		{
			"from": [3.5, 0, 3.5],
			"to": [12.5, 1.25, 12.5],
			"rotation": {"angle": 0, "axis": "y", "origin": [4, 0.5, 4]},
			"faces": {
				"north": {"uv": [0, 7, 4, 7.5], "texture": "#0"},
				"east": {"uv": [0, 7, 4, 7.5], "texture": "#0"},
				"south": {"uv": [0, 7, 4, 7.5], "texture": "#0"},
				"west": {"uv": [0, 7, 4, 7.5], "texture": "#0"},
				"up": {"uv": [4, 16, 0, 12], "texture": "#0"},
				"down": {"uv": [4, 12, 0, 16], "texture": "#0"}
			}
		},
		{
			"from": [1, 0, 1],
			"to": [15, 0, 15],
			"rotation": {"angle": 0, "axis": "y", "origin": [1, 0, 1]},
			"faces": {
				"north": {"uv": [0, 0, 7, 0], "texture": "#0"},
				"east": {"uv": [0, 0, 7, 0], "texture": "#0"},
				"south": {"uv": [0, 0, 7, 0], "texture": "#0"},
				"west": {"uv": [0, 0, 7, 0], "texture": "#0"},
				"up": {"uv": [7, 7, 0, 0], "texture": "#0"},
				"down": {"uv": [7, 0, 0, 7], "texture": "#0"}
			}
		}
	],
	"gui_light": "front",
	"display": {
		"thirdperson_righthand": {
			"translation": [0, 3, 0],
			"scale": [0.4, 0.4, 0.4]
		},
		"thirdperson_lefthand": {
			"translation": [0, 3, 0],
			"scale": [0.4, 0.4, 0.4]
		},
		"firstperson_righthand": {
			"translation": [2.75, 3, 0]
		},
		"firstperson_lefthand": {
			"translation": [2.75, 3, 0]
		},
		"ground": {
			"translation": [0, 5.25, 0],
			"scale": [0.7, 0.7, 0.7]
		},
		"gui": {
			"rotation": [31, -27, 0],
			"translation": [0, 5.5, 0],
			"scale": [0.9, 0.9, 0.9]
		},
		"head": {
			"rotation": [3, 0, 0],
			"translation": [0, 16.25, 0.5],
			"scale": [1.75, 1.75, 1.75]
		},
		"fixed": {
			"translation": [0, 7.25, 0]
		}
	}
}