{
	"credit": "Made by Bret06 using Blockbench",
	"texture_size": [32, 32],
	"textures": {
		"0": "lunareclipse.cosmetics:item/hats/kitty",
		"particle": "lunareclipse.cosmetics:item/hats/kitty"
	},
	"elements": [
		{
			"from": [5.5, 1, 0],
			"to": [10.5, 5, 5],
			"rotation": {"angle": 0, "axis": "y", "origin": [5.5, 1, 0]},
			"faces": {
				"north": {"uv": [6, 0, 8.5, 2], "texture": "#0"},
				"east": {"uv": [6, 2, 8.5, 4], "texture": "#0"},
				"south": {"uv": [2, 6.5, 4.5, 8.5], "texture": "#0"},
				"west": {"uv": [4.5, 6.5, 7, 8.5], "texture": "#0"},
				"up": {"uv": [4.5, 6.5, 2, 4], "texture": "#0"},
				"down": {"uv": [7, 4, 4.5, 6.5], "texture": "#0"}
			}
		},
		{
			"from": [3.5, 1, 2],
			"to": [12.5, 4, 2],
			"rotation": {"angle": 0, "axis": "y", "origin": [3.5, 1, 2]},
			"faces": {
				"north": {"uv": [11.5, 14.5, 16, 16], "texture": "#0"},
				"east": {"uv": [6, 2, 8.5, 4], "texture": "#0"},
				"south": {"uv": [11.5, 14.5, 16, 16], "texture": "#0"},
				"west": {"uv": [4.5, 6.5, 7, 8.5], "texture": "#0"},
				"up": {"uv": [4.5, 6.5, 2, 4], "texture": "#0"},
				"down": {"uv": [7, 4, 4.5, 6.5], "texture": "#0"}
			}
		},
		{
			"from": [6.5, 1, -1],
			"to": [9.5, 3, 0],
			"rotation": {"angle": 0, "axis": "y", "origin": [6.5, 1, -1]},
			"faces": {
				"north": {"uv": [10.5, 2.5, 12, 3.5], "texture": "#0"},
				"east": {"uv": [13, 2.5, 13.5, 3.5], "texture": "#0"},
				"south": {"uv": [11.5, 0, 13, 1], "texture": "#0"},
				"west": {"uv": [13, 3.5, 13.5, 4.5], "texture": "#0"},
				"up": {"uv": [1.5, 8.5, 0, 8], "texture": "#0"},
				"down": {"uv": [6.5, 8.5, 5, 9], "texture": "#0"}
			}
		},
		{
			"from": [8.5, 5, 2],
			"to": [10.5, 6, 3],
			"rotation": {"angle": 0, "axis": "y", "origin": [8.5, 5, 2]},
			"faces": {
				"north": {"uv": [10.5, 3.5, 11.5, 4], "texture": "#0"},
				"east": {"uv": [1.5, 8, 2, 8.5], "texture": "#0"},
				"south": {"uv": [13, 0, 14, 0.5], "texture": "#0"},
				"west": {"uv": [6.5, 8.5, 7, 9], "texture": "#0"},
				"up": {"uv": [14, 1, 13, 0.5], "texture": "#0"},
				"down": {"uv": [14, 2, 13, 2.5], "texture": "#0"}
			}
		},
		{
			"from": [5.5, 5, 2],
			"to": [7.5, 6, 3],
			"rotation": {"angle": 0, "axis": "y", "origin": [5.5, 5, 2]},
			"faces": {
				"north": {"uv": [13, 4.5, 14, 5], "texture": "#0"},
				"east": {"uv": [11.5, 2, 12, 2.5], "texture": "#0"},
				"south": {"uv": [13, 5, 14, 5.5], "texture": "#0"},
				"west": {"uv": [11.5, 3.5, 12, 4], "texture": "#0"},
				"up": {"uv": [14, 6, 13, 5.5], "texture": "#0"},
				"down": {"uv": [14, 6, 13, 6.5], "texture": "#0"}
			}
		},
		{
			"from": [6, 0, 4],
			"to": [10, 4, 12],
			"rotation": {"angle": 0, "axis": "y", "origin": [6, 0, 4]},
			"faces": {
				"north": {"uv": [7, 4, 9, 6], "texture": "#0"},
				"east": {"uv": [0, 0, 4, 2], "texture": "#0"},
				"south": {"uv": [7, 6, 9, 8], "texture": "#0"},
				"west": {"uv": [0, 2, 4, 4], "texture": "#0"},
				"up": {"uv": [2, 8, 0, 4], "texture": "#0"},
				"down": {"uv": [6, 0, 4, 4], "texture": "#0"}
			}
		},
		{
			"from": [7, 2, 12],
			"to": [9, 4, 17],
			"rotation": {"angle": -22.5, "axis": "x", "origin": [7, 2, 12]},
			"faces": {
				"north": {"uv": [13.5, 1, 12.5, 2], "rotation": 180, "texture": "#0"},
				"east": {"uv": [10.5, 0, 11.5, 2.5], "rotation": 270, "texture": "#0"},
				"south": {"uv": [13, 13, 12, 12], "texture": "#0"},
				"west": {"uv": [6, 11, 7, 13.5], "rotation": 90, "texture": "#0"},
				"up": {"uv": [10, 9, 11, 11.5], "rotation": 180, "texture": "#0"},
				"down": {"uv": [5, 11, 6, 13.5], "texture": "#0"}
			}
		},
		{
			"from": [7.01, 4.1058, 15.65223],
			"to": [8.99, 9.1058, 17.65223],
			"rotation": {"angle": 22.5, "axis": "x", "origin": [8, 6.6058, 16.65223]},
			"faces": {
				"north": {"uv": [7, 11, 8, 13.5], "texture": "#0"},
				"east": {"uv": [8, 11, 9, 13.5], "texture": "#0"},
				"south": {"uv": [11, 8, 12, 10.5], "texture": "#0"},
				"west": {"uv": [11, 10.5, 12, 13], "texture": "#0"},
				"up": {"uv": [5, 13.5, 4, 12.5], "texture": "#0"},
				"down": {"uv": [11, 12.5, 10, 13.5], "texture": "#0"}
			}
		},
		{
			"from": [9, 0, -3],
			"to": [11, 2, 5],
			"rotation": {"angle": -22.5, "axis": "x", "origin": [10, 1, 4]},
			"faces": {
				"north": {"uv": [12, 2, 13, 3], "texture": "#0"},
				"east": {"uv": [9, 4, 13, 5], "texture": "#0"},
				"south": {"uv": [12, 3, 13, 4], "texture": "#0"},
				"west": {"uv": [5, 9, 9, 10], "texture": "#0"},
				"up": {"uv": [10, 13, 9, 9], "texture": "#0"},
				"down": {"uv": [1, 9.5, 0, 13.5], "texture": "#0"}
			}
		},
		{
			"from": [9, 0, 10],
			"to": [11, 2, 18],
			"rotation": {"angle": 22.5, "axis": "x", "origin": [10, 1, 11]},
			"faces": {
				"north": {"uv": [12, 3, 13, 4], "rotation": 180, "texture": "#0"},
				"east": {"uv": [9, 4, 13, 5], "rotation": 180, "texture": "#0"},
				"south": {"uv": [12, 2, 13, 3], "rotation": 180, "texture": "#0"},
				"west": {"uv": [5, 9, 9, 10], "rotation": 180, "texture": "#0"},
				"up": {"uv": [1, 9.5, 0, 13.5], "texture": "#0"},
				"down": {"uv": [10, 13, 9, 9], "texture": "#0"}
			}
		},
		{
			"from": [5, 0, -3],
			"to": [7, 2, 5],
			"rotation": {"angle": -22.5, "axis": "x", "origin": [6, 1, 4]},
			"faces": {
				"north": {"uv": [13, 2, 12, 3], "texture": "#0"},
				"east": {"uv": [9, 9, 5, 10], "texture": "#0"},
				"south": {"uv": [12, 3, 13, 4], "texture": "#0"},
				"west": {"uv": [13, 4, 9, 5], "texture": "#0"},
				"up": {"uv": [9, 13, 10, 9], "texture": "#0"},
				"down": {"uv": [0, 9.5, 1, 13.5], "texture": "#0"}
			}
		},
		{
			"from": [5, 0, 10],
			"to": [7, 2, 18],
			"rotation": {"angle": 22.5, "axis": "x", "origin": [6, 1, 11]},
			"faces": {
				"north": {"uv": [12, 3, 13, 4], "rotation": 180, "texture": "#0"},
				"east": {"uv": [9, 9, 5, 10], "rotation": 180, "texture": "#0"},
				"south": {"uv": [13, 2, 12, 3], "rotation": 180, "texture": "#0"},
				"west": {"uv": [13, 4, 9, 5], "rotation": 180, "texture": "#0"},
				"up": {"uv": [0, 9.5, 1, 13.5], "texture": "#0"},
				"down": {"uv": [9, 13, 10, 9], "texture": "#0"}
			}
		}
	],
	"gui_light": "front",
	"display": {
		"thirdperson_righthand": {
			"rotation": [90, 0, 0],
			"translation": [0, -2.5, 3.5],
			"scale": [0.9, 0.9, 0.9]
		},
		"thirdperson_lefthand": {
			"rotation": [90, 0, 0],
			"translation": [0, -2.5, 3.5],
			"scale": [0.9, 0.9, 0.9]
		},
		"firstperson_righthand": {
			"rotation": [0, 107, 0],
			"translation": [0, 6.25, 0],
			"scale": [0.4, 0.4, 0.4]
		},
		"firstperson_lefthand": {
			"rotation": [0, 107, 0],
			"translation": [0, 6.25, 0],
			"scale": [0.4, 0.4, 0.4]
		},
		"ground": {
			"translation": [0, 3.75, 0],
			"scale": [0.4, 0.4, 0.4]
		},
		"gui": {
			"rotation": [19, 146, 0],
			"translation": [0, 4.25, 0],
			"scale": [0.8, 0.8, 0.8]
		},
		"head": {
			"translation": [0, 17, 0.5],
			"scale": [1.3, 1.3, 1.3]
		},
		"fixed": {
			"rotation": [-90, 0, 0],
			"translation": [0, 0, -11]
		}
	},
	"groups": [
		{
			"name": "head",
			"origin": [8, 8, 8],
			"color": 0,
			"children": [0, 1, 2, 3, 4]
		},
		5,
		6,
		7,
		8,
		9,
		10,
		11
	]
}