{
	"credit": "Made by Bret06 using Blockbench",
	"textures": {
		"0": "lunareclipse.cosmetics:item/hats/lilypad/lily_pad",
		"1": "lunareclipse.cosmetics:item/hats/lilypad/redstone_torch",
		"particle": "lunareclipse.cosmetics:item/hats/lilypad/lily_pad"
	},
	"elements": [
		{
			"name": "lily_pad_0",
			"from": [1.1, 0, 3.5],
			"to": [14.1, 1, 6.5],
			"rotation": {"angle": 0, "axis": "y", "origin": [11.1, 0.5, 8]},
			"faces": {
				"north": {"uv": [4, 1, 5, 14], "rotation": 90, "texture": "#0"},
				"east": {"uv": [4, 13, 7, 14], "rotation": 180, "texture": "#0"},
				"south": {"uv": [6, 1, 7, 14], "rotation": 270, "texture": "#0"},
				"west": {"uv": [4, 1, 7, 2], "texture": "#0"},
				"up": {"uv": [7, 1, 4, 14], "rotation": 270, "texture": "#0"},
				"down": {"uv": [4, 1, 7, 14], "rotation": 270, "texture": "#0"}
			}
		},
		{
			"name": "lily_pad_1",
			"from": [1.1, 0, 9.5],
			"to": [14.1, 1, 12.5],
			"rotation": {"angle": 0, "axis": "y", "origin": [11.1, 0.5, 8]},
			"faces": {
				"north": {"uv": [10, 1, 11, 14], "rotation": 90, "texture": "#0"},
				"east": {"uv": [10, 13, 13, 14], "rotation": 180, "texture": "#0"},
				"south": {"uv": [12, 1, 13, 14], "rotation": 270, "texture": "#0"},
				"west": {"uv": [10, 1, 13, 2], "texture": "#0"},
				"up": {"uv": [13, 1, 10, 14], "rotation": 270, "texture": "#0"},
				"down": {"uv": [10, 1, 13, 14], "rotation": 270, "texture": "#0"}
			}
		},
		{
			"name": "lily_pad_2",
			"from": [2.1, 0, 2.5],
			"to": [13.1, 1, 3.5],
			"rotation": {"angle": 0, "axis": "y", "origin": [11.1, 0.5, 8]},
			"faces": {
				"north": {"uv": [3, 2, 4, 13], "rotation": 90, "texture": "#0"},
				"east": {"uv": [3, 12, 4, 13], "rotation": 180, "texture": "#0"},
				"south": {"uv": [3, 2, 4, 13], "rotation": 270, "texture": "#0"},
				"west": {"uv": [3, 2, 4, 3], "texture": "#0"},
				"up": {"uv": [4, 2, 3, 13], "rotation": 270, "texture": "#0"},
				"down": {"uv": [3, 2, 4, 13], "rotation": 270, "texture": "#0"}
			}
		},
		{
			"name": "lily_pad_3",
			"from": [2.1, 0, 12.5],
			"to": [13.1, 1, 13.5],
			"rotation": {"angle": 0, "axis": "y", "origin": [11.1, 0.5, 8]},
			"faces": {
				"north": {"uv": [13, 2, 14, 13], "rotation": 90, "texture": "#0"},
				"east": {"uv": [13, 12, 14, 13], "rotation": 180, "texture": "#0"},
				"south": {"uv": [13, 2, 14, 13], "rotation": 270, "texture": "#0"},
				"west": {"uv": [13, 2, 14, 3], "texture": "#0"},
				"up": {"uv": [14, 2, 13, 13], "rotation": 270, "texture": "#0"},
				"down": {"uv": [13, 2, 14, 13], "rotation": 270, "texture": "#0"}
			}
		},
		{
			"name": "lily_pad_4",
			"from": [3.1, 0, 6.5],
			"to": [15.1, 1, 7.5],
			"rotation": {"angle": 0, "axis": "y", "origin": [11.1, 0.5, 8]},
			"faces": {
				"north": {"uv": [7, 3, 8, 15], "rotation": 90, "texture": "#0"},
				"east": {"uv": [7, 14, 8, 15], "rotation": 180, "texture": "#0"},
				"south": {"uv": [7, 3, 8, 15], "rotation": 270, "texture": "#0"},
				"west": {"uv": [7, 3, 8, 4], "texture": "#0"},
				"up": {"uv": [8, 3, 7, 15], "rotation": 270, "texture": "#0"},
				"down": {"uv": [7, 3, 8, 15], "rotation": 270, "texture": "#0"}
			}
		},
		{
			"name": "lily_pad_5",
			"from": [3.1, 0, 8.5],
			"to": [15.1, 1, 9.5],
			"rotation": {"angle": 0, "axis": "y", "origin": [11.1, 0.5, 8]},
			"faces": {
				"north": {"uv": [9, 3, 10, 15], "rotation": 90, "texture": "#0"},
				"east": {"uv": [9, 14, 10, 15], "rotation": 180, "texture": "#0"},
				"south": {"uv": [9, 3, 10, 15], "rotation": 270, "texture": "#0"},
				"west": {"uv": [9, 3, 10, 4], "texture": "#0"},
				"up": {"uv": [10, 3, 9, 15], "rotation": 270, "texture": "#0"},
				"down": {"uv": [9, 3, 10, 15], "rotation": 270, "texture": "#0"}
			}
		},
		{
			"name": "lily_pad_6",
			"from": [4.1, 0, 1.5],
			"to": [11.1, 1, 2.5],
			"rotation": {"angle": 0, "axis": "y", "origin": [11.1, 0.5, 8]},
			"faces": {
				"north": {"uv": [2, 4, 3, 11], "rotation": 90, "texture": "#0"},
				"east": {"uv": [2, 10, 3, 11], "rotation": 180, "texture": "#0"},
				"south": {"uv": [2, 4, 3, 11], "rotation": 270, "texture": "#0"},
				"west": {"uv": [2, 4, 3, 5], "texture": "#0"},
				"up": {"uv": [3, 4, 2, 11], "rotation": 270, "texture": "#0"},
				"down": {"uv": [2, 4, 3, 11], "rotation": 270, "texture": "#0"}
			}
		},
		{
			"name": "lily_pad_7",
			"from": [4.1, 0, 13.5],
			"to": [11.1, 1, 14.5],
			"rotation": {"angle": 0, "axis": "y", "origin": [11.1, 0.5, 8]},
			"faces": {
				"north": {"uv": [14, 4, 15, 11], "rotation": 90, "texture": "#0"},
				"east": {"uv": [14, 10, 15, 11], "rotation": 180, "texture": "#0"},
				"south": {"uv": [14, 4, 15, 11], "rotation": 270, "texture": "#0"},
				"west": {"uv": [14, 4, 15, 5], "texture": "#0"},
				"up": {"uv": [15, 4, 14, 11], "rotation": 270, "texture": "#0"},
				"down": {"uv": [14, 4, 15, 11], "rotation": 270, "texture": "#0"}
			}
		},
		{
			"name": "lily_pad_8",
			"from": [5.1, 0, 7.5],
			"to": [15.1, 1, 8.5],
			"rotation": {"angle": 0, "axis": "y", "origin": [11.1, 0.5, 8]},
			"faces": {
				"north": {"uv": [8, 5, 9, 15], "rotation": 90, "texture": "#0"},
				"east": {"uv": [8, 14, 9, 15], "rotation": 180, "texture": "#0"},
				"south": {"uv": [8, 5, 9, 15], "rotation": 270, "texture": "#0"},
				"west": {"uv": [8, 5, 9, 6], "texture": "#0"},
				"up": {"uv": [9, 5, 8, 15], "rotation": 270, "texture": "#0"},
				"down": {"uv": [8, 5, 9, 15], "rotation": 270, "texture": "#0"}
			}
		},
		{
			"name": "lily_pad_9",
			"from": [14.1, 0, 5.5],
			"to": [15.1, 1, 6.5],
			"rotation": {"angle": 0, "axis": "y", "origin": [11.1, 0.5, 8]},
			"faces": {
				"north": {"uv": [6, 14, 7, 15], "rotation": 90, "texture": "#0"},
				"east": {"uv": [6, 14, 7, 15], "rotation": 180, "texture": "#0"},
				"south": {"uv": [6, 14, 7, 15], "rotation": 270, "texture": "#0"},
				"west": {"uv": [6, 14, 7, 15], "texture": "#0"},
				"up": {"uv": [7, 14, 6, 15], "rotation": 270, "texture": "#0"},
				"down": {"uv": [6, 14, 7, 15], "rotation": 270, "texture": "#0"}
			}
		},
		{
			"name": "lily_pad_10",
			"from": [14.1, 0, 9.5],
			"to": [15.1, 1, 10.5],
			"rotation": {"angle": 0, "axis": "y", "origin": [11.1, 0.5, 8]},
			"faces": {
				"north": {"uv": [10, 14, 11, 15], "rotation": 90, "texture": "#0"},
				"east": {"uv": [10, 14, 11, 15], "rotation": 180, "texture": "#0"},
				"south": {"uv": [10, 14, 11, 15], "rotation": 270, "texture": "#0"},
				"west": {"uv": [10, 14, 11, 15], "texture": "#0"},
				"up": {"uv": [11, 14, 10, 15], "rotation": 270, "texture": "#0"},
				"down": {"uv": [10, 14, 11, 15], "rotation": 270, "texture": "#0"}
			}
		},
		{
			"from": [7, 1, 7],
			"to": [9, 11, 9],
			"shade": false,
			"rotation": {"angle": 0, "axis": "y", "origin": [0, 1, 0]},
			"faces": {
				"up": {"uv": [7, 6, 9, 8], "texture": "#1"},
				"down": {"uv": [7, 13, 9, 15], "texture": "#1"}
			}
		},
		{
			"from": [7, 1, 0],
			"to": [9, 17, 16],
			"shade": false,
			"rotation": {"angle": 0, "axis": "y", "origin": [0, 1, 0]},
			"faces": {
				"east": {"uv": [0, 0, 16, 16], "texture": "#1"},
				"west": {"uv": [0, 0, 16, 16], "texture": "#1"}
			}
		},
		{
			"from": [0, 1, 7],
			"to": [16, 17, 9],
			"shade": false,
			"rotation": {"angle": 0, "axis": "y", "origin": [0, 1, 0]},
			"faces": {
				"north": {"uv": [0, 0, 16, 16], "texture": "#1"},
				"south": {"uv": [0, 0, 16, 16], "texture": "#1"}
			}
		}
	],
	"gui_light": "front",
	"display": {
		"thirdperson_righthand": {
			"rotation": [75, 45, 0],
			"translation": [0, 2.5, 0],
			"scale": [0.375, 0.375, 0.375]
		},
		"thirdperson_lefthand": {
			"rotation": [75, 45, 0],
			"translation": [0, 2.5, 0],
			"scale": [0.375, 0.375, 0.375]
		},
		"firstperson_righthand": {
			"rotation": [0, 45, 0],
			"translation": [0.5, 4.75, 0],
			"scale": [0.4, 0.4, 0.4]
		},
		"firstperson_lefthand": {
			"rotation": [0, 45, 0],
			"translation": [0.5, 4.75, 0],
			"scale": [0.4, 0.4, 0.4]
		},
		"ground": {
			"translation": [0, 3, 0],
			"scale": [0.25, 0.25, 0.25]
		},
		"gui": {
			"rotation": [30, 45, 0],
			"translation": [0.25, 4, 0]
		},
		"head": {
			"translation": [0, 18.25, 0],
			"scale": [1.5, 1.5, 1.5]
		},
		"fixed": {
			"scale": [0.5, 0.5, 0.5]
		}
	},
	"groups": [
		{
			"name": "lily_pad",
			"origin": [8, 8, 8],
			"color": 0,
			"children": [0, 1, 2, 3, 4, 5, 6, 7, 8, 9, 10]
		},
		11,
		12,
		13
	]
}