{
	"credit": "Made by Bret06 using Blockbench",
	"texture_size": [32, 32],
	"textures": {
		"0": "lunareclipse.cosmetics:item/hats/rugby_helmet",
		"particle": "lunareclipse.cosmetics:item/hats/rugby_helmet"
	},
	"elements": [
		{
			"from": [3, 0, 8],
			"to": [13, 9, 13],
			"faces": {
				"north": {"uv": [0, 0, 5, 4.5], "texture": "#0", "tintindex": 0},
				"east": {"uv": [7.5, 11, 5, 15.5], "texture": "#0", "tintindex": 0},
				"south": {"uv": [0, 4.5, 5, 9], "texture": "#0", "tintindex": 0},
				"west": {"uv": [5, 11, 7.5, 15.5], "texture": "#0", "tintindex": 0},
				"up": {"uv": [10, 8.5, 5, 6], "texture": "#0", "tintindex": 0},
				"down": {"uv": [10, 8.5, 5, 11], "texture": "#0", "tintindex": 0}
			}
		},
		{
			"from": [3, 5, 3],
			"to": [13, 9, 8],
			"faces": {
				"north": {"uv": [0, 11.5, 5, 13.5], "texture": "#0", "tintindex": 0},
				"east": {"uv": [2.5, 13.5, 0, 15.5], "texture": "#0", "tintindex": 0},
				"west": {"uv": [0, 13.5, 2.5, 15.5], "texture": "#0", "tintindex": 0},
				"up": {"uv": [5, 11.5, 0, 9], "texture": "#0", "tintindex": 0},
				"down": {"uv": [15, 0, 10, 2.5], "texture": "#0", "tintindex": 0}
			}
		},
		{
			"from": [2.9, 1, 2.5],
			"to": [13.1, 6, 8.5],
			"rotation": {"angle": -22.5, "axis": "x", "origin": [8, 2.5, 8]},
			"faces": {
				"north": {"uv": [10, 2.5, 15, 5], "texture": "#0"},
				"east": {"uv": [12.5, 7.5, 15.5, 10], "texture": "#0"},
				"west": {"uv": [15.5, 7.5, 12.5, 10], "texture": "#0"}
			}
		},
		{
			"from": [2.9, 6, 2.5],
			"to": [13.1, 1, 8.5],
			"rotation": {"angle": -22.5, "axis": "x", "origin": [8, 2.5, 8]},
			"faces": {
				"north": {"uv": [10, 5, 15, 2.5], "texture": "#0"},
				"east": {"uv": [12.5, 10, 15.5, 7.5], "texture": "#0"},
				"west": {"uv": [15.5, 10, 12.5, 7.5], "texture": "#0"}
			}
		}
	],
	"display": {
		"thirdperson_righthand": {
			"translation": [0, 2, 0],
			"scale": [0.45, 0.45, 0.45]
		},
		"thirdperson_lefthand": {
			"translation": [0, 2, 0],
			"scale": [0.45, 0.45, 0.45]
		},
		"firstperson_righthand": {
			"rotation": [0, 20.75, 0],
			"translation": [3, 4, 0],
			"scale": [0.7, 0.7, 0.7]
		},
		"firstperson_lefthand": {
			"rotation": [0, 20.75, 0],
			"translation": [3, 4, 0],
			"scale": [0.7, 0.7, 0.7]
		},
		"ground": {
			"scale": [0.5, 0.5, 0.5]
		},
		"gui": {
			"rotation": [30, 135, 0],
			"translation": [0, 2.5, 0],
			"scale": [0.85, 0.85, 0.85]
		},
		"head": {
			"translation": [0, 6, 0],
			"scale": [1.6, 1.6, 1.6]
		},
		"fixed": {
			"translation": [0, 3.25, 0]
		}
	}
}