{
	"credit": "Made by Bret06 using Blockbench",
	"texture_size": [32, 32],
	"textures": {
		"0": "lunareclipse.cosmetics:item/hats/sleeping_webster/webster",
		"1": "lunareclipse.cosmetics:item/hats/sleeping_webster/zs",
		"particle": "lunareclipse.cosmetics:item/hats/sleeping_webster/webster"
	},
	"elements": [
		{
			"name": "bone5",
			"from": [9.46728, 0.01339, 9.59421],
			"to": [13.46728, 1.01339, 10.59421],
			"rotation": {"angle": -22.5, "axis": "y", "origin": [11.46728, 0.51339, 9.29421]},
			"faces": {
				"north": {"uv": [5.5, 1.5, 7.5, 2], "texture": "#0"},
				"east": {"uv": [5, 1.5, 5.5, 2], "texture": "#0"},
				"south": {"uv": [8, 1.5, 10, 2], "texture": "#0"},
				"west": {"uv": [7.5, 1.5, 8, 2], "texture": "#0"},
				"up": {"uv": [7.5, 1.5, 5.5, 1], "texture": "#0"},
				"down": {"uv": [9.5, 1, 7.5, 1.5], "texture": "#0"}
			}
		},
		{
			"name": "bone6",
			"from": [2.53272, 0.01339, 9.59421],
			"to": [6.53272, 1.01339, 10.59421],
			"rotation": {"angle": 22.5, "axis": "y", "origin": [4.53272, 0.51339, 9.29421]},
			"faces": {
				"north": {"uv": [7.5, 1.5, 5.5, 2], "texture": "#0"},
				"east": {"uv": [8, 1.5, 7.5, 2], "texture": "#0"},
				"south": {"uv": [10, 1.5, 8, 2], "texture": "#0"},
				"west": {"uv": [5.5, 1.5, 5, 2], "texture": "#0"},
				"up": {"uv": [5.5, 1.5, 7.5, 1], "texture": "#0"},
				"down": {"uv": [7.5, 1, 9.5, 1.5], "texture": "#0"}
			}
		},
		{
			"name": "bone6",
			"from": [8.75285, 0.01339, 11.21537],
			"to": [12.75285, 1.01339, 12.21537],
			"rotation": {"angle": -45, "axis": "y", "origin": [10.75285, 0.51339, 11.11537]},
			"faces": {
				"north": {"uv": [5.5, 1.5, 7.5, 2], "texture": "#0"},
				"east": {"uv": [5, 1.5, 5.5, 2], "texture": "#0"},
				"south": {"uv": [8, 1.5, 10, 2], "texture": "#0"},
				"west": {"uv": [7.5, 1.5, 8, 2], "texture": "#0"},
				"up": {"uv": [7.5, 1.5, 5.5, 1], "texture": "#0"},
				"down": {"uv": [9.5, 1, 7.5, 1.5], "texture": "#0"}
			}
		},
		{
			"name": "bone7",
			"from": [3.24715, 0.01339, 11.21537],
			"to": [7.24715, 1.01339, 12.21537],
			"rotation": {"angle": 45, "axis": "y", "origin": [5.24715, 0.51339, 11.11537]},
			"faces": {
				"north": {"uv": [7.5, 1.5, 5.5, 2], "texture": "#0"},
				"east": {"uv": [8, 1.5, 7.5, 2], "texture": "#0"},
				"south": {"uv": [10, 1.5, 8, 2], "texture": "#0"},
				"west": {"uv": [5.5, 1.5, 5, 2], "texture": "#0"},
				"up": {"uv": [5.5, 1.5, 7.5, 1], "texture": "#0"},
				"down": {"uv": [7.5, 1, 9.5, 1.5], "texture": "#0"}
			}
		},
		{
			"name": "bone7",
			"from": [9.39514, 0.01339, 7.45176],
			"to": [13.39514, 1.01339, 8.45176],
			"rotation": {"angle": 22.5, "axis": "y", "origin": [11.39514, 0.51339, 7.95176]},
			"faces": {
				"north": {"uv": [5.5, 1.5, 7.5, 2], "texture": "#0"},
				"east": {"uv": [5, 1.5, 5.5, 2], "texture": "#0"},
				"south": {"uv": [8, 1.5, 10, 2], "texture": "#0"},
				"west": {"uv": [7.5, 1.5, 8, 2], "texture": "#0"},
				"up": {"uv": [7.5, 1.5, 5.5, 1], "texture": "#0"},
				"down": {"uv": [9.5, 1, 7.5, 1.5], "texture": "#0"}
			}
		},
		{
			"name": "bone8",
			"from": [2.60486, 0.01339, 7.45176],
			"to": [6.60486, 1.01339, 8.45176],
			"rotation": {"angle": -22.5, "axis": "y", "origin": [4.60486, 0.51339, 7.95176]},
			"faces": {
				"north": {"uv": [7.5, 1.5, 5.5, 2], "texture": "#0"},
				"east": {"uv": [8, 1.5, 7.5, 2], "texture": "#0"},
				"south": {"uv": [10, 1.5, 8, 2], "texture": "#0"},
				"west": {"uv": [5.5, 1.5, 5, 2], "texture": "#0"},
				"up": {"uv": [5.5, 1.5, 7.5, 1], "texture": "#0"},
				"down": {"uv": [7.5, 1, 9.5, 1.5], "texture": "#0"}
			}
		},
		{
			"name": "bone8",
			"from": [8.49409, 0.01339, 6.06567],
			"to": [12.49409, 1.01339, 7.06567],
			"rotation": {"angle": 45, "axis": "y", "origin": [10.49409, 0.51339, 6.86567]},
			"faces": {
				"north": {"uv": [5.5, 1.5, 7.5, 2], "texture": "#0"},
				"east": {"uv": [5, 1.5, 5.5, 2], "texture": "#0"},
				"south": {"uv": [8, 1.5, 10, 2], "texture": "#0"},
				"west": {"uv": [7.5, 1.5, 8, 2], "texture": "#0"},
				"up": {"uv": [7.5, 1.5, 5.5, 1], "texture": "#0"},
				"down": {"uv": [9.5, 1, 7.5, 1.5], "texture": "#0"}
			}
		},
		{
			"name": "bone9",
			"from": [3.50591, 0.01339, 6.06567],
			"to": [7.50591, 1.01339, 7.06567],
			"rotation": {"angle": -45, "axis": "y", "origin": [5.50591, 0.51339, 6.86567]},
			"faces": {
				"north": {"uv": [7.5, 1.5, 5.5, 2], "texture": "#0"},
				"east": {"uv": [8, 1.5, 7.5, 2], "texture": "#0"},
				"south": {"uv": [10, 1.5, 8, 2], "texture": "#0"},
				"west": {"uv": [5.5, 1.5, 5, 2], "texture": "#0"},
				"up": {"uv": [5.5, 1.5, 7.5, 1], "texture": "#0"},
				"down": {"uv": [7.5, 1, 9.5, 1.5], "texture": "#0"}
			}
		},
		{
			"from": [6.5, 0, 4],
			"to": [9.5, 3, 7],
			"faces": {
				"north": {"uv": [1.5, 5, 3, 6.5], "texture": "#0"},
				"east": {"uv": [0, 5, 1.5, 6.5], "texture": "#0"},
				"south": {"uv": [4.5, 5, 6, 6.5], "texture": "#0"},
				"west": {"uv": [3, 5, 4.5, 6.5], "texture": "#0"},
				"up": {"uv": [3, 5, 1.5, 3.5], "texture": "#0"},
				"down": {"uv": [4.5, 3.5, 3, 5], "texture": "#0"}
			}
		},
		{
			"from": [6.25, -0.25, 7.75],
			"to": [9.75, 3.25, 12.25],
			"faces": {
				"north": {"uv": [2, 2, 3.5, 3.5], "texture": "#0"},
				"east": {"uv": [0, 2, 2, 3.5], "texture": "#0"},
				"south": {"uv": [5.5, 2, 7, 3.5], "texture": "#0"},
				"west": {"uv": [3.5, 2, 5.5, 3.5], "texture": "#0"},
				"up": {"uv": [3.5, 2, 2, 0], "texture": "#0"},
				"down": {"uv": [5, 0, 3.5, 2], "texture": "#0"}
			}
		},
		{
			"from": [7, 0.5, 7],
			"to": [9, 2.5, 8],
			"faces": {
				"north": {"uv": [0.5, 8, 1.5, 9], "texture": "#0"},
				"east": {"uv": [0, 8, 0.5, 9], "texture": "#0"},
				"south": {"uv": [2, 8, 3, 9], "texture": "#0"},
				"west": {"uv": [1.5, 8, 2, 9], "texture": "#0"},
				"up": {"uv": [1.5, 8, 0.5, 7.5], "texture": "#0"},
				"down": {"uv": [2.5, 7.5, 1.5, 8], "texture": "#0"}
			}
		},
		{
			"from": [-8, 4, 6],
			"to": [8, 20, 6],
			"faces": {
				"north": {"uv": [0, 0, 8, 8], "texture": "#1"},
				"east": {"uv": [0, 0, 0, 8], "texture": "#1"},
				"south": {"uv": [8, 8, 16, 16], "texture": "#1"},
				"west": {"uv": [0, 0, 0, 8], "texture": "#1"},
				"up": {"uv": [8, 0, 0, 0], "texture": "#1"},
				"down": {"uv": [8, 0, 0, 0], "texture": "#1"}
			}
		},
		{
			"from": [8, 4, 6],
			"to": [24, 20, 6],
			"faces": {
				"north": {"uv": [8, 8, 16, 16], "texture": "#1"},
				"east": {"uv": [0, 0, 0, 8], "texture": "#1"},
				"south": {"uv": [0, 0, 8, 8], "texture": "#1"},
				"west": {"uv": [0, 0, 0, 8], "texture": "#1"},
				"up": {"uv": [8, 0, 0, 0], "texture": "#1"},
				"down": {"uv": [8, 0, 0, 0], "texture": "#1"}
			}
		}
	],
	"gui_light": "front",
	"display": {
		"thirdperson_righthand": {
			"rotation": [75, 45, 0],
			"translation": [0, 2.5, 2.25],
			"scale": [0.375, 0.375, 0.375]
		},
		"thirdperson_lefthand": {
			"rotation": [75, 45, 0],
			"translation": [0, 2.5, 2.25],
			"scale": [0.375, 0.375, 0.375]
		},
		"firstperson_righthand": {
			"rotation": [0, 120, 0],
			"translation": [-0.25, 5.5, 2.5],
			"scale": [0.4, 0.4, 0.4]
		},
		"firstperson_lefthand": {
			"rotation": [0, 120, 0],
			"translation": [-0.25, 5.5, 2.5],
			"scale": [0.4, 0.4, 0.4]
		},
		"ground": {
			"translation": [0, 5.5, 0],
			"scale": [0.8, 0.8, 0.8]
		},
		"gui": {
			"rotation": [22, 167, 2],
			"translation": [-3.5, 0.5, 0],
			"scale": [0.75, 0.75, 0.75]
		},
		"head": {
			"rotation": [0, -24.75, 0],
			"translation": [0, 19.5, 0],
			"scale": [1.6, 1.6, 1.6]
		}
	},
	"groups": [
		{
			"name": "bone10",
			"origin": [0, 0, 0],
			"color": 0,
			"children": [
				{
					"name": "bone5",
					"origin": [1.5, 2, -2.5],
					"rotation": [0, -32.5, -47.5],
					"color": 0,
					"children": [0, 1]
				},
				{
					"name": "bone6",
					"origin": [2, 0.7, -0.2],
					"rotation": [0, -47.5, -47.5],
					"color": 0,
					"children": [2, 3]
				},
				{
					"name": "bone7",
					"origin": [1.5, 2, -2.5],
					"rotation": [0, 2.5, -47.5],
					"color": 0,
					"children": [4, 5]
				},
				{
					"name": "bone8",
					"origin": [1.5, 2, -2.5],
					"rotation": [0, 35, -47.5],
					"color": 0,
					"children": [6, 7]
				},
				{
					"name": "bone2",
					"origin": [-0.5, 2, -2.5],
					"rotation": [0, 32.5, 47.5],
					"color": 0,
					"children": []
				},
				{
					"name": "bone4",
					"origin": [-0.5, 2, -2.5],
					"rotation": [0, -35, 47.5],
					"color": 0,
					"children": []
				},
				{
					"name": "bone3",
					"origin": [-0.5, 2, -2.5],
					"rotation": [0, -2.5, 47.5],
					"color": 0,
					"children": []
				},
				{
					"name": "bone9",
					"origin": [-1, 0.7, -0.2],
					"rotation": [0, 47.5, 47.5],
					"color": 0,
					"children": []
				},
				{
					"name": "bone",
					"origin": [0, 0, 0],
					"color": 0,
					"children": [8, 9, 10]
				}
			]
		},
		11,
		12
	]
}