{
	"credit": "Made by Bret06 using Blockbench",
	"texture_size": [64, 64],
	"textures": {
		"0": "lunareclipse.cosmetics:item/hats/straw_hat",
		"particle": "lunareclipse.cosmetics:item/hats/straw_hat"
	},
	"elements": [
		{
			"name": "headwear",
			"from": [3.49, -6.32, 1.99],
			"to": [12.51, 2.7, 11.01],
			"rotation": {"angle": 0, "axis": "y", "origin": [8, -2.055, 6.75]},
			"faces": {
				"north": {"uv": [6, 6.25, 8, 8.25], "texture": "#0"},
				"east": {"uv": [4, 6.25, 6, 8.25], "texture": "#0"},
				"south": {"uv": [2, 6.25, 4, 8.25], "texture": "#0"},
				"west": {"uv": [0, 6.25, 2, 8.25], "texture": "#0"},
				"up": {"uv": [4, 6.25, 2, 4.25], "rotation": 180, "texture": "#0"},
				"down": {"uv": [6, 4.25, 4, 6.25], "rotation": 180, "texture": "#0"}
			}
		},
		{
			"name": "headwear2",
			"from": [0, -2.8, -1],
			"to": [16, -1.8, 15],
			"rotation": {"angle": 0, "axis": "y", "origin": [8, -2.055, 6.75]},
			"faces": {
				"north": {"uv": [12, 4, 16, 4.25], "texture": "#0"},
				"east": {"uv": [8, 4, 12, 4.25], "texture": "#0"},
				"south": {"uv": [4, 4, 8, 4.25], "texture": "#0"},
				"west": {"uv": [0, 4, 4, 4.25], "texture": "#0"},
				"up": {"uv": [8, 4, 4, 0], "rotation": 180, "texture": "#0"},
				"down": {"uv": [12, 0, 8, 4], "rotation": 180, "texture": "#0"}
			}
		},
		{
			"name": "headwear3 inverted",
			"from": [16, -1.8, 15],
			"to": [0, -2.8, -1],
			"rotation": {"angle": 0, "axis": "y", "origin": [8, -2.055, 6.75]},
			"faces": {
				"north": {"uv": [4, 4.25, 8, 4], "texture": "#0"},
				"east": {"uv": [0, 4.25, 4, 4], "texture": "#0"},
				"south": {"uv": [12, 4.25, 16, 4], "texture": "#0"},
				"west": {"uv": [8, 4.25, 12, 4], "texture": "#0"},
				"up": {"uv": [8, 0, 12, 4], "rotation": 180, "texture": "#0"},
				"down": {"uv": [4, 4, 8, 0], "rotation": 180, "texture": "#0"}
			}
		}
	],
	"gui_light": "front",
	"display": {
		"thirdperson_righthand": {
			"rotation": [-154.02, -7.61, 164.25],
			"translation": [-0.75, 4.25, 0.5],
			"scale": [0.55, 0.55, 0.55]
		},
		"thirdperson_lefthand": {
			"rotation": [-154.02, -7.61, 164.25],
			"translation": [-0.75, 4.25, 0.5],
			"scale": [0.55, 0.55, 0.55]
		},
		"firstperson_righthand": {
			"rotation": [0, -63, -25],
			"translation": [2.25, 7.85, 2.05],
			"scale": [0.68, 0.68, 0.68]
		},
		"firstperson_lefthand": {
			"rotation": [0, -63, -25],
			"translation": [2.25, 7.85, 2.05],
			"scale": [0.68, 0.68, 0.68]
		},
		"ground": {
			"translation": [0, 3.5, 0],
			"scale": [0.5, 0.5, 0.5]
		},
		"gui": {
			"rotation": [30, -30, 0],
			"translation": [-0.25, 6, 0],
			"scale": [0.8, 0.8, 0.8]
		},
		"head": {
			"rotation": [0, 180, 0],
			"translation": [0, 17, -2.509],
			"scale": [1.66, 1.66, 1.66]
		},
		"fixed": {
			"rotation": [0, 180, 0]
		}
	},
	"groups": [
		{
			"name": "headwear",
			"origin": [8, 24, 8],
			"color": 0,
			"nbt": "{}",
			"children": [0, 1, 2]
		}
	]
}