{
	"credit": "Made by Bret06 using Blockbench",
	"texture_size": [32, 16],
	"textures": {
		"0": "lunareclipse.cosmetics:item/hats/sussy_baka",
		"1": "lunareclipse.cosmetics:item/hats/sussy_baka_outline",
		"particle": "lunareclipse.cosmetics:item/hats/sussy_baka"
	},
	"elements": [
		{
			"from": [4, 0, 5],
			"to": [12, 11, 11],
			"rotation": {"angle": 0, "axis": "y", "origin": [5, 0, 6]},
			"faces": {
				"north": {"uv": [4, 0, 8, 11], "texture": "#0"},
				"east": {"uv": [8, 0, 11, 11], "texture": "#0"},
				"south": {"uv": [0, 0, 4, 11], "texture": "#0"},
				"west": {"uv": [11, 0, 8, 11], "texture": "#0"},
				"up": {"uv": [15, 16, 11, 10], "texture": "#0"},
				"down": {"uv": [15, 10, 11, 16], "texture": "#0"}
			}
		},
		{
			"from": [9, 0, 2],
			"to": [12, 3, 5],
			"rotation": {"angle": 0, "axis": "y", "origin": [10, 0, 3]},
			"faces": {
				"north": {"uv": [0, 11, 1.5, 14], "texture": "#0"},
				"east": {"uv": [0, 11, 1.5, 14], "texture": "#0"},
				"south": {"uv": [0, 11, 1.5, 14], "texture": "#0"},
				"west": {"uv": [0, 11, 1.5, 14], "texture": "#0"},
				"up": {"uv": [1.5, 11, 3, 14], "texture": "#0"},
				"down": {"uv": [1.5, 11, 3, 14], "texture": "#0"}
			}
		},
		{
			"from": [4, 0, 2],
			"to": [7, 3, 5],
			"rotation": {"angle": 0, "axis": "y", "origin": [5, 0, 3]},
			"faces": {
				"north": {"uv": [0, 11, 1.5, 14], "texture": "#0"},
				"east": {"uv": [0, 11, 1.5, 14], "texture": "#0"},
				"south": {"uv": [0, 11, 1.5, 14], "texture": "#0"},
				"west": {"uv": [0, 11, 1.5, 14], "texture": "#0"},
				"up": {"uv": [1.5, 11, 3, 14], "texture": "#0"},
				"down": {"uv": [1.5, 11, 3, 14], "texture": "#0"}
			}
		},
		{
			"from": [5, 5, 3],
			"to": [11, 9, 5],
			"rotation": {"angle": 0, "axis": "y", "origin": [6, 5, 4]},
			"faces": {
				"north": {"uv": [11, 0, 14, 4], "texture": "#0"},
				"east": {"uv": [15, 0, 14, 4], "texture": "#0"},
				"south": {"uv": [11, 0, 14, 4], "texture": "#0"},
				"west": {"uv": [14, 0, 15, 4], "texture": "#0"},
				"up": {"uv": [3, 16, 0, 14], "texture": "#0"},
				"down": {"uv": [6, 14, 3, 16], "texture": "#0"}
			}
		},
		{
			"from": [5, 1, 11],
			"to": [11, 7, 13],
			"rotation": {"angle": 0, "axis": "y", "origin": [6, 1, 12]},
			"faces": {
				"north": {"uv": [11, 4, 14, 10], "texture": "#0"},
				"east": {"uv": [14, 4, 15, 10], "texture": "#0"},
				"south": {"uv": [11, 4, 14, 10], "texture": "#0"},
				"west": {"uv": [15, 4, 14, 10], "texture": "#0"},
				"up": {"uv": [6, 11, 3, 13], "texture": "#0"},
				"down": {"uv": [9, 13, 6, 11], "texture": "#0"}
			}
		},
		{
			"name": "cube_outline",
			"from": [12.2, 11.2, 11.2],
			"to": [3.8, -0.2, 4.8],
			"rotation": {"angle": 0, "axis": "y", "origin": [5, 0, 6]},
			"faces": {
				"north": {"uv": [0, 0, 4, 11], "rotation": 180, "texture": "#1"},
				"east": {"uv": [11, 0, 8, 11], "rotation": 180, "texture": "#1"},
				"south": {"uv": [4, 0, 8, 11], "rotation": 180, "texture": "#1"},
				"west": {"uv": [8, 0, 11, 11], "rotation": 180, "texture": "#1"},
				"up": {"uv": [15, 10, 11, 16], "rotation": 180, "texture": "#1"},
				"down": {"uv": [15, 16, 11, 10], "rotation": 180, "texture": "#1"}
			}
		},
		{
			"name": "cube_outline",
			"from": [11.2, 9.2, 5.2],
			"to": [4.8, 4.8, 2.8],
			"rotation": {"angle": 0, "axis": "y", "origin": [6, 5, 4]},
			"faces": {
				"north": {"uv": [11, 0, 14, 4], "rotation": 180, "texture": "#1"},
				"east": {"uv": [14, 0, 15, 4], "rotation": 180, "texture": "#1"},
				"south": {"uv": [11, 0, 14, 4], "rotation": 180, "texture": "#1"},
				"west": {"uv": [15, 0, 14, 4], "rotation": 180, "texture": "#1"},
				"up": {"uv": [6, 14, 3, 16], "rotation": 180, "texture": "#1"},
				"down": {"uv": [3, 16, 0, 14], "rotation": 180, "texture": "#1"}
			}
		},
		{
			"name": "cube_outline",
			"from": [11.2, 7.2, 13.2],
			"to": [4.8, 0.8, 10.8],
			"rotation": {"angle": 0, "axis": "y", "origin": [6, 1, 12]},
			"faces": {
				"north": {"uv": [11, 4, 14, 10], "rotation": 180, "texture": "#1"},
				"east": {"uv": [15, 4, 14, 10], "rotation": 180, "texture": "#1"},
				"south": {"uv": [11, 4, 14, 10], "rotation": 180, "texture": "#1"},
				"west": {"uv": [14, 4, 15, 10], "rotation": 180, "texture": "#1"},
				"up": {"uv": [9, 13, 6, 11], "rotation": 180, "texture": "#1"},
				"down": {"uv": [6, 11, 3, 13], "rotation": 180, "texture": "#1"}
			}
		},
		{
			"name": "cube_outline",
			"from": [12.2, 3.2, 5.2],
			"to": [8.8, -0.2, 1.8],
			"rotation": {"angle": 0, "axis": "y", "origin": [10, 0, 3]},
			"faces": {
				"north": {"uv": [7.5, 13, 9, 16], "rotation": 180, "texture": "#1"},
				"east": {"uv": [0, 11, 1.5, 14], "rotation": 270, "texture": "#1"},
				"south": {"uv": [0, 11, 1.5, 14], "rotation": 270, "texture": "#1"},
				"west": {"uv": [0, 11, 1.5, 14], "rotation": 180, "texture": "#1"},
				"up": {"uv": [1.5, 11, 3, 14], "rotation": 180, "texture": "#1"},
				"down": {"uv": [1.5, 11, 3, 14], "rotation": 180, "texture": "#1"}
			}
		},
		{
			"name": "cube_outline",
			"from": [7.2, 3.2, 5.2],
			"to": [3.8, -0.2, 1.8],
			"rotation": {"angle": 0, "axis": "y", "origin": [5, 0, 3]},
			"faces": {
				"north": {"uv": [7.5, 13, 9, 16], "rotation": 180, "texture": "#1"},
				"east": {"uv": [0, 11, 1.5, 14], "rotation": 180, "texture": "#1"},
				"south": {"uv": [0, 11, 1.5, 14], "rotation": 180, "texture": "#1"},
				"west": {"uv": [0, 11, 1.5, 14], "rotation": 180, "texture": "#1"},
				"up": {"uv": [1.5, 11, 3, 14], "rotation": 180, "texture": "#1"},
				"down": {"uv": [1.5, 11, 3, 14], "rotation": 180, "texture": "#1"}
			}
		}
	],
	"display": {
		"thirdperson_righthand": {
			"scale": [0.6, 0.6, 0.6]
		},
		"thirdperson_lefthand": {
			"scale": [0.6, 0.6, 0.6]
		},
		"firstperson_righthand": {
			"rotation": [0, 120, 0],
			"translation": [2, 2.5, 0],
			"scale": [0.6, 0.6, 0.6]
		},
		"firstperson_lefthand": {
			"rotation": [0, 120, 0],
			"translation": [2, 2.5, 0],
			"scale": [0.6, 0.6, 0.6]
		},
		"ground": {
			"translation": [0, 0.25, 0],
			"scale": [0.4, 0.4, 0.4]
		},
		"gui": {
			"rotation": [35, 135, 0],
			"translation": [0.75, 2.25, 0],
			"scale": [0.9, 0.9, 0.9]
		},
		"head": {
			"translation": [0, 14.5, 0.5]
		},
		"fixed": {
			"translation": [0, 2, 0]
		}
	}
}