{
	"credit": "Made by Bret06 using Blockbench",
	"texture_size": [64, 64],
	"textures": {
		"0": "lunareclipse.cosmetics:item/hats/western"
	},
	"elements": [
		{
			"from": [3.5, 0, 3.5],
			"to": [12.5, 4, 12.5],
			"faces": {
				"north": {"uv": [5.75, 3.5, 8, 4.5], "texture": "#0"},
				"east": {"uv": [5.75, 3.5, 8, 4.5], "texture": "#0"},
				"south": {"uv": [5.75, 3.5, 8, 4.5], "texture": "#0"},
				"west": {"uv": [5.75, 3.5, 8, 4.5], "texture": "#0"},
				"up": {"uv": [5.75, 2.25, 3.5, 0], "texture": "#0"}
			}
		},
		{
			"from": [1, 0, 1],
			"to": [15, 0, 15],
			"faces": {
				"north": {"uv": [0, 0, 3.5, 0], "texture": "#0"},
				"east": {"uv": [0, 0, 3.5, 0], "texture": "#0"},
				"south": {"uv": [0, 0, 3.5, 0], "texture": "#0"},
				"west": {"uv": [0, 0, 3.5, 0], "texture": "#0"},
				"up": {"uv": [3.5, 3.5, 0, 0], "texture": "#0"},
				"down": {"uv": [3.5, 3.5, 0, 0], "texture": "#0"}
			}
		},
		{
			"from": [15, 0, 1],
			"to": [19, 0, 15],
			"rotation": {"angle": 45, "axis": "z", "origin": [15, 0, 8]},
			"faces": {
				"north": {"uv": [0, 0, 1, 0], "texture": "#0"},
				"east": {"uv": [0, 0, 3.5, 0], "texture": "#0"},
				"south": {"uv": [0, 0, 1, 0], "texture": "#0"},
				"west": {"uv": [0, 0, 3.5, 0], "texture": "#0"},
				"up": {"uv": [4.5, 8, 3.5, 4.5], "texture": "#0"},
				"down": {"uv": [4.5, 8, 3.5, 4.5], "texture": "#0"}
			}
		},
		{
			"from": [7, 0, 2.5],
			"to": [9, 2, 3.5],
			"faces": {
				"north": {"uv": [6.75, 0, 7.25, 0.5], "texture": "#0"},
				"east": {"uv": [6.75, 1, 7, 1.5], "texture": "#0"},
				"west": {"uv": [6.75, 1.5, 7, 2], "texture": "#0"},
				"up": {"uv": [7.25, 2.25, 6.75, 2], "texture": "#0"}
			}
		},
		{
			"from": [-3, 0, 1],
			"to": [1, 0, 15],
			"rotation": {"angle": -45, "axis": "z", "origin": [1, 0, 8]},
			"faces": {
				"north": {"uv": [1, 0, 0, 0], "texture": "#0"},
				"east": {"uv": [3.5, 0, 0, 0], "texture": "#0"},
				"south": {"uv": [1, 0, 0, 0], "texture": "#0"},
				"west": {"uv": [3.5, 0, 0, 0], "texture": "#0"},
				"up": {"uv": [3.5, 8, 4.5, 4.5], "texture": "#0"},
				"down": {"uv": [3.5, 8, 4.5, 4.5], "texture": "#0"}
			}
		},
		{
			"from": [3.4, 0, 3.4],
			"to": [12.6, 2, 12.6],
			"faces": {
				"north": {"uv": [0, 3.5, 2.25, 4], "texture": "#0"},
				"east": {"uv": [0, 3.5, 2.25, 4], "texture": "#0"},
				"south": {"uv": [0, 3.5, 2.25, 4], "texture": "#0"},
				"west": {"uv": [0, 3.5, 2.25, 4], "texture": "#0"}
			}
		}
	],
	"gui_light": "front",
	"display": {
		"thirdperson_righthand": {
			"translation": [0, 5, 0],
			"scale": [0.65, 0.65, 0.65]
		},
		"thirdperson_lefthand": {
			"translation": [0, 5, 0],
			"scale": [0.65, 0.65, 0.65]
		},
		"firstperson_righthand": {
			"rotation": [0, 20.75, 0],
			"translation": [4, 5.5, 0],
			"scale": [0.8, 0.8, 0.8]
		},
		"firstperson_lefthand": {
			"rotation": [0, 20.75, 0],
			"translation": [4, 5.5, 0],
			"scale": [0.8, 0.8, 0.8]
		},
		"ground": {
			"translation": [0, 5, 0],
			"scale": [0.7, 0.7, 0.7]
		},
		"gui": {
			"rotation": [30, 143, 0],
			"translation": [0.25, 4.25, 0],
			"scale": [0.75, 0.75, 0.75]
		},
		"head": {
			"translation": [0, 16, 0],
			"scale": [1.65, 1.65, 1.65]
		},
		"fixed": {
			"translation": [0, 5, 0]
		}
	},
	"groups": [
		{
			"name": "group",
			"origin": [0, 0, 0],
			"color": 0,
			"children": [0, 1, 2, 3, 4, 5]
		}
	]
}