{
	"credit": "Made by Bret06 using Blockbench",
	"textures": {
		"1": "lunareclipse.watching:item/skins/nullified/half_null",
		"skin": "lunareclipse.watching:item/skins/nullified/skin",
		"particle": "lunareclipse.watching:item/skins/nullified/half_null"
	},
	"elements": [
		{
			"name": "body",
			"from": [4, 8, 6],
			"to": [12, 20, 10],
			"rotation": {"angle": 0, "axis": "y", "origin": [8, 14, 8]},
			"faces": {
				"north": {"uv": [5, 5, 7, 8], "texture": "#skin"},
				"east": {"uv": [4, 5, 5, 8], "texture": "#skin"},
				"south": {"uv": [8, 5, 10, 8], "texture": "#skin"},
				"west": {"uv": [7, 5, 8, 8], "texture": "#skin"},
				"up": {"uv": [7, 5, 5, 4], "texture": "#skin"},
				"down": {"uv": [9, 4, 7, 5], "texture": "#skin"}
			}
		},
		{
			"name": "jacket",
			"from": [3.75, 7.75, 5.75],
			"to": [12.25, 20.25, 10.25],
			"rotation": {"angle": 0, "axis": "y", "origin": [8, 14, 8]},
			"faces": {
				"north": {"uv": [5, 9, 7, 12], "texture": "#skin"},
				"east": {"uv": [4, 9, 5, 12], "texture": "#skin"},
				"south": {"uv": [8, 9, 10, 12], "texture": "#skin"},
				"west": {"uv": [7, 9, 8, 12], "texture": "#skin"},
				"up": {"uv": [7, 9, 5, 8], "texture": "#skin"},
				"down": {"uv": [9, 8, 7, 9], "texture": "#skin"}
			}
		},
		{
			"name": "jacket inverted",
			"from": [12.25, 20.25, 10.25],
			"to": [3.75, 7.75, 5.75],
			"rotation": {"angle": 0, "axis": "y", "origin": [8, 14, 8]},
			"faces": {
				"north": {"uv": [8, 12, 10, 9], "texture": "#skin"},
				"east": {"uv": [7, 12, 8, 9], "texture": "#skin"},
				"south": {"uv": [5, 12, 7, 9], "texture": "#skin"},
				"west": {"uv": [4, 12, 5, 9], "texture": "#skin"},
				"up": {"uv": [7, 8, 9, 9], "texture": "#skin"},
				"down": {"uv": [5, 9, 7, 8], "texture": "#skin"}
			}
		},
		{
			"name": "Box4_outline",
			"from": [12.25, 20.25, 10.25],
			"to": [3.75, 7.75, 5.75],
			"rotation": {"angle": 0, "axis": "y", "origin": [0, -4, 0]},
			"faces": {
				"north": {"uv": [8, 5, 10, 8], "rotation": 180, "texture": "#1"},
				"east": {"uv": [7, 5, 8, 8], "rotation": 180, "texture": "#1"},
				"south": {"uv": [5, 5, 7, 8], "rotation": 180, "texture": "#1"},
				"west": {"uv": [4, 5, 5, 8], "rotation": 180, "texture": "#1"},
				"up": {"uv": [7, 4, 9, 5], "rotation": 180, "texture": "#1"},
				"down": {"uv": [5, 4, 7, 5], "rotation": 180, "texture": "#1"}
			}
		}
	],
	"groups": [
		{
			"name": "body",
			"origin": [8, 10, 8],
			"color": 0,
			"children": [
				0,
				{
					"name": "jacket",
					"origin": [8, 10, 8],
					"color": 0,
					"children": [1, 2]
				},
				3
			]
		}
	]
}