{
	"credit": "Made by Bret06 using Blockbench",
	"texture_size": [32, 32],
	"textures": {
		"0": "lunareclipse.architect:item/decorations/furniture/taxidermy/taxidermy_owl",
		"2": "lunareclipse.architect:item/decorations/furniture/taxidermy/backboard",
		"particle": "lunareclipse.architect:item/decorations/furniture/taxidermy/taxidermy_owl"
	},
	"elements": [
		{
			"name": "bone",
			"from": [4.82046, 12.1, 12.04265],
			"to": [9.82046, 18.1, 13.04265],
			"rotation": {"angle": -22.5, "axis": "y", "origin": [6.66061, 10.2, 11.73358]},
			"faces": {
				"north": {"uv": [3, 9, 4.25, 10.5], "texture": "#0"},
				"east": {"uv": [5.75, 9, 6, 10.5], "texture": "#0"},
				"south": {"uv": [4.5, 9, 5.75, 10.5], "texture": "#0"},
				"west": {"uv": [4.25, 9, 4.5, 10.5], "texture": "#0"},
				"up": {"uv": [4.5, 9, 4.25, 7.75], "rotation": 270, "texture": "#0"},
				"down": {"uv": [4.75, 7.75, 4.5, 9], "rotation": 90, "texture": "#0"}
			}
		},
		{
			"name": "bone",
			"from": [6.15985, 12.1, 5.30907],
			"to": [11.15985, 18.1, 6.30907],
			"rotation": {"angle": -22.5, "axis": "y", "origin": [8, 8.55, 8.5]},
			"faces": {
				"north": {"uv": [3, 9, 4.25, 10.5], "texture": "#0"},
				"east": {"uv": [5.75, 9, 6, 10.5], "texture": "#0"},
				"south": {"uv": [4.5, 9, 5.75, 10.5], "texture": "#0"},
				"west": {"uv": [4.25, 9, 4.5, 10.5], "texture": "#0"},
				"up": {"uv": [4.5, 9, 4.25, 7.75], "rotation": 270, "texture": "#0"},
				"down": {"uv": [4.75, 7.75, 4.5, 9], "rotation": 90, "texture": "#0"}
			}
		},
		{
			"name": "bone3",
			"from": [8.15985, 9.1, 7.30907],
			"to": [9.15985, 11.1, 8.30907],
			"rotation": {"angle": -22.5, "axis": "y", "origin": [8, 8.55, 8.5]},
			"faces": {
				"north": {"uv": [0, 0.5, 0.25, 1], "texture": "#0"},
				"east": {"uv": [0.75, 0.5, 1, 1], "texture": "#0"},
				"south": {"uv": [0.5, 0.5, 0.75, 1], "texture": "#0"},
				"west": {"uv": [0.25, 0.5, 0.5, 1], "texture": "#0"},
				"up": {"uv": [0.5, 0.5, 0.25, 0.25], "rotation": 270, "texture": "#0"},
				"down": {"uv": [0.75, 0.25, 0.5, 0.5], "rotation": 90, "texture": "#0"}
			}
		},
		{
			"name": "bone3",
			"from": [7.15985, 9.1, 6.80907],
			"to": [8.15985, 9.1, 8.80907],
			"rotation": {"angle": -22.5, "axis": "y", "origin": [8, 8.55, 8.5]},
			"faces": {
				"north": {"uv": [0, 0.25, 0.25, 0.25], "texture": "#0"},
				"east": {"uv": [1, 0.25, 1.5, 0.25], "texture": "#0"},
				"south": {"uv": [0.75, 0.25, 1, 0.25], "texture": "#0"},
				"west": {"uv": [0.25, 0.25, 0.75, 0.25], "texture": "#0"},
				"up": {"uv": [0.75, 0.25, 0.25, 0], "rotation": 270, "texture": "#0"},
				"down": {"uv": [0.75, 0, 0.25, 0.25], "rotation": 90, "texture": "#0"}
			}
		},
		{
			"name": "bone3",
			"from": [7.15985, 9.1, 9.80907],
			"to": [8.15985, 9.1, 11.80907],
			"rotation": {"angle": -22.5, "axis": "y", "origin": [8, 8.55, 8.5]},
			"faces": {
				"north": {"uv": [0, 0.25, 0.25, 0.25], "texture": "#0"},
				"east": {"uv": [1, 0.25, 1.5, 0.25], "texture": "#0"},
				"south": {"uv": [0.75, 0.25, 1, 0.25], "texture": "#0"},
				"west": {"uv": [0.25, 0.25, 0.75, 0.25], "texture": "#0"},
				"up": {"uv": [0.75, 0.25, 0.25, 0], "rotation": 270, "texture": "#0"},
				"down": {"uv": [0.75, 0, 0.25, 0.25], "rotation": 90, "texture": "#0"}
			}
		},
		{
			"name": "bone3",
			"from": [8.15985, 9.1, 10.30907],
			"to": [9.15985, 11.1, 11.30907],
			"rotation": {"angle": -22.5, "axis": "y", "origin": [8, 8.55, 8.5]},
			"faces": {
				"north": {"uv": [0, 0.5, 0.25, 1], "texture": "#0"},
				"east": {"uv": [0.75, 0.5, 1, 1], "texture": "#0"},
				"south": {"uv": [0.5, 0.5, 0.75, 1], "texture": "#0"},
				"west": {"uv": [0.25, 0.5, 0.5, 1], "texture": "#0"},
				"up": {"uv": [0.5, 0.5, 0.25, 0.25], "rotation": 270, "texture": "#0"},
				"down": {"uv": [0.75, 0.25, 0.5, 0.5], "rotation": 90, "texture": "#0"}
			}
		},
		{
			"name": "bone2",
			"from": [5.3, 19.6, 7.1],
			"to": [11.3, 24.6, 12.1],
			"rotation": {"angle": 0, "axis": "y", "origin": [8.8, 19.75, 9.5]},
			"faces": {
				"north": {"uv": [5.5, 6.5, 7, 7.75], "texture": "#0"},
				"east": {"uv": [4.25, 6.5, 5.5, 7.75], "texture": "#0"},
				"south": {"uv": [8.25, 6.5, 9.75, 7.75], "texture": "#0"},
				"west": {"uv": [7, 6.5, 8.25, 7.75], "texture": "#0"},
				"up": {"uv": [7, 6.5, 5.5, 5.25], "texture": "#0"},
				"down": {"uv": [8.5, 5.25, 7, 6.5], "texture": "#0"}
			}
		},
		{
			"name": "bone2",
			"from": [4.3, 19.5, 6.6],
			"to": [12.3, 25.5, 6.6],
			"rotation": {"angle": 0, "axis": "y", "origin": [8.8, 19.75, 9.5]},
			"faces": {
				"north": {"uv": [5.5, 3.25, 7.25, 4.5], "texture": "#0"},
				"east": {"uv": [4.25, 3.25, 5.5, 4.5], "texture": "#0"},
				"south": {"uv": [5.5, 3.25, 7.25, 4.5], "texture": "#0"},
				"west": {"uv": [7.25, 3.25, 8.5, 4.5], "texture": "#0"},
				"up": {"uv": [7.25, 3.25, 5.5, 2], "texture": "#0"},
				"down": {"uv": [9, 2, 7.25, 3.25], "texture": "#0"}
			}
		},
		{
			"name": "bone2",
			"from": [7.8, 19.4, 6.1],
			"to": [8.8, 21.4, 7.1],
			"rotation": {"angle": 0, "axis": "y", "origin": [8.8, 19.75, 9.5]},
			"faces": {
				"north": {"uv": [4.5, 0.25, 4.75, 0.75], "texture": "#0"},
				"east": {"uv": [4.25, 0.25, 4.5, 0.75], "texture": "#0"},
				"south": {"uv": [5, 0.25, 5.25, 0.75], "texture": "#0"},
				"west": {"uv": [4.75, 0.25, 5, 0.75], "texture": "#0"},
				"up": {"uv": [4.75, 0.25, 4.5, 0], "texture": "#0"},
				"down": {"uv": [5, 0, 4.75, 0.25], "texture": "#0"}
			}
		},
		{
			"name": "bone",
			"from": [5.8, 11.1, 6.5],
			"to": [10.8, 19.1, 12.5],
			"rotation": {"angle": -22.5, "axis": "y", "origin": [8.3, 15.45, 9.5]},
			"faces": {
				"north": {"uv": [0, 4.5, 1.25, 6.5], "texture": "#0"},
				"east": {"uv": [4, 4.5, 5.5, 6.5], "texture": "#0"},
				"south": {"uv": [2.75, 4.5, 4, 6.5], "texture": "#0"},
				"west": {"uv": [1.25, 4.5, 2.75, 6.5], "texture": "#0"},
				"up": {"uv": [2.75, 4.5, 1.25, 3.25], "rotation": 270, "texture": "#0"},
				"down": {"uv": [4.25, 3.25, 2.75, 4.5], "rotation": 90, "texture": "#0"}
			}
		},
		{
			"name": "bone3",
			"from": [5.3, 19.6, 6],
			"to": [11.3, 19.6, 13],
			"rotation": {"angle": -22.5, "axis": "y", "origin": [8.3, 15.45, 9.5]},
			"faces": {
				"north": {"uv": [0, 1.25, 1.25, 3.25], "texture": "#0"},
				"east": {"uv": [4, 1.25, 5.5, 3.25], "texture": "#0"},
				"south": {"uv": [2.75, 1.25, 4, 3.25], "texture": "#0"},
				"west": {"uv": [1.25, 1.25, 2.75, 3.25], "texture": "#0"},
				"up": {"uv": [2.75, 1.25, 1.25, 0], "rotation": 270, "texture": "#0"},
				"down": {"uv": [2.75, 0, 1.25, 1.25], "rotation": 90, "texture": "#0"}
			}
		},
		{
			"name": "bone4",
			"from": [11.3, 10.6, 6],
			"to": [11.3, 19.6, 13],
			"rotation": {"angle": -22.5, "axis": "y", "origin": [8.3, 15.45, 9.5]},
			"faces": {
				"north": {"uv": [0, 1.25, 1.25, 3.25], "texture": "#0"},
				"east": {"uv": [4, 1.25, 5.5, 3.25], "texture": "#0"},
				"south": {"uv": [2.75, 1.25, 4, 3.25], "texture": "#0"},
				"west": {"uv": [4, 1.25, 5.5, 3.25], "texture": "#0"},
				"up": {"uv": [2.75, 1.25, 1.25, 0], "rotation": 270, "texture": "#0"},
				"down": {"uv": [4.25, 0, 2.75, 1.25], "rotation": 90, "texture": "#0"}
			}
		},
		{
			"name": "bone4",
			"from": [5.3, 10.6, 6],
			"to": [11.3, 19.6, 6],
			"rotation": {"angle": -22.5, "axis": "y", "origin": [8.3, 15.45, 9.5]},
			"faces": {
				"north": {"uv": [0, 1.25, 1.25, 3.25], "texture": "#0"},
				"east": {"uv": [4, 1.25, 5.5, 3.25], "texture": "#0"},
				"south": {"uv": [2.75, 1.25, 4, 3.25], "texture": "#0"},
				"west": {"uv": [1.25, 1.25, 2.75, 3.25], "texture": "#0"},
				"up": {"uv": [2.75, 1.25, 1.25, 0], "rotation": 270, "texture": "#0"},
				"down": {"uv": [4.25, 0, 2.75, 1.25], "rotation": 90, "texture": "#0"}
			}
		},
		{
			"name": "bone4",
			"from": [5.3, 10.6, 13],
			"to": [11.3, 19.6, 13],
			"rotation": {"angle": -22.5, "axis": "y", "origin": [8.3, 15.45, 9.5]},
			"faces": {
				"north": {"uv": [0, 1.25, 1.25, 3.25], "texture": "#0"},
				"east": {"uv": [4, 1.25, 5.5, 3.25], "texture": "#0"},
				"south": {"uv": [2.75, 1.25, 4, 3.25], "texture": "#0"},
				"west": {"uv": [1.25, 1.25, 2.75, 3.25], "texture": "#0"},
				"up": {"uv": [2.75, 1.25, 1.25, 0], "rotation": 270, "texture": "#0"},
				"down": {"uv": [4.25, 0, 2.75, 1.25], "rotation": 90, "texture": "#0"}
			}
		},
		{
			"name": "bone4",
			"from": [5.3, 10.6, 6],
			"to": [5.3, 19.6, 13],
			"rotation": {"angle": -22.5, "axis": "y", "origin": [8.3, 15.45, 9.5]},
			"faces": {
				"north": {"uv": [0, 1.25, 1.25, 3.25], "texture": "#0"},
				"east": {"uv": [1.25, 1.25, 2.75, 3.25], "texture": "#0"},
				"south": {"uv": [2.75, 1.25, 4, 3.25], "texture": "#0"},
				"west": {"uv": [1.25, 1.25, 2.75, 3.25], "texture": "#0"},
				"up": {"uv": [2.75, 1.25, 1.25, 0], "rotation": 270, "texture": "#0"},
				"down": {"uv": [4.25, 0, 2.75, 1.25], "rotation": 90, "texture": "#0"}
			}
		},
		{
			"from": [7, 7, 4.9],
			"to": [9, 9, 15.9],
			"rotation": {"angle": 0, "axis": "y", "origin": [0, 7, -0.1]},
			"faces": {
				"north": {"uv": [4.5, 0, 5.5, 1], "texture": "#2"},
				"east": {"uv": [0, 1, 5.5, 0], "texture": "#2"},
				"south": {"uv": [0, 0, 1, 1], "texture": "#2"},
				"west": {"uv": [5.5, 0, 0, 1], "texture": "#2"},
				"up": {"uv": [0, 1, 5.5, 0], "rotation": 270, "texture": "#2"},
				"down": {"uv": [5.5, 0, 0, 1], "rotation": 270, "texture": "#2"}
			}
		},
		{
			"from": [1, 1, 15],
			"to": [15, 15, 16],
			"faces": {
				"north": {"uv": [7, 1.5, 14, 8.5], "texture": "#2"},
				"east": {"uv": [7, 1.5, 7.5, 8.5], "texture": "#2"},
				"south": {"uv": [7, 1.5, 14, 8.5], "texture": "#2"},
				"west": {"uv": [13.5, 1.5, 14, 8.5], "texture": "#2"},
				"up": {"uv": [14, 2, 7, 1.5], "texture": "#2"},
				"down": {"uv": [14, 8, 7, 8.5], "texture": "#2"}
			}
		}
	],
	"display": {
		"thirdperson_righthand": {
			"rotation": [75, 45, 0],
			"translation": [0, 2.5, 0],
			"scale": [0.375, 0.375, 0.375]
		},
		"thirdperson_lefthand": {
			"rotation": [75, 45, 0],
			"translation": [0, 2.5, 0],
			"scale": [0.375, 0.375, 0.375]
		},
		"firstperson_righthand": {
			"rotation": [0, 45, 0],
			"scale": [0.4, 0.4, 0.4]
		},
		"firstperson_lefthand": {
			"rotation": [0, 225, 0],
			"scale": [0.4, 0.4, 0.4]
		},
		"ground": {
			"translation": [0, 3, 0],
			"scale": [0.25, 0.25, 0.25]
		},
		"gui": {
			"rotation": [8, 147, 0],
			"translation": [-1.25, -3.25, 0],
			"scale": [0.625, 0.625, 0.625]
		},
		"fixed": {
			"translation": [0, 0, -16],
			"scale": [2, 2, 2]
		}
	},
	"groups": [
		{
			"name": "bone4",
			"origin": [0, 0, 0],
			"color": 0,
			"nbt": "{}",
			"children": [
				{
					"name": "bone",
					"origin": [0, 1.2, 0],
					"rotation": [-10, 0, 0],
					"color": 0,
					"nbt": "{}",
					"children": [
						0,
						1,
						{
							"name": "bone3",
							"origin": [0, 2.2, -1],
							"rotation": [10, 0, 0],
							"color": 0,
							"nbt": "{}",
							"children": [2, 3, 4, 5]
						}
					]
				},
				{
					"name": "bone2",
					"origin": [0, 9, 1],
					"color": 0,
					"nbt": "{}",
					"children": [6, 7, 8]
				},
				{
					"name": "group",
					"origin": [0, 0, 0],
					"color": 0,
					"nbt": "{}",
					"children": [9, 10, 11, 12, 13, 14]
				}
			]
		},
		15,
		16
	]
}