{
	"credit": "Made by Bret06 using Blockbench",
	"texture_size": [128, 128],
	"textures": {
		"skin": "lunareclipse.watching:item/skins/lonely/skin"
	},
	"elements": [
		{
			"name": "Left Leg",
			"from": [6.1, -3, 6],
			"to": [10.1, 6, 10],
			"rotation": {"angle": 0, "axis": "y", "origin": [0, -15, 0]},
			"faces": {
				"north": {"uv": [4, 0.5, 4.5, 1.625], "texture": "#skin"},
				"east": {"uv": [3.5, 0.5, 4, 1.625], "texture": "#skin"},
				"south": {"uv": [5, 0.5, 5.5, 1.625], "texture": "#skin"},
				"west": {"uv": [4.5, 0.5, 5, 1.625], "texture": "#skin"},
				"up": {"uv": [4.5, 0.5, 4, 0], "texture": "#skin"},
				"down": {"uv": [5, 0, 4.5, 0.5], "texture": "#skin"}
			}
		},
		{
			"name": "Left Leg Layer",
			"from": [5.85, -3.25, 5.75],
			"to": [10.35, 9.25, 10.25],
			"rotation": {"angle": 0, "axis": "y", "origin": [0, -15, 0]},
			"faces": {
				"north": {"uv": [0.5, 6.5, 1, 8], "texture": "#skin"},
				"east": {"uv": [0, 6.5, 0.5, 8], "texture": "#skin"},
				"south": {"uv": [1.5, 6.5, 2, 8], "texture": "#skin"},
				"west": {"uv": [1, 6.5, 1.5, 8], "texture": "#skin"},
				"up": {"uv": [1, 6.5, 0.5, 6], "texture": "#skin"},
				"down": {"uv": [1.5, 6, 1, 6.5], "texture": "#skin"}
			}
		}
	],
	"groups": [
		{
			"name": "LeftLeg",
			"origin": [-1.9, 12, 0],
			"color": 0,
			"children": [0, 1]
		}
	]
}