{
	"credit": "Made by Bret06 using Blockbench",
	"texture_size": [64, 64],
	"textures": {
		"skin": "lunareclipse.watching:item/herobrine/the_headless/skin"
	},
	"elements": [
		{
			"name": "Box5",
			"from": [3.5, 22.5, 3.5],
			"to": [12.5, 31.5, 12.5],
			"rotation": {"angle": 0, "axis": "y", "origin": [8, 27, 8]},
			"faces": {
				"north": {"uv": [10, 2, 12, 4], "texture": "#skin"},
				"east": {"uv": [8, 2, 10, 4], "texture": "#skin"},
				"south": {"uv": [14, 2, 16, 4], "texture": "#skin"},
				"west": {"uv": [12, 2, 14, 4], "texture": "#skin"},
				"up": {"uv": [12, 2, 10, 0], "texture": "#skin"},
				"down": {"uv": [14, 0, 12, 2], "texture": "#skin"}
			}
		},
		{
			"name": "Box6",
			"from": [12.5, 31.5, 12.5],
			"to": [3.5, 22.5, 3.5],
			"rotation": {"angle": 0, "axis": "x", "origin": [8, 14, 8]},
			"faces": {
				"north": {"uv": [16, 2, 14, 4], "rotation": 180, "texture": "#skin"},
				"east": {"uv": [14, 2, 12, 4], "rotation": 180, "texture": "#skin"},
				"south": {"uv": [12, 2, 10, 4], "rotation": 180, "texture": "#skin"},
				"west": {"uv": [10, 2, 8, 4], "rotation": 180, "texture": "#skin"},
				"up": {"uv": [12, 0, 14, 2], "texture": "#skin"},
				"down": {"uv": [10, 2, 12, 0], "texture": "#skin"}
			}
		},
		{
			"from": [7, 23, 7],
			"to": [9, 29, 9],
			"faces": {
				"north": {"uv": [0.5, 1.75, 1, 3.25], "texture": "#skin"},
				"east": {"uv": [0, 1.75, 0.5, 3.25], "texture": "#skin"},
				"south": {"uv": [1.5, 1.75, 2, 3.25], "texture": "#skin"},
				"west": {"uv": [1, 1.75, 1.5, 3.25], "texture": "#skin"},
				"up": {"uv": [1, 1.25, 1.5, 1.75], "texture": "#skin"},
				"down": {"uv": [0.5, 1.25, 1, 1.75], "texture": "#skin"}
			}
		},
		{
			"from": [9, 29, 9],
			"to": [7, 23, 7],
			"rotation": {"angle": 0, "axis": "y", "origin": [16, 16, 16]},
			"faces": {
				"north": {"uv": [1.5, 3.25, 2, 1.75], "texture": "#skin"},
				"east": {"uv": [1, 3.25, 1.5, 1.75], "texture": "#skin"},
				"south": {"uv": [0.5, 3.25, 1, 1.75], "texture": "#skin"},
				"west": {"uv": [0, 3.25, 0.5, 1.75], "texture": "#skin"},
				"up": {"uv": [1, 1.25, 0.5, 1.75], "texture": "#skin"},
				"down": {"uv": [1.5, 1.25, 1, 1.75], "texture": "#skin"}
			}
		}
	],
	"display": {
		"head": {
			"translation": [0, -29.54, 0],
			"scale": [1.5, 1.5, 1.5]
		}
	}
}