{
	"credit": "Made by Bret06 using Blockbench",
	"texture_size": [64, 64],
	"textures": {
		"skin": "lunareclipse.watching:item/skins/farlander/skin"
	},
	"elements": [
		{
			"name": "Box7",
			"from": [13, 17, 6],
			"to": [8, 13, 3],
			"rotation": {"angle": 0, "axis": "y", "origin": [8, -24, 8]},
			"faces": {
				"north": {"uv": [15, 16, 16, 15.75], "texture": "#skin"},
				"east": {"uv": [14, 16, 14.75, 15], "texture": "#skin"},
				"south": {"uv": [12.75, 16, 14, 15], "texture": "#skin"},
				"west": {"uv": [12, 16, 12.75, 15], "texture": "#skin"},
				"up": {"uv": [16, 15.25, 15.5, 16], "texture": "#skin"},
				"down": {"uv": [12.75, 15, 14, 14.25], "texture": "#skin"}
			}
		},
		{
			"name": "Box4",
			"from": [4, 8, 4],
			"to": [12, 16, 10],
			"rotation": {"angle": 0, "axis": "y", "origin": [0, -13, 0]},
			"faces": {
				"north": {"uv": [2.5, 2, 4.5, 4], "texture": "#skin"},
				"east": {"uv": [1, 2, 2.5, 4], "texture": "#skin"},
				"south": {"uv": [6, 2, 8, 4], "texture": "#skin"},
				"west": {"uv": [4.5, 2, 6, 4], "texture": "#skin"},
				"up": {"uv": [4.5, 2, 2.5, 0.5], "texture": "#skin"},
				"down": {"uv": [6.5, 0.5, 4.5, 2], "texture": "#skin"}
			}
		},
		{
			"name": "Box5",
			"from": [7, 8, 10],
			"to": [12, 16, 12],
			"rotation": {"angle": 0, "axis": "y", "origin": [0, -13, 0]},
			"faces": {
				"north": {"uv": [8, 14, 9.25, 16], "texture": "#skin"},
				"east": {"uv": [7.5, 14, 8, 16], "texture": "#skin"},
				"south": {"uv": [9.75, 14, 11, 16], "texture": "#skin"},
				"west": {"uv": [9.25, 14, 9.75, 16], "texture": "#skin"},
				"up": {"uv": [9.25, 14, 8, 13.5], "texture": "#skin"},
				"down": {"uv": [10.5, 13.5, 9.25, 14], "texture": "#skin"}
			}
		},
		{
			"name": "Box5",
			"from": [4, 8, 10],
			"to": [7, 13, 12],
			"rotation": {"angle": 0, "axis": "y", "origin": [0, -13, 0]},
			"faces": {
				"north": {"uv": [7, 12.5, 7.75, 13.75], "texture": "#skin"},
				"east": {"uv": [6.5, 12.5, 7, 13.75], "texture": "#skin"},
				"south": {"uv": [8.25, 12.5, 9, 13.75], "texture": "#skin"},
				"west": {"uv": [7.75, 12.5, 8.25, 13.75], "texture": "#skin"},
				"up": {"uv": [7.75, 12.5, 7, 12], "texture": "#skin"},
				"down": {"uv": [8.5, 12, 7.75, 12.5], "texture": "#skin"}
			}
		},
		{
			"name": "Box5",
			"from": [3.5, 7.5, 3.5],
			"to": [12.5, 16.5, 12.5],
			"rotation": {"angle": 0, "axis": "y", "origin": [8, 14, 8]},
			"faces": {
				"north": {"uv": [10, 2, 12, 4], "texture": "#skin"},
				"east": {"uv": [8, 2, 10, 4], "texture": "#skin"},
				"south": {"uv": [14, 2, 16, 4], "texture": "#skin"},
				"west": {"uv": [12, 2, 14, 4], "texture": "#skin"},
				"up": {"uv": [12, 2, 10, 0], "texture": "#skin"},
				"down": {"uv": [14, 0, 12, 2], "texture": "#skin"}
			}
		},
		{
			"name": "Box6",
			"from": [8, 13, 3],
			"to": [13, 17, 6],
			"rotation": {"angle": 0, "axis": "y", "origin": [8, 14, 8]},
			"faces": {
				"north": {"uv": [12.75, 15, 14, 16], "texture": "#skin"},
				"east": {"uv": [12, 15, 12.75, 16], "texture": "#skin"},
				"south": {"uv": [15, 15.75, 16, 16], "texture": "#skin"},
				"west": {"uv": [14, 15, 14.75, 16], "texture": "#skin"},
				"up": {"uv": [14, 15, 12.75, 14.25], "texture": "#skin"},
				"down": {"uv": [15.5, 15.25, 16, 16], "texture": "#skin"}
			}
		},
		{
			"name": "Box6",
			"from": [12.5, 16.5, 12.5],
			"to": [3.5, 7.5, 3.5],
			"rotation": {"angle": 0, "axis": "y", "origin": [8, -11, 8]},
			"faces": {
				"north": {"uv": [14, 4, 16, 2], "texture": "#skin"},
				"east": {"uv": [12, 4, 14, 2], "texture": "#skin"},
				"south": {"uv": [10, 4, 12, 2], "texture": "#skin"},
				"west": {"uv": [8, 4, 10, 2], "texture": "#skin"},
				"up": {"uv": [12, 0, 14, 2], "texture": "#skin"},
				"down": {"uv": [10, 2, 12, 0], "texture": "#skin"}
			}
		},
		{
			"from": [3, 14, 12],
			"to": [6, 18, 14],
			"rotation": {"angle": 0, "axis": "y", "origin": [0, -13, 0]},
			"faces": {
				"north": {"uv": [8, 1, 8.75, 2], "texture": "#skin"},
				"east": {"uv": [7.5, 1, 8, 2], "texture": "#skin"},
				"south": {"uv": [9.25, 1, 10, 2], "texture": "#skin"},
				"west": {"uv": [8.75, 1, 9.25, 2], "texture": "#skin"},
				"up": {"uv": [8, 0.5, 8.75, 1], "texture": "#skin"},
				"down": {"uv": [8.75, 0.5, 9.5, 1], "texture": "#skin"}
			}
		},
		{
			"from": [12, 10, 11],
			"to": [14, 13, 14],
			"rotation": {"angle": 0, "axis": "y", "origin": [0, -13, 0]},
			"faces": {
				"north": {"uv": [0.75, 1.25, 1.25, 2], "texture": "#skin"},
				"east": {"uv": [0, 1.25, 0.75, 2], "texture": "#skin"},
				"south": {"uv": [2, 1.25, 2.5, 2], "texture": "#skin"},
				"west": {"uv": [1.25, 1.25, 2, 2], "texture": "#skin"},
				"up": {"uv": [0.75, 0.5, 1.25, 1.25], "texture": "#skin"},
				"down": {"uv": [1.25, 0.5, 1.75, 1.25], "texture": "#skin"}
			}
		},
		{
			"from": [13, 14, 15],
			"to": [15, 16, 17],
			"rotation": {"angle": 0, "axis": "y", "origin": [0, -13, 0]},
			"faces": {
				"north": {"uv": [14.5, 0.5, 15, 1], "texture": "#skin"},
				"east": {"uv": [14, 0.5, 14.5, 1], "texture": "#skin"},
				"south": {"uv": [15.5, 0.5, 16, 1], "texture": "#skin"},
				"west": {"uv": [15, 0.5, 15.5, 1], "texture": "#skin"},
				"up": {"uv": [14.5, 0, 15, 0.5], "texture": "#skin"},
				"down": {"uv": [15, 0, 15.5, 0.5], "texture": "#skin"}
			}
		},
		{
			"from": [2, 15, 13],
			"to": [4, 17, 16],
			"rotation": {"angle": 0, "axis": "y", "origin": [0, -13, 0]},
			"faces": {
				"north": {"uv": [14.25, 11.5, 14.75, 12], "texture": "#skin"},
				"east": {"uv": [13.5, 11.5, 14.25, 12], "texture": "#skin"},
				"south": {"uv": [15.5, 11.5, 16, 12], "texture": "#skin"},
				"west": {"uv": [14.75, 11.5, 15.5, 12], "texture": "#skin"},
				"up": {"uv": [14.25, 11.5, 14.75, 10.75], "texture": "#skin"},
				"down": {"uv": [14.75, 10.75, 15.25, 11.5], "texture": "#skin"}
			}
		},
		{
			"from": [1, 18, 15],
			"to": [2, 19, 16],
			"rotation": {"angle": 0, "axis": "y", "origin": [0, -13, 0]},
			"faces": {
				"north": {"uv": [11.75, 12.25, 12, 12.5], "texture": "#skin"},
				"east": {"uv": [11.5, 12.25, 11.75, 12.5], "texture": "#skin"},
				"south": {"uv": [12.25, 12.25, 12.5, 12.5], "texture": "#skin"},
				"west": {"uv": [12, 12.25, 12.25, 12.5], "texture": "#skin"},
				"up": {"uv": [11.75, 12.25, 12, 12], "texture": "#skin"},
				"down": {"uv": [12, 12, 12.25, 12.25], "texture": "#skin"}
			}
		}
	]
}