{
	"credit": "Made by Bret06 using Blockbench",
	"texture_size": [64, 64],
	"textures": {
		"skin": "lunareclipse.watching:item/skins/slenderman/skin"
	},
	"elements": [
		{
			"name": "head",
			"from": [5, 8, 5],
			"to": [11, 16, 11],
			"rotation": {"angle": 0, "axis": "y", "origin": [8, 8, 8]},
			"faces": {
				"north": {"uv": [4.75, 4, 6.25, 6], "texture": "#skin"},
				"east": {"uv": [5.25, 0, 6.75, 2], "texture": "#skin"},
				"south": {"uv": [5.25, 2, 6.75, 4], "texture": "#skin"},
				"west": {"uv": [4.75, 6, 6.25, 8], "texture": "#skin"},
				"up": {"uv": [9.75, 1.5, 8.25, 0], "texture": "#skin"},
				"down": {"uv": [9.75, 1.5, 8.25, 3], "texture": "#skin"}
			}
		}
	],
	"groups": [
		{
			"name": "head",
			"origin": [8, 8, 8],
			"color": 0,
			"children": [0]
		}
	]
}