{
	"credit": "Made by Bret06 using Blockbench",
	"texture_size": [64, 64],
	"textures": {
		"skin": "lunareclipse.watching:item/skins/slenderman/skin"
	},
	"elements": [
		{
			"name": "left_leg_top",
			"from": [6.5, -3, 6.5],
			"to": [9.5, 9, 9.5],
			"rotation": {"angle": 0, "axis": "y", "origin": [8.05, 9, 8]},
			"faces": {
				"north": {"uv": [6.25, 4, 7, 7], "texture": "#skin"},
				"east": {"uv": [6.75, 0, 7.5, 3], "texture": "#skin"},
				"south": {"uv": [7, 3, 7.75, 6], "texture": "#skin"},
				"west": {"uv": [7, 6, 7.75, 9], "texture": "#skin"},
				"up": {"uv": [11.25, 7.25, 10.5, 6.5], "texture": "#skin"},
				"down": {"uv": [11.25, 7.25, 10.5, 8], "texture": "#skin"}
			}
		},
		{
			"name": "left_leg_bottom",
			"from": [6.5, -15, 6.5],
			"to": [9.5, -3, 9.5],
			"rotation": {"angle": 0, "axis": "y", "origin": [8.05, -3, 7]},
			"faces": {
				"north": {"uv": [6.25, 7, 7, 10], "texture": "#skin"},
				"east": {"uv": [7.5, 0, 8.25, 3], "texture": "#skin"},
				"south": {"uv": [7.75, 3, 8.5, 6], "texture": "#skin"},
				"west": {"uv": [7.75, 6, 8.5, 9], "texture": "#skin"},
				"up": {"uv": [11.25, 8.75, 10.5, 8], "texture": "#skin"},
				"down": {"uv": [10.75, 10.5, 10, 11.25], "texture": "#skin"}
			}
		}
	],
	"groups": [
		{
			"name": "left_leg",
			"origin": [8, 8, 8],
			"color": 0,
			"children": [0, 1]
		}
	]
}