{
	"credit": "Made by Bret06 using Blockbench",
	"texture_size": [64, 64],
	"textures": {
		"skin": "lunareclipse.watching:item/herobrine/distorted/skin"
	},
	"elements": [
		{
			"name": "left_arm",
			"from": [6, 15, 6],
			"to": [10, 25, 10],
			"rotation": {"angle": 0, "axis": "y", "origin": [0, 1, 0]},
			"faces": {
				"north": {"uv": [9, 13, 10, 15.5], "texture": "#skin"},
				"east": {"uv": [8, 13, 9, 15.5], "texture": "#skin"},
				"south": {"uv": [11, 13, 12, 15.5], "texture": "#skin"},
				"west": {"uv": [10, 13, 11, 15.5], "texture": "#skin"},
				"up": {"uv": [10, 13, 9, 12], "texture": "#skin"},
				"down": {"uv": [11, 12, 10, 13], "texture": "#skin"}
			}
		},
		{
			"name": "left_arm",
			"from": [6, 12, 6],
			"to": [10, 15, 10],
			"rotation": {"angle": 0, "axis": "y", "origin": [0, 1, 0]},
			"faces": {
				"north": {"uv": [9, 15.25, 10, 16], "texture": "#skin"},
				"east": {"uv": [8, 15.25, 9, 16], "texture": "#skin"},
				"south": {"uv": [11, 15.25, 12, 16], "texture": "#skin"},
				"west": {"uv": [10, 15.25, 11, 16], "texture": "#skin"},
				"up": {"uv": [10, 13, 9, 12], "texture": "#skin"},
				"down": {"uv": [11, 12, 10, 13], "texture": "#skin"}
			}
		},
		{
			"name": "left_arm",
			"from": [6, 10, 6],
			"to": [10, 12, 10],
			"rotation": {"angle": 0, "axis": "y", "origin": [0, 1, 0]},
			"faces": {
				"north": {"uv": [9, 15.5, 10, 16], "texture": "#skin"},
				"east": {"uv": [8, 15.5, 9, 16], "texture": "#skin"},
				"south": {"uv": [11, 15.5, 12, 16], "texture": "#skin"},
				"west": {"uv": [10, 15.5, 11, 16], "texture": "#skin"},
				"up": {"uv": [10, 13, 9, 12], "texture": "#skin"},
				"down": {"uv": [11, 12, 10, 13], "texture": "#skin"}
			}
		},
		{
			"name": "left_sleve",
			"from": [5.75, 12.75, 5.75],
			"to": [10.25, 25.25, 10.25],
			"rotation": {"angle": 0, "axis": "y", "origin": [0, 1, 0]},
			"faces": {
				"north": {"uv": [13, 13, 14, 16], "texture": "#skin"},
				"east": {"uv": [12, 13, 13, 16], "texture": "#skin"},
				"south": {"uv": [15, 13, 16, 16], "texture": "#skin"},
				"west": {"uv": [14, 13, 15, 16], "texture": "#skin"},
				"up": {"uv": [14, 13, 13, 12], "texture": "#skin"},
				"down": {"uv": [15, 12, 14, 13], "texture": "#skin"}
			}
		}
	],
	"display": {
		"thirdperson_righthand": {
			"rotation": [90, 0, 0],
			"translation": [-0.6, -2, -4.44],
			"scale": [0.94, 0.94, 0.94]
		},
		"thirdperson_lefthand": {
			"rotation": [90, 0, 0],
			"translation": [-0.6, -2, -4.44],
			"scale": [0.94, 0.94, 0.94]
		}
	},
	"groups": [
		{
			"name": "left_arm",
			"origin": [5, 23, 0],
			"color": 0,
			"nbt": "{}",
			"armAnimationEnabled": false,
			"children": [
				0,
				1,
				2,
				{
					"name": "left_sleve",
					"origin": [5, 23, 0],
					"color": 0,
					"nbt": "{}",
					"armAnimationEnabled": false,
					"children": [3]
				}
			]
		}
	]
}