{
	"credit": "Made by Bret06 using Blockbench",
	"texture_size": [64, 64],
	"textures": {
		"skin": "lunareclipse.watching:item/herobrine/distorted/skin"
	},
	"elements": [
		{
			"name": "Box5",
			"from": [6, 13, 6],
			"to": [10, 25, 10],
			"rotation": {"angle": 0, "axis": "x", "origin": [8, 22, 8]},
			"faces": {
				"north": {"uv": [11, 5, 12, 8], "texture": "#skin"},
				"east": {"uv": [10, 5, 11, 8], "texture": "#skin"},
				"south": {"uv": [13, 5, 14, 8], "texture": "#skin"},
				"west": {"uv": [12, 5, 13, 8], "texture": "#skin"},
				"up": {"uv": [12, 5, 11, 4], "texture": "#skin"},
				"down": {"uv": [13, 4, 12, 5], "texture": "#skin"}
			}
		},
		{
			"name": "Box6",
			"from": [5.75, 12.75, 5.75],
			"to": [10.25, 25.25, 10.25],
			"rotation": {"angle": 0, "axis": "x", "origin": [8, 22, 8]},
			"faces": {
				"north": {"uv": [11, 9, 12, 12], "texture": "#skin"},
				"east": {"uv": [10, 9, 11, 12], "texture": "#skin"},
				"south": {"uv": [13, 9, 14, 12], "texture": "#skin"},
				"west": {"uv": [12, 9, 13, 12], "texture": "#skin"},
				"up": {"uv": [12, 9, 11, 8], "texture": "#skin"},
				"down": {"uv": [13, 8, 12, 9], "texture": "#skin"}
			}
		}
	],
	"display": {
		"thirdperson_righthand": {
			"rotation": [90, 0, 0],
			"translation": [-0.6, -2, -4.44],
			"scale": [0.94, 0.94, 0.94]
		},
		"thirdperson_lefthand": {
			"rotation": [90, 0, 0],
			"translation": [-0.6, -2, -4.44],
			"scale": [0.94, 0.94, 0.94]
		}
	}
}