{
	"credit": "Made by Bret06 using Blockbench",
	"texture_size": [128, 128],
	"textures": {
		"skin": "lunareclipse.watching:item/herobrine/lonely/skin"
	},
	"elements": [
		{
			"name": "Box4",
			"from": [4, 23, 4],
			"to": [12, 31, 12],
			"faces": {
				"north": {"uv": [5.375, 5.125, 6.375, 6.125], "texture": "#skin"},
				"east": {"uv": [4.375, 5.125, 5.375, 6.125], "texture": "#skin"},
				"south": {"uv": [7.375, 5.125, 8.375, 6.125], "texture": "#skin"},
				"west": {"uv": [6.375, 5.125, 7.375, 6.125], "texture": "#skin"},
				"up": {"uv": [6.375, 5.125, 5.375, 4.125], "texture": "#skin"},
				"down": {"uv": [7.375, 4.125, 6.375, 5.125], "texture": "#skin"}
			}
		}
	],
	"display": {
		"gui": {
			"rotation": [30, 225, 0],
			"translation": [0, -16.5, 0]
		},
		"head": {
			"translation": [0, -29.54, 0],
			"scale": [1.5, 1.5, 1.5]
		}
	}
}