{
	"credit": "Made by Bret06 using Blockbench",
	"texture_size": [128, 128],
	"textures": {
		"skin": "lunareclipse.watching:item/herobrine/lonely/skin"
	},
	"elements": [
		{
			"name": "Left Leg",
			"from": [6.1, 12, 6],
			"to": [10.1, 21, 10],
			"faces": {
				"north": {"uv": [4, 0.5, 4.5, 1.625], "texture": "#skin"},
				"east": {"uv": [3.5, 0.5, 4, 1.625], "texture": "#skin"},
				"south": {"uv": [5, 0.5, 5.5, 1.625], "texture": "#skin"},
				"west": {"uv": [4.5, 0.5, 5, 1.625], "texture": "#skin"},
				"up": {"uv": [4.5, 0.5, 4, 0], "texture": "#skin"},
				"down": {"uv": [5, 0, 4.5, 0.5], "texture": "#skin"}
			}
		},
		{
			"name": "Left Leg Layer",
			"from": [5.85, 11.75, 5.75],
			"to": [10.35, 24.25, 10.25],
			"faces": {
				"north": {"uv": [0.5, 6.5, 1, 8], "texture": "#skin"},
				"east": {"uv": [0, 6.5, 0.5, 8], "texture": "#skin"},
				"south": {"uv": [1.5, 6.5, 2, 8], "texture": "#skin"},
				"west": {"uv": [1, 6.5, 1.5, 8], "texture": "#skin"},
				"up": {"uv": [1, 6.5, 0.5, 6], "texture": "#skin"},
				"down": {"uv": [1.5, 6, 1, 6.5], "texture": "#skin"}
			}
		}
	],
	"display": {
		"thirdperson_righthand": {
			"rotation": [90, 0, 0],
			"translation": [-2.3, -2.06, -19.57],
			"scale": [1.892, 1.892, 1.892]
		},
		"thirdperson_lefthand": {
			"rotation": [90, 0, 0],
			"translation": [-2.3, -2.06, -19.57],
			"scale": [1.892, 1.892, 1.892]
		}
	},
	"groups": [
		{
			"name": "LeftLeg",
			"origin": [-1.9, 12, 0],
			"color": 0,
			"nbt": "{}",
			"children": [0, 1]
		}
	]
}