{
	"credit": "Made by Bret06 using Blockbench",
	"texture_size": [128, 128],
	"textures": {
		"skin": "lunareclipse.watching:item/herobrine/lonely/skin"
	},
	"elements": [
		{
			"name": "Left Arm",
			"from": [6, 6, 5.5],
			"to": [10, 24, 10.5],
			"rotation": {"angle": 0, "axis": "y", "origin": [0, -1, 0]},
			"faces": {
				"north": {"uv": [0.625, 3.375, 1.125, 5.625], "texture": "#skin"},
				"east": {"uv": [0, 3.375, 0.625, 5.625], "texture": "#skin"},
				"south": {"uv": [1.75, 3.375, 2.25, 5.625], "texture": "#skin"},
				"west": {"uv": [1.125, 3.375, 1.75, 5.625], "texture": "#skin"},
				"up": {"uv": [1.125, 3.375, 0.625, 2.75], "texture": "#skin"},
				"down": {"uv": [1.625, 2.75, 1.125, 3.375], "texture": "#skin"}
			}
		}
	],
	"display": {
		"thirdperson_righthand": {
			"rotation": [90, 0, 0],
			"translation": [-0.6, -2, -4.44],
			"scale": [0.94, 0.94, 0.94]
		},
		"thirdperson_lefthand": {
			"rotation": [90, 0, 0],
			"translation": [-0.6, -2, -4.44],
			"scale": [0.94, 0.94, 0.94]
		}
	},
	"groups": [
		{
			"name": "LeftArm",
			"origin": [-5, 21, 0],
			"color": 0,
			"nbt": "{}",
			"children": [0]
		}
	]
}