{
	"credit": "Made by Bret06 using Blockbench",
	"texture_size": [128, 128],
	"textures": {
		"skin": "lunareclipse.watching:item/herobrine/lonely/skin"
	},
	"elements": [
		{
			"name": "Right Leg",
			"from": [5.9, 12, 6],
			"to": [9.9, 21, 10],
			"faces": {
				"north": {"uv": [5.5, 1.625, 6, 2.75], "texture": "#skin"},
				"east": {"uv": [5, 1.625, 5.5, 2.75], "texture": "#skin"},
				"south": {"uv": [6.5, 1.625, 7, 2.75], "texture": "#skin"},
				"west": {"uv": [6, 1.625, 6.5, 2.75], "texture": "#skin"},
				"up": {"uv": [6, 1.625, 5.5, 1.125], "texture": "#skin"},
				"down": {"uv": [6.5, 1.125, 6, 1.625], "texture": "#skin"}
			}
		}
	],
	"display": {
		"thirdperson_righthand": {
			"rotation": [90, 0, 0],
			"translation": [-2.3, -2.06, -19.57],
			"scale": [1.892, 1.892, 1.892]
		},
		"thirdperson_lefthand": {
			"rotation": [90, 0, 0],
			"translation": [-0.6, -2, -4.44],
			"scale": [0.94, 0.94, 0.94]
		}
	},
	"groups": [
		{
			"name": "RightLeg",
			"origin": [1.9, 12, 0],
			"color": 0,
			"nbt": "{}",
			"children": [0]
		}
	]
}