{
	"credit": "Made by Bret06 using Blockbench",
	"texture_size": [64, 64],
	"textures": {
		"skin": "lunareclipse.watching:item/skins/white_pumpkin/skin"
	},
	"elements": [
		{
			"name": "Box5",
			"from": [3.5, 7.5, 3.5],
			"to": [12.5, 16.5, 12.5],
			"rotation": {"angle": 0, "axis": "y", "origin": [8, 12, 8]},
			"faces": {
				"north": {"uv": [10, 2, 12, 4], "texture": "#skin"},
				"east": {"uv": [8, 2, 10, 4], "texture": "#skin"},
				"south": {"uv": [14, 2, 16, 4], "texture": "#skin"},
				"west": {"uv": [12, 2, 14, 4], "texture": "#skin"},
				"up": {"uv": [12, 2, 10, 0], "texture": "#skin"},
				"down": {"uv": [14, 0, 12, 2], "texture": "#skin"}
			}
		},
		{
			"name": "Box4",
			"from": [4, 8, 4],
			"to": [12, 16, 12],
			"rotation": {"angle": 0, "axis": "y", "origin": [0, -15, 0]},
			"faces": {
				"north": {"uv": [2, 2, 4, 4], "texture": "#skin"},
				"east": {"uv": [0, 2, 2, 4], "texture": "#skin"},
				"south": {"uv": [6, 2, 8, 4], "texture": "#skin"},
				"west": {"uv": [4, 2, 6, 4], "texture": "#skin"},
				"up": {"uv": [4, 2, 2, 0], "texture": "#skin"},
				"down": {"uv": [6, 0, 4, 2], "texture": "#skin"}
			}
		},
		{
			"name": "Box5",
			"from": [12, 16, 12],
			"to": [4, 8, 4],
			"rotation": {"angle": 0, "axis": "y", "origin": [16, 1, 16]},
			"faces": {
				"north": {"uv": [6, 4, 8, 2], "texture": "#skin"},
				"east": {"uv": [4, 4, 6, 2], "texture": "#skin"},
				"south": {"uv": [2, 4, 4, 2], "texture": "#skin"},
				"west": {"uv": [0, 4, 2, 2], "texture": "#skin"},
				"up": {"uv": [4, 0, 6, 2], "texture": "#skin"},
				"down": {"uv": [2, 2, 4, 0], "texture": "#skin"}
			}
		},
		{
			"name": "Box6",
			"from": [12.5, 16.5, 12.5],
			"to": [3.5, 7.5, 3.5],
			"rotation": {"angle": 0, "axis": "y", "origin": [8, -1, 8]},
			"faces": {
				"north": {"uv": [16, 2, 14, 4], "rotation": 180, "texture": "#skin"},
				"east": {"uv": [14, 2, 12, 4], "rotation": 180, "texture": "#skin"},
				"south": {"uv": [12, 2, 10, 4], "rotation": 180, "texture": "#skin"},
				"west": {"uv": [10, 2, 8, 4], "rotation": 180, "texture": "#skin"},
				"up": {"uv": [12, 0, 14, 2], "texture": "#skin"},
				"down": {"uv": [10, 2, 12, 0], "texture": "#skin"}
			}
		}
	]
}