{
    "providers": [
        {
            "ascent": 70,
            "chars": [
                "\uBC01"
            ],
            "file": "lunareclipse.watching:font/crash_sequence/1.png",
            "height": 160,
            "type": "bitmap"
        },  
        {
            "ascent": 70,
            "chars": [
                "\uBC02"
            ],
            "file": "lunareclipse.watching:font/crash_sequence/2.png",
            "height": 160,
            "type": "bitmap"
        },  
        {
            "ascent": 70,
            "chars": [
                "\uBC03"
            ],
            "file": "lunareclipse.watching:font/crash_sequence/3.png",
            "height": 160,
            "type": "bitmap"
        },  
        {
            "ascent": 70,
            "chars": [
                "\uBC04"
            ],
            "file": "lunareclipse.watching:font/crash_sequence/4.png",
            "height": 160,
            "type": "bitmap"
        },  
        {
            "ascent": 70,
            "chars": [
                "\uBC05"
            ],
            "file": "lunareclipse.watching:font/crash_sequence/5.png",
            "height": 160,
            "type": "bitmap"
        },  
        {
            "ascent": 70,
            "chars": [
                "\uBC06"
            ],
            "file": "lunareclipse.watching:font/crash_sequence/6.png",
            "height": 160,
            "type": "bitmap"
        },  
        {
            "ascent": 70,
            "chars": [
                "\uBC07"
            ],
            "file": "lunareclipse.watching:font/crash_sequence/7.png",
            "height": 160,
            "type": "bitmap"
        },  
        {
            "ascent": 70,
            "chars": [
                "\uBC08"
            ],
            "file": "lunareclipse.watching:font/crash_sequence/8.png",
            "height": 160,
            "type": "bitmap"
        },  
        {
            "ascent": 70,
            "chars": [
                "\uBC09"
            ],
            "file": "lunareclipse.watching:font/crash_sequence/9.png",
            "height": 160,
            "type": "bitmap"
        },  
        {
            "ascent": 70,
            "chars": [
                "\uBC10"
            ],
            "file": "lunareclipse.watching:font/crash_sequence/10.png",
            "height": 160,
            "type": "bitmap"
        },  
        {
            "ascent": 70,
            "chars": [
                "\uBC11"
            ],
            "file": "lunareclipse.watching:font/crash_sequence/11.png",
            "height": 160,
            "type": "bitmap"
        },  
        {
            "ascent": 70,
            "chars": [
                "\uBC12"
            ],
            "file": "lunareclipse.watching:font/crash_sequence/12.png",
            "height": 160,
            "type": "bitmap"
        },  
        {
            "ascent": 70,
            "chars": [
                "\uBC13"
            ],
            "file": "lunareclipse.watching:font/crash_sequence/13.png",
            "height": 160,
            "type": "bitmap"
        },  
        {
            "ascent": 70,
            "chars": [
                "\uBC14"
            ],
            "file": "lunareclipse.watching:font/crash_sequence/14.png",
            "height": 160,
            "type": "bitmap"
        },  
        {
            "ascent": 70,
            "chars": [
                "\uBC15"
            ],
            "file": "lunareclipse.watching:font/crash_sequence/15.png",
            "height": 160,
            "type": "bitmap"
        },  
        {
            "ascent": 70,
            "chars": [
                "\uBC16"
            ],
            "file": "lunareclipse.watching:font/crash_sequence/16.png",
            "height": 160,
            "type": "bitmap"
        },  
        {
            "ascent": 70,
            "chars": [
                "\uBC17"
            ],
            "file": "lunareclipse.watching:font/crash_sequence/17.png",
            "height": 160,
            "type": "bitmap"
        },  
        {
            "ascent": 70,
            "chars": [
                "\uBC18"
            ],
            "file": "lunareclipse.watching:font/crash_sequence/18.png",
            "height": 160,
            "type": "bitmap"
        },  
        {
            "ascent": 70,
            "chars": [
                "\uBC19"
            ],
            "file": "lunareclipse.watching:font/crash_sequence/19.png",
            "height": 160,
            "type": "bitmap"
        },  
        {
            "ascent": 70,
            "chars": [
                "\uBC20"
            ],
            "file": "lunareclipse.watching:font/crash_sequence/20.png",
            "height": 160,
            "type": "bitmap"
        },  
        {
            "ascent": 70,
            "chars": [
                "\uBC21"
            ],
            "file": "lunareclipse.watching:font/crash_sequence/21.png",
            "height": 160,
            "type": "bitmap"
        },  
        {
            "ascent": 70,
            "chars": [
                "\uBC22"
            ],
            "file": "lunareclipse.watching:font/crash_sequence/22.png",
            "height": 160,
            "type": "bitmap"
        },  
        {
            "ascent": 70,
            "chars": [
                "\uBC23"
            ],
            "file": "lunareclipse.watching:font/crash_sequence/23.png",
            "height": 160,
            "type": "bitmap"
        },  
        {
            "ascent": 70,
            "chars": [
                "\uBC24"
            ],
            "file": "lunareclipse.watching:font/crash_sequence/24.png",
            "height": 160,
            "type": "bitmap"
        },  
        {
            "ascent": 70,
            "chars": [
                "\uBC25"
            ],
            "file": "lunareclipse.watching:font/crash_sequence/25.png",
            "height": 160,
            "type": "bitmap"
        },  
        {
            "ascent": 70,
            "chars": [
                "\uBC26"
            ],
            "file": "lunareclipse.watching:font/crash_sequence/26.png",
            "height": 160,
            "type": "bitmap"
        },  
        {
            "ascent": 70,
            "chars": [
                "\uBC27"
            ],
            "file": "lunareclipse.watching:font/crash_sequence/27.png",
            "height": 160,
            "type": "bitmap"
        },  
        {
            "ascent": 70,
            "chars": [
                "\uBC28"
            ],
            "file": "lunareclipse.watching:font/crash_sequence/28.png",
            "height": 160,
            "type": "bitmap"
        },  
        {
            "ascent": 70,
            "chars": [
                "\uBC29"
            ],
            "file": "lunareclipse.watching:font/crash_sequence/29.png",
            "height": 160,
            "type": "bitmap"
        },  
        {
            "ascent": 70,
            "chars": [
                "\uBC30"
            ],
            "file": "lunareclipse.watching:font/crash_sequence/30.png",
            "height": 160,
            "type": "bitmap"
        },  
        {
            "ascent": 70,
            "chars": [
                "\uBC31"
            ],
            "file": "lunareclipse.watching:font/crash_sequence/31.png",
            "height": 160,
            "type": "bitmap"
        },  
        {
            "ascent": 70,
            "chars": [
                "\uBC32"
            ],
            "file": "lunareclipse.watching:font/crash_sequence/32.png",
            "height": 160,
            "type": "bitmap"
        },  
        {
            "ascent": 70,
            "chars": [
                "\uBC33"
            ],
            "file": "lunareclipse.watching:font/crash_sequence/33.png",
            "height": 160,
            "type": "bitmap"
        },  
        {
            "ascent": 70,
            "chars": [
                "\uBC34"
            ],
            "file": "lunareclipse.watching:font/crash_sequence/34.png",
            "height": 160,
            "type": "bitmap"
        },  
        {
            "ascent": 70,
            "chars": [
                "\uBC35"
            ],
            "file": "lunareclipse.watching:font/crash_sequence/35.png",
            "height": 160,
            "type": "bitmap"
        },  
        {
            "ascent": 70,
            "chars": [
                "\uBC36"
            ],
            "file": "lunareclipse.watching:font/crash_sequence/36.png",
            "height": 160,
            "type": "bitmap"
        },  
        {
            "ascent": 70,
            "chars": [
                "\uBC37"
            ],
            "file": "lunareclipse.watching:font/crash_sequence/37.png",
            "height": 160,
            "type": "bitmap"
        },  
        {
            "ascent": 70,
            "chars": [
                "\uBC38"
            ],
            "file": "lunareclipse.watching:font/crash_sequence/38.png",
            "height": 160,
            "type": "bitmap"
        },  
        {
            "ascent": 70,
            "chars": [
                "\uBC39"
            ],
            "file": "lunareclipse.watching:font/crash_sequence/39.png",
            "height": 160,
            "type": "bitmap"
        },  
        {
            "ascent": 70,
            "chars": [
                "\uBC40"
            ],
            "file": "lunareclipse.watching:font/crash_sequence/40.png",
            "height": 160,
            "type": "bitmap"
        },  
        {
            "ascent": 70,
            "chars": [
                "\uBC41"
            ],
            "file": "lunareclipse.watching:font/crash_sequence/41.png",
            "height": 160,
            "type": "bitmap"
        },  
        {
            "ascent": 70,
            "chars": [
                "\uBC42"
            ],
            "file": "lunareclipse.watching:font/crash_sequence/42.png",
            "height": 160,
            "type": "bitmap"
        },  
        {
            "ascent": 70,
            "chars": [
                "\uBC43"
            ],
            "file": "lunareclipse.watching:font/crash_sequence/43.png",
            "height": 160,
            "type": "bitmap"
        },  
        {
            "ascent": 70,
            "chars": [
                "\uBC44"
            ],
            "file": "lunareclipse.watching:font/crash_sequence/44.png",
            "height": 160,
            "type": "bitmap"
        },  
        {
            "ascent": 70,
            "chars": [
                "\uBC45"
            ],
            "file": "lunareclipse.watching:font/crash_sequence/45.png",
            "height": 160,
            "type": "bitmap"
        },  
        {
            "ascent": 70,
            "chars": [
                "\uBC46"
            ],
            "file": "lunareclipse.watching:font/crash_sequence/46.png",
            "height": 160,
            "type": "bitmap"
        },  
        {
            "ascent": 70,
            "chars": [
                "\uBC47"
            ],
            "file": "lunareclipse.watching:font/crash_sequence/47.png",
            "height": 160,
            "type": "bitmap"
        },  
        {
            "ascent": 70,
            "chars": [
                "\uBC48"
            ],
            "file": "lunareclipse.watching:font/crash_sequence/48.png",
            "height": 160,
            "type": "bitmap"
        },  
        {
            "ascent": 70,
            "chars": [
                "\uBC49"
            ],
            "file": "lunareclipse.watching:font/crash_sequence/49.png",
            "height": 160,
            "type": "bitmap"
        },  
        {
            "ascent": 70,
            "chars": [
                "\uBC50"
            ],
            "file": "lunareclipse.watching:font/crash_sequence/50.png",
            "height": 160,
            "type": "bitmap"
        },  
        {
            "ascent": 70,
            "chars": [
                "\uBC51"
            ],
            "file": "lunareclipse.watching:font/crash_sequence/51.png",
            "height": 160,
            "type": "bitmap"
        },  
        {
            "ascent": 70,
            "chars": [
                "\uBC52"
            ],
            "file": "lunareclipse.watching:font/crash_sequence/52.png",
            "height": 160,
            "type": "bitmap"
        },  
        {
            "ascent": 70,
            "chars": [
                "\uBC53"
            ],
            "file": "lunareclipse.watching:font/crash_sequence/53.png",
            "height": 160,
            "type": "bitmap"
        },  
        {
            "ascent": 70,
            "chars": [
                "\uBC54"
            ],
            "file": "lunareclipse.watching:font/crash_sequence/54.png",
            "height": 160,
            "type": "bitmap"
        },  
        {
            "ascent": 70,
            "chars": [
                "\uBC55"
            ],
            "file": "lunareclipse.watching:font/crash_sequence/55.png",
            "height": 160,
            "type": "bitmap"
        },  
        {
            "ascent": 70,
            "chars": [
                "\uBC56"
            ],
            "file": "lunareclipse.watching:font/crash_sequence/56.png",
            "height": 160,
            "type": "bitmap"
        },  
        {
            "ascent": 70,
            "chars": [
                "\uBC57"
            ],
            "file": "lunareclipse.watching:font/crash_sequence/57.png",
            "height": 160,
            "type": "bitmap"
        },  
        {
            "ascent": 70,
            "chars": [
                "\uBC58"
            ],
            "file": "lunareclipse.watching:font/crash_sequence/58.png",
            "height": 160,
            "type": "bitmap"
        },  
        {
            "ascent": 70,
            "chars": [
                "\uBC59"
            ],
            "file": "lunareclipse.watching:font/crash_sequence/59.png",
            "height": 160,
            "type": "bitmap"
        },  
        {
            "ascent": 70,
            "chars": [
                "\uBC60"
            ],
            "file": "lunareclipse.watching:font/crash_sequence/60.png",
            "height": 160,
            "type": "bitmap"
        },  
        {
            "ascent": 70,
            "chars": [
                "\uBC61"
            ],
            "file": "lunareclipse.watching:font/crash_sequence/61.png",
            "height": 160,
            "type": "bitmap"
        },  
        {
            "ascent": 70,
            "chars": [
                "\uBC62"
            ],
            "file": "lunareclipse.watching:font/crash_sequence/62.png",
            "height": 160,
            "type": "bitmap"
        }
    ]
}