    {
        "providers": [
            {
                "type": "space",
                "advances": {
                    " ": 4,
                    "‌": 0
                }
            },
            {
                "type": "bitmap",
                "file": "minecraft:font/ascii.png",
                "ascent": 7,
                "height": 8,
                "chars": [
                    "\u0000\u0000\u0000\u0000\u0000\u0000\u0000\u0000\u0000\u0000\u0000\u0000\u0000\u0000\u0000\u0000",
                    "\u0000\u0000\u0000\u0000\u0000\u0000\u0000\u0000\u0000\u0000\u0000\u0000\u0000\u0000\u0000\u0000",
                    " !\"#$%&'()*+,-./",
                    "0123456789:;<=>?",
                    "@ABCDEFGHIJKLMNO",
                    "PQRSTUVWXYZ[\\]^_",
                    "`abcdefghijklmno",
                    "pqrstuvwxyz{|}~\u0000",
                    "\u0000\u0000\u0000\u0000\u0000\u0000\u0000\u0000\u0000\u0000\u0000\u0000\u0000\u0000\u0000\u0000",
                    "\u0000\u0000\u0000\u0000\u0000\u0000\u0000\u0000\u0000\u0000\u0000\u0000£\u0000\u0000ƒ",
                    "\u0000\u0000\u0000\u0000\u0000\u0000ªº\u0000\u0000¬\u0000\u0000\u0000«»",
                    "░▒▓│┤╡╢╖╕╣║╗╝╜╛┐",
                    "└┴┬├─┼╞╟╚╔╩╦╠═╬╧",
                    "╨╤╥╙╘╒╓╫╪┘┌█▄▌▐▀",
                    "\u0000\u0000\u0000\u0000\u0000\u0000\u0000\u0000\u0000\u0000\u0000\u0000\u0000∅∈\u0000",
                    "≡±≥≤⌠⌡÷≈°∙\u0000√ⁿ²■\u0000"
                ]
            },
            {
                "ascent": 8,
                "chars": [
                    "\uBC00"
                ],
                "file": "lunareclipse.watching:font/watching_ui/icons/skins/deselected.png",
                "height": 10,
                "type": "bitmap"
            },
            {
                "ascent": 8,
                "chars": [
                    "\uBC01"
                ],
                "file": "lunareclipse.watching:font/watching_ui/icons/skins/selected.png",
                "height": 10,
                "type": "bitmap"
            },
            {
                "ascent": -32768,
                "chars": [
                    "\uBC02"
                ],
                "file": "lunareclipse.watching:font/watching_ui/pixel_nosplit.png",
                "height": -12,
                "type": "bitmap"
            },
            {
                "ascent": 7,
                "chars": [
                    "\uBB01"
                ],
                "file": "lunareclipse.watching:font/watching_ui/icons/skins/default.png",
                "height": 8,
                "type": "bitmap"
            },
            {
                "ascent": 7,
                "chars": [
                    "\uBB02"
                ],
                "file": "lunareclipse.watching:font/watching_ui/icons/skins/classic.png",
                "height": 8,
                "type": "bitmap"
            },
            {
                "ascent": 7,
                "chars": [
                    "\uBB03"
                ],
                "file": "lunareclipse.watching:font/watching_ui/icons/skins/black_eyed.png",
                "height": 8,
                "type": "bitmap"
            },
            {
                "ascent": 7,
                "chars": [
                    "\uBB04"
                ],
                "file": "lunareclipse.watching:font/watching_ui/icons/skins/entity_303.png",
                "height": 8,
                "type": "bitmap"
            },
            {
                "ascent": 7,
                "chars": [
                    "\uBB05"
                ],
                "file": "lunareclipse.watching:font/watching_ui/icons/skins/glitch.png",
                "height": 8,
                "type": "bitmap"
            },
            {
                "ascent": 7,
                "chars": [
                    "\uBB06"
                ],
                "file": "lunareclipse.watching:font/watching_ui/icons/skins/null.png",
                "height": 8,
                "type": "bitmap"
            },
            {
                "ascent": 7,
                "chars": [
                    "\uBB07"
                ],
                "file": "lunareclipse.watching:font/watching_ui/icons/skins/lunar_eclipse.png",
                "height": 8,
                "type": "bitmap"
            },
            {
                "ascent": 7,
                "chars": [
                    "\uBB08"
                ],
                "file": "lunareclipse.watching:font/watching_ui/icons/skins/apparition.png",
                "height": 8,
                "type": "bitmap"
            },
            {
                "ascent": 7,
                "chars": [
                    "\uBB09"
                ],
                "file": "lunareclipse.watching:font/watching_ui/icons/skins/zombie.png",
                "height": 8,
                "type": "bitmap"
            },
            {
                "ascent": 7,
                "chars": [
                    "\uBB10"
                ],
                "file": "lunareclipse.watching:font/watching_ui/icons/skins/nullified.png",
                "height": 8,
                "type": "bitmap"
            },
            {
                "ascent": 7,
                "chars": [
                    "\uBB11"
                ],
                "file": "lunareclipse.watching:font/watching_ui/icons/skins/faceless.png",
                "height": 8,
                "type": "bitmap"
            },
            {
                "ascent": 7,
                "chars": [
                    "\uBB12"
                ],
                "file": "lunareclipse.watching:font/watching_ui/icons/skins/distorted.png",
                "height": 8,
                "type": "bitmap"
            },
            {
                "ascent": 7,
                "chars": [
                    "\uBB13"
                ],
                "file": "lunareclipse.watching:font/watching_ui/icons/skins/alex.png",
                "height": 8,
                "type": "bitmap"
            },
            {
                "ascent": 7,
                "chars": [
                    "\uBB14"
                ],
                "file": "lunareclipse.watching:font/watching_ui/icons/skins/lick.png",
                "height": 8,
                "type": "bitmap"
            },
            {
                "ascent": 7,
                "chars": [
                    "\uBB15"
                ],
                "file": "lunareclipse.watching:font/watching_ui/icons/skins/fallen_kingdom.png",
                "height": 8,
                "type": "bitmap"
            },
            {
                "ascent": 7,
                "chars": [
                    "\uBB16"
                ],
                "file": "lunareclipse.watching:font/watching_ui/icons/skins/sculk_infested.png",
                "height": 8,
                "type": "bitmap"
            },
            {
                "ascent": 7,
                "chars": [
                    "\uBB17"
                ],
                "file": "lunareclipse.watching:font/watching_ui/icons/skins/netherbrine.png",
                "height": 8,
                "type": "bitmap"
            },
            {
                "ascent": 7,
                "chars": [
                    "\uBB18"
                ],
                "file": "lunareclipse.watching:font/watching_ui/icons/skins/farlander.png",
                "height": 8,
                "type": "bitmap"
            },
            {
                "ascent": 7,
                "chars": [
                    "\uBB19"
                ],
                "file": "lunareclipse.watching:font/watching_ui/icons/skins/the_headless.png",
                "height": 8,
                "type": "bitmap"
            },
            {
                "ascent": 7,
                "chars": [
                    "\uBB20"
                ],
                "file": "lunareclipse.watching:font/watching_ui/icons/skins/lumbering_jack.png",
                "height": 8,
                "type": "bitmap"
            },
            {
                "ascent": 7,
                "chars": [
                    "\uBB21"
                ],
                "file": "lunareclipse.watching:font/watching_ui/icons/skins/smile.png",
                "height": 8,
                "type": "bitmap"
            },
            {
                "ascent": 7,
                "chars": [
                    "\uBB22"
                ],
                "file": "lunareclipse.watching:font/watching_ui/icons/skins/grimreaper.png",
                "height": 8,
                "type": "bitmap"
            },
            {
                "ascent": 7,
                "chars": [
                    "\uBB23"
                ],
                "file": "lunareclipse.watching:font/watching_ui/icons/skins/white_eyes_classic.png",
                "height": 8,
                "type": "bitmap"
            },
            {
                "ascent": 7,
                "chars": [
                    "\uBB24"
                ],
                "file": "lunareclipse.watching:font/watching_ui/icons/skins/white_pumpkin.png",
                "height": 8,
                "type": "bitmap"
            },
            {
                "ascent": 7,
                "chars": [
                    "\uBB25"
                ],
                "file": "lunareclipse.watching:font/watching_ui/icons/skins/lonely.png",
                "height": 8,
                "type": "bitmap"
            },
            {
                "ascent": 7,
                "chars": [
                    "\uBB26"
                ],
                "file": "lunareclipse.watching:font/watching_ui/icons/skins/roseate.png",
                "height": 8,
                "type": "bitmap"
            },

            {
                "ascent": 7,
                "chars": [
                    "\uBB91"
                ],
                "file": "lunareclipse.watching:font/watching_ui/icons/skins/custom/1.png",
                "height": 8,
                "type": "bitmap"
            },
            {
                "ascent": 7,
                "chars": [
                    "\uBB92"
                ],
                "file": "lunareclipse.watching:font/watching_ui/icons/skins/custom/2.png",
                "height": 8,
                "type": "bitmap"
            },
            {
                "ascent": 7,
                "chars": [
                    "\uBB93"
                ],
                "file": "lunareclipse.watching:font/watching_ui/icons/skins/custom/3.png",
                "height": 8,
                "type": "bitmap"
            },
            {
                "ascent": 7,
                "chars": [
                    "\uBB94"
                ],
                "file": "lunareclipse.watching:font/watching_ui/icons/skins/custom/4.png",
                "height": 8,
                "type": "bitmap"
            },
            {
                "ascent": 7,
                "chars": [
                    "\uBB95"
                ],
                "file": "lunareclipse.watching:font/watching_ui/icons/skins/custom/5.png",
                "height": 8,
                "type": "bitmap"
            },
            {
                "ascent": 7,
                "chars": [
                    "\uBB96"
                ],
                "file": "lunareclipse.watching:font/watching_ui/icons/skins/custom/6.png",
                "height": 8,
                "type": "bitmap"
            },
            {
                "ascent": 7,
                "chars": [
                    "\uBB97"
                ],
                "file": "lunareclipse.watching:font/watching_ui/icons/skins/custom/7.png",
                "height": 8,
                "type": "bitmap"
            },
            {
                "ascent": 7,
                "chars": [
                    "\uBB98"
                ],
                "file": "lunareclipse.watching:font/watching_ui/icons/skins/custom/8.png",
                "height": 8,
                "type": "bitmap"
            },
            {
                "ascent": 7,
                "chars": [
                    "\uBB99"
                ],
                "file": "lunareclipse.watching:font/watching_ui/icons/skins/custom/9.png",
                "height": 8,
                "type": "bitmap"
            }
        ]
    }