{
	"credit": "Made with Blockbench",
	"texture_size": [32, 32],
	"textures": {
		"0": "lunareclipse.architect:item/decorations/cup",
		"particle": "lunareclipse.architect:item/decorations/cup"
	},
	"elements": [
		{
			"from": [14.1, 0, 2.3],
			"to": [15.1, 7, 5.3],
			"rotation": {"angle": -22.5, "axis": "y", "origin": [9, 1, 1]},
			"faces": {
				"north": {"uv": [8, 7, 8.5, 10.5], "texture": "#0"},
				"east": {"uv": [0.5, 12.5, 2, 16], "texture": "#0"},
				"south": {"uv": [8, 3.5, 8.5, 7], "texture": "#0"},
				"west": {"uv": [0.5, 12.5, 2, 16], "texture": "#0"},
				"up": {"uv": [2, 13, 0.5, 12.5], "rotation": 90, "texture": "#0"},
				"down": {"uv": [4.5, 15.5, 3, 16], "rotation": 270, "texture": "#0"}
			}
		},
		{
			"from": [11.1, 0, 2.3],
			"to": [14.1, 1, 5.3],
			"rotation": {"angle": -22.5, "axis": "y", "origin": [9, 1, 1]},
			"faces": {
				"north": {"uv": [0, 0, 1.5, 0.5], "texture": "#0"},
				"east": {"uv": [0, 0, 1.5, 0.5], "texture": "#0"},
				"south": {"uv": [0, 0, 1.5, 0.5], "texture": "#0"},
				"west": {"uv": [0, 0, 1.5, 0.5], "texture": "#0"},
				"up": {"uv": [3, 14, 4.5, 15.5], "rotation": 90, "texture": "#0"},
				"down": {"uv": [3, 14, 4.5, 15.5], "rotation": 270, "texture": "#0"}
			}
		},
		{
			"from": [10.1, 0, 1.3],
			"to": [15.1, 7, 2.3],
			"rotation": {"angle": -22.5, "axis": "y", "origin": [9, 1, 1]},
			"faces": {
				"north": {"uv": [0, 12.5, 2.5, 16], "texture": "#0"},
				"east": {"uv": [2, 12.5, 2.5, 16], "texture": "#0"},
				"south": {"uv": [0, 12.5, 2.5, 16], "texture": "#0"},
				"west": {"uv": [0, 12.5, 0.5, 16], "texture": "#0"},
				"up": {"uv": [2.5, 13, 0, 12.5], "rotation": 180, "texture": "#0"},
				"down": {"uv": [3, 13.5, 2.5, 16], "rotation": 270, "texture": "#0"}
			}
		},
		{
			"from": [10.1, 0, 5.3],
			"to": [15.1, 7, 6.3],
			"rotation": {"angle": -22.5, "axis": "y", "origin": [9, 1, 1]},
			"faces": {
				"north": {"uv": [0, 12.5, 2.5, 16], "texture": "#0"},
				"east": {"uv": [0, 12.5, 0.5, 16], "texture": "#0"},
				"south": {"uv": [0, 12.5, 2.5, 16], "texture": "#0"},
				"west": {"uv": [2, 12.5, 2.5, 16], "texture": "#0"},
				"up": {"uv": [2.5, 13, 0, 12.5], "rotation": 180, "texture": "#0"},
				"down": {"uv": [5, 13.5, 4.5, 16], "rotation": 270, "texture": "#0"}
			}
		},
		{
			"from": [10.1, 0, 2.3],
			"to": [11.1, 7, 5.3],
			"rotation": {"angle": -22.5, "axis": "y", "origin": [9, 1, 1]},
			"faces": {
				"north": {"uv": [4.5, 7, 5, 10.5], "texture": "#0"},
				"east": {"uv": [0.5, 12.5, 2, 16], "texture": "#0"},
				"south": {"uv": [4, 7, 4.5, 10.5], "texture": "#0"},
				"west": {"uv": [0.5, 12.5, 2, 16], "texture": "#0"},
				"up": {"uv": [2, 13, 0.5, 12.5], "rotation": 90, "texture": "#0"},
				"down": {"uv": [4.5, 13.5, 3, 14], "rotation": 270, "texture": "#0"}
			}
		},
		{
			"from": [15.1, 0.5, 3.3],
			"to": [17.1, 1.5, 4.3],
			"rotation": {"angle": -22.5, "axis": "y", "origin": [9, 1, 1]},
			"faces": {
				"north": {"uv": [5, 15.5, 6, 16], "texture": "#0"},
				"east": {"uv": [5, 15.5, 5.5, 16], "texture": "#0"},
				"south": {"uv": [6, 15.5, 5, 16], "texture": "#0"},
				"west": {"uv": [9.5, 5.5, 10, 6], "texture": "#0"},
				"up": {"uv": [5.5, 16, 5, 15], "rotation": 90, "texture": "#0"},
				"down": {"uv": [5.5, 15, 5, 16], "rotation": 270, "texture": "#0"}
			}
		},
		{
			"from": [15.1, 5.5, 3.3],
			"to": [17.1, 6.5, 4.3],
			"rotation": {"angle": -22.5, "axis": "y", "origin": [9, 1, 1]},
			"faces": {
				"north": {"uv": [5, 13, 6, 13.5], "texture": "#0"},
				"east": {"uv": [5, 13, 5.5, 13.5], "texture": "#0"},
				"south": {"uv": [6, 13, 5, 13.5], "texture": "#0"},
				"west": {"uv": [9.5, 5.5, 10, 6], "texture": "#0"},
				"up": {"uv": [5, 13.5, 6, 13], "rotation": 180, "texture": "#0"},
				"down": {"uv": [6, 13, 5, 13.5], "texture": "#0"}
			}
		},
		{
			"from": [16.1, 1.5, 3.3],
			"to": [17.1, 5.5, 4.3],
			"rotation": {"angle": -22.5, "axis": "y", "origin": [9, 1, 1]},
			"faces": {
				"north": {"uv": [5, 13.5, 5.5, 15.5], "texture": "#0"},
				"east": {"uv": [5, 13.5, 5.5, 15.5], "texture": "#0"},
				"south": {"uv": [5, 13.5, 5.5, 15.5], "texture": "#0"},
				"west": {"uv": [5, 13.5, 5.5, 15.5], "texture": "#0"},
				"up": {"uv": [10, 4.5, 9.5, 4], "rotation": 90, "texture": "#0"},
				"down": {"uv": [10, 4.5, 9.5, 5], "rotation": 270, "texture": "#0"}
			}
		},
		{
			"from": [10, 4.9, 6.4],
			"to": [15.2, 6.1, 6.4],
			"rotation": {"angle": -22.5, "axis": "y", "origin": [9, 1, 1]},
			"faces": {
				"north": {"uv": [2.5, 12.5, 5, 13], "texture": "#0"},
				"east": {"uv": [2.5, 13, 5, 13.5], "texture": "#0"},
				"south": {"uv": [2.5, 12.5, 5, 13], "texture": "#0"},
				"west": {"uv": [2.5, 13, 5, 13.5], "texture": "#0"},
				"up": {"uv": [7.5, 2.5, 5, 0], "rotation": 90, "texture": "#0"},
				"down": {"uv": [7.5, 2.5, 5, 5], "rotation": 270, "texture": "#0"}
			}
		},
		{
			"from": [10, 4.9, 1.2],
			"to": [15.2, 6.1, 1.2],
			"rotation": {"angle": -22.5, "axis": "y", "origin": [9, 1, 1]},
			"faces": {
				"north": {"uv": [2.5, 13, 5, 13.5], "texture": "#0"},
				"east": {"uv": [2.5, 13, 5, 13.5], "texture": "#0"},
				"south": {"uv": [2.5, 12.5, 5, 13], "texture": "#0"},
				"west": {"uv": [2.5, 13, 5, 13.5], "texture": "#0"},
				"up": {"uv": [7.5, 2.5, 5, 0], "rotation": 90, "texture": "#0"},
				"down": {"uv": [7.5, 2.5, 5, 5], "rotation": 270, "texture": "#0"}
			}
		},
		{
			"from": [10, 4.9, 1.2],
			"to": [10, 6.1, 6.4],
			"rotation": {"angle": -22.5, "axis": "y", "origin": [9, 1, 1]},
			"faces": {
				"north": {"uv": [2.5, 12.5, 5, 13], "texture": "#0"},
				"east": {"uv": [5, 13, 2.5, 13.5], "texture": "#0"},
				"south": {"uv": [2.5, 12.5, 5, 13], "texture": "#0"},
				"west": {"uv": [2.5, 13, 5, 13.5], "texture": "#0"},
				"up": {"uv": [7.5, 2.5, 5, 0], "rotation": 90, "texture": "#0"},
				"down": {"uv": [7.5, 2.5, 5, 5], "rotation": 270, "texture": "#0"}
			}
		},
		{
			"from": [15.2, 4.9, 1.2],
			"to": [15.2, 6.1, 6.4],
			"rotation": {"angle": -22.5, "axis": "y", "origin": [9, 1, 1]},
			"faces": {
				"north": {"uv": [2.5, 12.5, 5, 13], "texture": "#0"},
				"east": {"uv": [5, 12.5, 2.5, 13], "texture": "#0"},
				"south": {"uv": [2.5, 12.5, 5, 13], "texture": "#0"},
				"west": {"uv": [2.5, 13, 5, 13.5], "texture": "#0"},
				"up": {"uv": [7.5, 2.5, 5, 0], "rotation": 90, "texture": "#0"},
				"down": {"uv": [7.5, 2.5, 5, 5], "rotation": 270, "texture": "#0"}
			}
		},
		{
			"from": [10, 0.9, 6.4],
			"to": [15.2, 2.1, 6.4],
			"rotation": {"angle": -22.5, "axis": "y", "origin": [9, 1, 1]},
			"faces": {
				"north": {"uv": [2.5, 12.5, 5, 13], "texture": "#0"},
				"east": {"uv": [2.5, 13, 5, 13.5], "texture": "#0"},
				"south": {"uv": [2.5, 13, 5, 13.5], "texture": "#0"},
				"west": {"uv": [2.5, 13, 5, 13.5], "texture": "#0"},
				"up": {"uv": [7.5, 2.5, 5, 0], "rotation": 90, "texture": "#0"},
				"down": {"uv": [7.5, 2.5, 5, 5], "rotation": 270, "texture": "#0"}
			}
		},
		{
			"from": [10, 0.9, 1.2],
			"to": [15.2, 2.1, 1.2],
			"rotation": {"angle": -22.5, "axis": "y", "origin": [9, 1, 1]},
			"faces": {
				"north": {"uv": [2.5, 12.5, 5, 13], "texture": "#0"},
				"east": {"uv": [2.5, 13, 5, 13.5], "texture": "#0"},
				"south": {"uv": [2.5, 12.5, 5, 13], "texture": "#0"},
				"west": {"uv": [2.5, 13, 5, 13.5], "texture": "#0"},
				"up": {"uv": [7.5, 2.5, 5, 0], "rotation": 90, "texture": "#0"},
				"down": {"uv": [7.5, 2.5, 5, 5], "rotation": 270, "texture": "#0"}
			}
		},
		{
			"from": [10, 0.9, 1.2],
			"to": [10, 2.1, 6.4],
			"rotation": {"angle": -22.5, "axis": "y", "origin": [9, 1, 1]},
			"faces": {
				"north": {"uv": [2.5, 12.5, 5, 13], "texture": "#0"},
				"east": {"uv": [5, 13, 2.5, 13.5], "texture": "#0"},
				"south": {"uv": [2.5, 12.5, 5, 13], "texture": "#0"},
				"west": {"uv": [2.5, 12.5, 5, 13], "texture": "#0"},
				"up": {"uv": [7.5, 2.5, 5, 0], "rotation": 90, "texture": "#0"},
				"down": {"uv": [7.5, 2.5, 5, 5], "rotation": 270, "texture": "#0"}
			}
		},
		{
			"from": [15.2, 0.9, 1.2],
			"to": [15.2, 2.1, 6.4],
			"rotation": {"angle": -22.5, "axis": "y", "origin": [9, 1, 1]},
			"faces": {
				"north": {"uv": [2.5, 12.5, 5, 13], "texture": "#0"},
				"east": {"uv": [5, 13, 2.5, 13.5], "texture": "#0"},
				"south": {"uv": [2.5, 12.5, 5, 13], "texture": "#0"},
				"west": {"uv": [2.5, 13, 5, 13.5], "texture": "#0"},
				"up": {"uv": [7.5, 2.5, 5, 0], "rotation": 90, "texture": "#0"},
				"down": {"uv": [7.5, 2.5, 5, 5], "rotation": 270, "texture": "#0"}
			}
		},
		{
			"from": [7.19048, 0, 9.73733],
			"to": [8.19048, 7, 12.73733],
			"rotation": {"angle": 22.5, "axis": "y", "origin": [9, 1, 12]},
			"faces": {
				"north": {"uv": [8, 7, 8.5, 10.5], "texture": "#0"},
				"east": {"uv": [0.5, 12.5, 2, 16], "texture": "#0"},
				"south": {"uv": [8, 3.5, 8.5, 7], "texture": "#0"},
				"west": {"uv": [0.5, 12.5, 2, 16], "texture": "#0"},
				"up": {"uv": [2, 13, 0.5, 12.5], "rotation": 90, "texture": "#0"},
				"down": {"uv": [4.5, 15.5, 3, 16], "rotation": 270, "texture": "#0"}
			}
		},
		{
			"from": [4.19048, 0, 9.73733],
			"to": [7.19048, 1, 12.73733],
			"rotation": {"angle": 22.5, "axis": "y", "origin": [9, 1, 12]},
			"faces": {
				"north": {"uv": [0, 0, 1.5, 0.5], "texture": "#0"},
				"east": {"uv": [0, 0, 1.5, 0.5], "texture": "#0"},
				"south": {"uv": [0, 0, 1.5, 0.5], "texture": "#0"},
				"west": {"uv": [0, 0, 1.5, 0.5], "texture": "#0"},
				"up": {"uv": [3, 14, 4.5, 15.5], "rotation": 90, "texture": "#0"},
				"down": {"uv": [3, 14, 4.5, 15.5], "rotation": 270, "texture": "#0"}
			}
		},
		{
			"from": [3.19048, 0, 8.73733],
			"to": [8.19048, 7, 9.73733],
			"rotation": {"angle": 22.5, "axis": "y", "origin": [9, 1, 12]},
			"faces": {
				"north": {"uv": [0, 12.5, 2.5, 16], "texture": "#0"},
				"east": {"uv": [2, 12.5, 2.5, 16], "texture": "#0"},
				"south": {"uv": [0, 12.5, 2.5, 16], "texture": "#0"},
				"west": {"uv": [0, 12.5, 0.5, 16], "texture": "#0"},
				"up": {"uv": [2.5, 13, 0, 12.5], "rotation": 180, "texture": "#0"},
				"down": {"uv": [3, 13.5, 2.5, 16], "rotation": 270, "texture": "#0"}
			}
		},
		{
			"from": [3.19048, 0, 12.73733],
			"to": [8.19048, 7, 13.73733],
			"rotation": {"angle": 22.5, "axis": "y", "origin": [9, 1, 12]},
			"faces": {
				"north": {"uv": [0, 12.5, 2.5, 16], "texture": "#0"},
				"east": {"uv": [0, 12.5, 0.5, 16], "texture": "#0"},
				"south": {"uv": [0, 12.5, 2.5, 16], "texture": "#0"},
				"west": {"uv": [2, 12.5, 2.5, 16], "texture": "#0"},
				"up": {"uv": [2.5, 13, 0, 12.5], "rotation": 180, "texture": "#0"},
				"down": {"uv": [5, 13.5, 4.5, 16], "rotation": 270, "texture": "#0"}
			}
		},
		{
			"from": [3.19048, 0, 9.73733],
			"to": [4.19048, 7, 12.73733],
			"rotation": {"angle": 22.5, "axis": "y", "origin": [9, 1, 12]},
			"faces": {
				"north": {"uv": [4.5, 7, 5, 10.5], "texture": "#0"},
				"east": {"uv": [0.5, 12.5, 2, 16], "texture": "#0"},
				"south": {"uv": [4, 7, 4.5, 10.5], "texture": "#0"},
				"west": {"uv": [0.5, 12.5, 2, 16], "texture": "#0"},
				"up": {"uv": [2, 13, 0.5, 12.5], "rotation": 90, "texture": "#0"},
				"down": {"uv": [4.5, 13.5, 3, 14], "rotation": 270, "texture": "#0"}
			}
		},
		{
			"from": [8.19048, 0.5, 10.73733],
			"to": [10.19048, 1.5, 11.73733],
			"rotation": {"angle": 22.5, "axis": "y", "origin": [9, 1, 12]},
			"faces": {
				"north": {"uv": [5, 15.5, 6, 16], "texture": "#0"},
				"east": {"uv": [5, 15.5, 5.5, 16], "texture": "#0"},
				"south": {"uv": [6, 15.5, 5, 16], "texture": "#0"},
				"west": {"uv": [9.5, 5.5, 10, 6], "texture": "#0"},
				"up": {"uv": [5.5, 16, 5, 15], "rotation": 90, "texture": "#0"},
				"down": {"uv": [5.5, 15, 5, 16], "rotation": 270, "texture": "#0"}
			}
		},
		{
			"from": [8.19048, 5.5, 10.73733],
			"to": [10.19048, 6.5, 11.73733],
			"rotation": {"angle": 22.5, "axis": "y", "origin": [9, 1, 12]},
			"faces": {
				"north": {"uv": [5, 13, 6, 13.5], "texture": "#0"},
				"east": {"uv": [5, 13, 5.5, 13.5], "texture": "#0"},
				"south": {"uv": [6, 13, 5, 13.5], "texture": "#0"},
				"west": {"uv": [9.5, 5.5, 10, 6], "texture": "#0"},
				"up": {"uv": [5, 13.5, 6, 13], "rotation": 180, "texture": "#0"},
				"down": {"uv": [6, 13, 5, 13.5], "texture": "#0"}
			}
		},
		{
			"from": [9.19048, 1.5, 10.73733],
			"to": [10.19048, 5.5, 11.73733],
			"rotation": {"angle": 22.5, "axis": "y", "origin": [9, 1, 12]},
			"faces": {
				"north": {"uv": [5, 13.5, 5.5, 15.5], "texture": "#0"},
				"east": {"uv": [5, 13.5, 5.5, 15.5], "texture": "#0"},
				"south": {"uv": [5, 13.5, 5.5, 15.5], "texture": "#0"},
				"west": {"uv": [5, 13.5, 5.5, 15.5], "texture": "#0"},
				"up": {"uv": [10, 4.5, 9.5, 4], "rotation": 90, "texture": "#0"},
				"down": {"uv": [10, 4.5, 9.5, 5], "rotation": 270, "texture": "#0"}
			}
		},
		{
			"from": [3.09048, 4.9, 13.83733],
			"to": [8.29048, 6.1, 13.83733],
			"rotation": {"angle": 22.5, "axis": "y", "origin": [9, 1, 12]},
			"faces": {
				"north": {"uv": [2.5, 12.5, 5, 13], "texture": "#0"},
				"east": {"uv": [2.5, 13, 5, 13.5], "texture": "#0"},
				"south": {"uv": [2.5, 12.5, 5, 13], "texture": "#0"},
				"west": {"uv": [2.5, 13, 5, 13.5], "texture": "#0"},
				"up": {"uv": [7.5, 2.5, 5, 0], "rotation": 90, "texture": "#0"},
				"down": {"uv": [7.5, 2.5, 5, 5], "rotation": 270, "texture": "#0"}
			}
		},
		{
			"from": [3.09048, 4.9, 8.63733],
			"to": [8.29048, 6.1, 8.63733],
			"rotation": {"angle": 22.5, "axis": "y", "origin": [9, 1, 12]},
			"faces": {
				"north": {"uv": [2.5, 13, 5, 13.5], "texture": "#0"},
				"east": {"uv": [2.5, 13, 5, 13.5], "texture": "#0"},
				"south": {"uv": [2.5, 12.5, 5, 13], "texture": "#0"},
				"west": {"uv": [2.5, 13, 5, 13.5], "texture": "#0"},
				"up": {"uv": [7.5, 2.5, 5, 0], "rotation": 90, "texture": "#0"},
				"down": {"uv": [7.5, 2.5, 5, 5], "rotation": 270, "texture": "#0"}
			}
		},
		{
			"from": [3.09048, 4.9, 8.63733],
			"to": [3.09048, 6.1, 13.83733],
			"rotation": {"angle": 22.5, "axis": "y", "origin": [9, 1, 12]},
			"faces": {
				"north": {"uv": [2.5, 12.5, 5, 13], "texture": "#0"},
				"east": {"uv": [5, 13, 2.5, 13.5], "texture": "#0"},
				"south": {"uv": [2.5, 12.5, 5, 13], "texture": "#0"},
				"west": {"uv": [2.5, 13, 5, 13.5], "texture": "#0"},
				"up": {"uv": [7.5, 2.5, 5, 0], "rotation": 90, "texture": "#0"},
				"down": {"uv": [7.5, 2.5, 5, 5], "rotation": 270, "texture": "#0"}
			}
		},
		{
			"from": [8.29048, 4.9, 8.63733],
			"to": [8.29048, 6.1, 13.83733],
			"rotation": {"angle": 22.5, "axis": "y", "origin": [9, 1, 12]},
			"faces": {
				"north": {"uv": [2.5, 12.5, 5, 13], "texture": "#0"},
				"east": {"uv": [5, 12.5, 2.5, 13], "texture": "#0"},
				"south": {"uv": [2.5, 12.5, 5, 13], "texture": "#0"},
				"west": {"uv": [2.5, 13, 5, 13.5], "texture": "#0"},
				"up": {"uv": [7.5, 2.5, 5, 0], "rotation": 90, "texture": "#0"},
				"down": {"uv": [7.5, 2.5, 5, 5], "rotation": 270, "texture": "#0"}
			}
		},
		{
			"from": [3.09048, 0.9, 13.83733],
			"to": [8.29048, 2.1, 13.83733],
			"rotation": {"angle": 22.5, "axis": "y", "origin": [9, 1, 12]},
			"faces": {
				"north": {"uv": [2.5, 12.5, 5, 13], "texture": "#0"},
				"east": {"uv": [2.5, 13, 5, 13.5], "texture": "#0"},
				"south": {"uv": [2.5, 13, 5, 13.5], "texture": "#0"},
				"west": {"uv": [2.5, 13, 5, 13.5], "texture": "#0"},
				"up": {"uv": [7.5, 2.5, 5, 0], "rotation": 90, "texture": "#0"},
				"down": {"uv": [7.5, 2.5, 5, 5], "rotation": 270, "texture": "#0"}
			}
		},
		{
			"from": [3.09048, 0.9, 8.63733],
			"to": [8.29048, 2.1, 8.63733],
			"rotation": {"angle": 22.5, "axis": "y", "origin": [9, 1, 12]},
			"faces": {
				"north": {"uv": [2.5, 12.5, 5, 13], "texture": "#0"},
				"east": {"uv": [2.5, 13, 5, 13.5], "texture": "#0"},
				"south": {"uv": [2.5, 12.5, 5, 13], "texture": "#0"},
				"west": {"uv": [2.5, 13, 5, 13.5], "texture": "#0"},
				"up": {"uv": [7.5, 2.5, 5, 0], "rotation": 90, "texture": "#0"},
				"down": {"uv": [7.5, 2.5, 5, 5], "rotation": 270, "texture": "#0"}
			}
		},
		{
			"from": [3.09048, 0.9, 8.63733],
			"to": [3.09048, 2.1, 13.83733],
			"rotation": {"angle": 22.5, "axis": "y", "origin": [9, 1, 12]},
			"faces": {
				"north": {"uv": [2.5, 12.5, 5, 13], "texture": "#0"},
				"east": {"uv": [5, 13, 2.5, 13.5], "texture": "#0"},
				"south": {"uv": [2.5, 12.5, 5, 13], "texture": "#0"},
				"west": {"uv": [2.5, 12.5, 5, 13], "texture": "#0"},
				"up": {"uv": [7.5, 2.5, 5, 0], "rotation": 90, "texture": "#0"},
				"down": {"uv": [7.5, 2.5, 5, 5], "rotation": 270, "texture": "#0"}
			}
		},
		{
			"from": [8.29048, 0.9, 8.63733],
			"to": [8.29048, 2.1, 13.83733],
			"rotation": {"angle": 22.5, "axis": "y", "origin": [9, 1, 12]},
			"faces": {
				"north": {"uv": [2.5, 12.5, 5, 13], "texture": "#0"},
				"east": {"uv": [5, 13, 2.5, 13.5], "texture": "#0"},
				"south": {"uv": [2.5, 12.5, 5, 13], "texture": "#0"},
				"west": {"uv": [2.5, 13, 5, 13.5], "texture": "#0"},
				"up": {"uv": [7.5, 2.5, 5, 0], "rotation": 90, "texture": "#0"},
				"down": {"uv": [7.5, 2.5, 5, 5], "rotation": 270, "texture": "#0"}
			}
		}
	],
	"display": {
		"thirdperson_righthand": {
			"rotation": [-1, -180, 0],
			"translation": [0, 2.5, -2.25]
		},
		"thirdperson_lefthand": {
			"rotation": [1, -180, 0],
			"translation": [0, 2.5, -2.25]
		},
		"firstperson_righthand": {
			"rotation": [0, -161.5, -5.25],
			"translation": [0.75, 7.5, 0.75]
		},
		"firstperson_lefthand": {
			"rotation": [0, -161.5, -5.25],
			"translation": [0.75, 7.5, 0.75]
		},
		"gui": {
			"rotation": [21, 68, 5],
			"translation": [-0.75, 4, 0],
			"scale": [1.2, 1.2, 1.2]
		},
		"fixed": {
			"rotation": [-90, 0, 0],
			"translation": [0, 0, -15.5],
			"scale": [2, 2, 2]
		}
	},
	"groups": [
		{
			"name": "group",
			"origin": [0, 0, 0],
			"color": 0,
			"children": [
				{
					"name": "group",
					"origin": [13, 9, 16],
					"color": 0,
					"children": [0, 1, 2, 3, 4, 5, 6, 7]
				},
				{
					"name": "group",
					"origin": [0, 0, 0],
					"color": 0,
					"children": [8, 9, 10, 11]
				},
				{
					"name": "group",
					"origin": [0, 0, 0],
					"color": 0,
					"children": [12, 13, 14, 15]
				}
			]
		},
		{
			"name": "group",
			"origin": [0, 0, 0],
			"color": 0,
			"children": [
				{
					"name": "group",
					"origin": [13, 9, 16],
					"color": 0,
					"children": [16, 17, 18, 19, 20, 21, 22, 23]
				},
				{
					"name": "group",
					"origin": [0, 0, 0],
					"color": 0,
					"children": [24, 25, 26, 27]
				},
				{
					"name": "group",
					"origin": [0, 0, 0],
					"color": 0,
					"children": [28, 29, 30, 31]
				}
			]
		}
	]
}